sim,p,method,univ_mean_rho,univ_share_neg,true_mean_rho,true_mean_abs_rho,true_lambda0,true_pi0,true_eff_factors,true_logdet,in_mean_rho,in_mean_abs_rho,in_lambda0,in_pi0,in_eff_factors,in_logdet
0,10,Paper (published),0.015213577763107545,0.47036472945891783,-0.0014513662896312358,0.054255846336350416,1.3286059200874847,0.13286059200874853,9.609477564042718,-0.22273478521087153,0.0010997840788355149,0.0518572866935653,1.2602736165049668,0.1260273616504966,9.640433702285018,-0.2092077366591049
0,10,Paper + swap,0.015213577763107545,0.47036472945891783,-0.0014513662896312358,0.054255846336350416,1.3286059200874847,0.13286059200874853,9.609477564042718,-0.22273478521087153,0.0010997840788355149,0.0518572866935653,1.2602736165049668,0.1260273616504966,9.640433702285018,-0.2092077366591049
0,10,Max diversity |rho|,0.015213577763107545,0.47036472945891783,0.007317760111413574,0.03975842580163753,1.1933499529262785,0.11933499529262784,9.780724271710191,-0.11969209428331555,0.01059361412280297,0.03659701136508237,1.1980190327427562,0.11980190327427562,9.810952250303252,-0.09909841665875395
0,10,Max diversity rho,0.015213577763107545,0.47036472945891783,-0.09606780411002713,0.2202729280078356,2.9076263055099494,0.29076263055099494,6.090101870010108,-3.5720697703227042,-0.09754897022726652,0.23752630487310497,3.148034709754116,0.3148034709754116,5.713101969510287,-3.9673905220785244
0,10,Log-det,0.015213577763107545,0.47036472945891783,-0.01306419188611906,0.05204810392849421,1.3609191018389464,0.13609191018389466,9.64949589276264,-0.1833116091419495,-0.011289722832212723,0.04600475655447462,1.3242401416250806,0.1324240141625081,9.705743482948568,-0.15493200804351948
0,10,Random,0.015213577763107545,0.47036472945891783,-0.0010558873470262026,0.16146579657775656,2.530866121824026,0.25308661218240264,7.263989216000851,-1.6160535176338,0.00610451110662004,0.17281248269252403,2.6798656384067683,0.2679865638406768,6.991424973725077,-1.777200984753086
0,20,Paper (published),0.015213577763107545,0.47036472945891783,0.002399342345899012,0.08367250348707696,1.7137780330684116,0.08568890165342061,16.496505643192798,-2.630367776184441,0.003802700410567105,0.08157978353110296,1.7033624129321887,0.08516812064660943,16.506234185962455,-2.624111171703544
0,20,Paper + swap,0.015213577763107545,0.47036472945891783,0.0068725358800651405,0.0852554446727663,1.7225639660550778,0.0861281983027539,16.312365604737835,-2.91004468059016,0.006108560892903472,0.08627893055561707,1.6541761879493881,0.08270880939746941,16.182903376283015,-3.063960117866614
0,20,Max diversity |rho|,0.015213577763107545,0.47036472945891783,-0.0003845675902944554,0.07329653510486453,1.7999529326791246,0.08999764663395625,16.666311283517057,-2.376337910666248,0.00016503757087778836,0.07185713314608894,1.910981970158858,0.09554909850794288,16.500996279166817,-2.4868531776417306
0,20,Max diversity rho,0.015213577763107545,0.47036472945891783,-0.047406700723121,0.19926394514208118,4.594888844470312,0.22974444222351545,9.368571845568008,-10.304887577716183,-0.048325671508151744,0.2117388313127771,4.92203745408591,0.24610187270429557,8.791444057080051,-11.227651782424259
0,20,Log-det,0.015213577763107545,0.47036472945891783,0.008203398899760864,0.08373317376812954,2.0690165217167764,0.1034508260858388,16.561156758212505,-2.1512579116578388,0.006599587414549718,0.08543953457581624,2.0104975467219366,0.10052487733609687,16.626525959870143,-2.103302964815235
0,20,Random,0.015213577763107545,0.47036472945891783,0.010685292823529513,0.1947307282492702,4.657266180439974,0.23286330902199862,9.530209473478438,-9.093411617152054,0.0073260525151058265,0.20576678445160654,4.953476592367657,0.24767382961838297,9.010667247435332,-9.647161130692652
0,50,Paper (published),0.015213577763107545,0.47036472945891783,0.005329273209985475,0.1076167177525735,3.091243823837463,0.06182487647674926,26.059971971028617,-28.90866703655854,0.003429917934388892,0.10777367706215017,2.920702852810979,0.05841405705621959,25.924415572358065,-29.826396088698196
0,50,Paper + swap,0.015213577763107545,0.47036472945891783,0.00894924934805486,0.1070024280902063,3.068023453028825,0.061360469060576496,26.017733653232675,-28.55136626574122,0.006853722844274629,0.10750913389098718,2.8670552116192636,0.05734110423238529,25.886375266235472,-29.240304216197952
0,50,Max diversity |rho|,0.015213577763107545,0.47036472945891783,0.010295478325375152,0.09769248467502395,3.0828830051658045,0.061657660103316074,27.54933404365273,-22.979498617278114,0.010596348038637161,0.0989652988818547,3.1067828886397755,0.0621356577727955,27.406597737249413,-23.845457746247053
0,50,Max diversity rho,0.015213577763107545,0.47036472945891783,-0.018237816521955552,0.1770715243901883,9.057345185459937,0.18114690370919875,14.677326661850671,-51.77206232042748,-0.0185844231920736,0.1886311245149317,9.933828075283134,0.1986765615056627,13.486280055088978,-54.52625811658196
0,50,Log-det,0.015213577763107545,0.47036472945891783,0.010658957214089269,0.10708513335164493,3.598899635173133,0.07197799270346264,26.467270725177062,-21.199896111865673,0.010649832787542913,0.10637576485069326,3.5309744533369245,0.0706194890667385,26.61510790034869,-21.376077600752204
0,50,Random,0.015213577763107545,0.47036472945891783,0.04023336899549154,0.17181230247815704,7.958797297078063,0.1591759459415613,15.642273051653245,-48.182458597258645,0.04704968725694062,0.18239882915346306,8.762614323549695,0.1752522864709939,14.466313172778731,-51.07093343746037
1,10,Paper (published),0.03722279695695084,0.43811623246492987,-0.0011685565470109158,0.01605298356499655,1.1093447486346641,0.11093447486346646,9.957722521385646,-0.02081497466250818,-0.0033625812237999602,0.019148626753545776,1.1185144477223825,0.11185144477223825,9.943946502922564,-0.02818172410175528
1,10,Paper + swap,0.03722279695695084,0.43811623246492987,0.00046026190163934793,0.01674077509920674,1.1224580387175813,0.11224580387175813,9.962199841853208,-0.018524137532464104,0.0009157927252170176,0.019176197179974427,1.0861880441446736,0.10861880441446738,9.943743968529551,-0.0290869935527215
1,10,Max diversity |rho|,0.03722279695695084,0.43811623246492987,0.0009994402899287163,0.017897151401312792,1.1556024508787406,0.11556024508787406,9.942426427855176,-0.02823076558064614,0.002668407353862732,0.014170317663503972,1.0820562967701806,0.10820562967701805,9.971301377621078,-0.014405015931398021
1,10,Max diversity rho,0.03722279695695084,0.43811623246492987,-0.09747960024913718,0.3397729402646007,5.002452099083946,0.5002452099083945,3.111247020555532,-9.713775387546757,-0.09931522074431597,0.34728320274218183,5.018135609176339,0.5018135609176341,3.0947224164520444,-9.8575629697241
1,10,Log-det,0.03722279695695084,0.43811623246492987,0.0009994402899287163,0.017897151401312792,1.1556024508787406,0.11556024508787406,9.942426427855176,-0.02823076558064614,0.002668407353862732,0.014170317663503972,1.0820562967701806,0.10820562967701805,9.971301377621078,-0.014405015931398021
1,10,Random,0.03722279695695084,0.43811623246492987,0.03201694603321869,0.11828725087742592,2.3126665372674147,0.23126665372674146,7.670944165245265,-1.5693764853090768,0.024854706755404975,0.12224720675306211,2.3289304987490675,0.23289304987490675,7.622288204459424,-1.6377917532925053
1,20,Paper (published),0.03722279695695084,0.43811623246492987,0.004461290297858641,0.023309107651988327,1.3870836880684012,0.06935418440342006,19.57721156290048,-0.19948284857304524,0.0009588611093262793,0.029044490003751002,1.287689983267296,0.0643844991633648,19.498725061159018,-0.255960794054209
1,20,Paper + swap,0.03722279695695084,0.43811623246492987,0.003210060340611452,0.023142728606011548,1.3248427268223772,0.06624213634111885,19.591197741595586,-0.20002308549546882,0.00017313426076921552,0.029327015654618663,1.249792076578917,0.06248960382894584,19.492886469313987,-0.2645660427805703
1,20,Max diversity |rho|,0.03722279695695084,0.43811623246492987,0.0025433886990106165,0.023431426951021964,1.3204608509993392,0.06602304254996696,19.57290682450074,-0.2099985949105594,0.002272741054195473,0.025851926875826468,1.2928569410070503,0.06464284705035253,19.546524893908774,-0.23243541301377726
1,20,Max diversity rho,0.03722279695695084,0.43811623246492987,-0.044711755226387345,0.2906219523588897,8.382981977729067,0.4191490988864534,4.379911557876966,-22.130286562993266,-0.046026584922168774,0.29924302083731646,8.431205046439594,0.42156025232197963,4.32531722119373,-22.872469773259006
1,20,Log-det,0.03722279695695084,0.43811623246492987,0.004742834050531748,0.021626900631900293,1.2730519836686336,0.06365259918343169,19.655885375392263,-0.16636314767301988,0.003452508092311033,0.025769035577774466,1.2956318140442304,0.06478159070221153,19.608059268760012,-0.19784975536429328
1,20,Random,0.03722279695695084,0.43811623246492987,0.07802804829457302,0.15766847183726737,5.366310320407932,0.26831551602039644,8.123241540932243,-10.641282487115761,0.07910234039071652,0.16649713115721027,5.376702519188793,0.2688351259594396,8.059651523447771,-11.009887003030599
1,50,Paper (published),0.03722279695695084,0.43811623246492987,0.008347390886492232,0.03417427558984107,2.1248611457617175,0.04249722291523434,43.803598864059715,-2.9246200505130444,0.005508402696903551,0.04200514544549958,1.9629983921099008,0.03925996784219802,42.72946238856183,-4.006975099616113
1,50,Paper + swap,0.03722279695695084,0.43811623246492987,0.00689867028146659,0.032680619592773595,2.0224076678331464,0.04044815335666293,44.22118582546021,-2.741707416283426,0.003166338079052099,0.04219931306802943,1.9227673959945617,0.03845534791989124,42.883654272930045,-3.930553543290992
1,50,Max diversity |rho|,0.03722279695695084,0.43811623246492987,0.00497314036462802,0.03134453372451802,2.0440847153739923,0.04088169430747984,44.73446668691,-2.5334671711239043,0.0027995815741568364,0.038387363554335016,2.0076293707520723,0.04015258741504144,43.74044845246909,-3.4540885991333727
1,50,Max diversity rho,0.03722279695695084,0.43811623246492987,-0.015099843754257079,0.19595127620397582,12.140756100197173,0.24281512200394345,8.852894399520864,-51.48151355330319,-0.017153448030441814,0.20242608782720972,12.209703130586202,0.24419406261172405,8.685654164779955,-54.243637285967196
1,50,Log-det,0.03722279695695084,0.43811623246492987,0.006605624931834777,0.032448360370845836,2.116392653869654,0.042327853077393084,45.56670903809204,-1.7666197831707577,0.004319875967568746,0.04029080976642616,2.146443691112477,0.04292887382224955,44.362635590665704,-2.735782294019409
1,50,Random,0.03722279695695084,0.43811623246492987,0.014210899373908362,0.0913025839674116,5.2923737223522105,0.10584747444704422,23.095302791586903,-19.07100050647295,0.01245751750679876,0.09913980983984262,5.40866957354001,0.1081733914708002,22.337198889040298,-21.077880464900005
2,10,Paper (published),0.0407612848294646,0.3844649298597194,0.002225734121695554,0.03943720790143117,1.2386537096907042,0.12386537096907047,9.77997040435145,-0.11366982241524241,0.007421926727459282,0.034528693745372846,1.1835018499039853,0.11835018499039851,9.843356155371872,-0.08128971453969598
2,10,Paper + swap,0.0407612848294646,0.3844649298597194,0.0013510194209940302,0.033225351834019395,1.2236496750046333,0.1223649675004633,9.841973978134352,-0.07955127101845877,0.005762168376631209,0.03332844030934569,1.1697518756696375,0.11697518756696376,9.846494711236975,-0.07879195931915747
2,10,Max diversity |rho|,0.0407612848294646,0.3844649298597194,0.0006718485186450852,0.028322386816055065,1.1744261127521682,0.1174426112752168,9.88668012529287,-0.056692899278143694,0.0009335715660468634,0.021065407389863275,1.1311059536828374,0.11311059536828376,9.933245828541802,-0.03359903960492015
2,10,Max diversity rho,0.0407612848294646,0.3844649298597194,-0.09411477707503037,0.23262628364060736,2.8123094074792965,0.2812309407479297,5.729813962303795,-4.843394174742972,-0.09393074541035717,0.23009470315268846,2.804897541705211,0.280489754170521,5.7345917838510125,-4.809228090828625
2,10,Log-det,0.0407612848294646,0.3844649298597194,0.0093580558021297,0.03169195099394731,1.2382430474172494,0.12382430474172494,9.86709007623594,-0.06490369078359584,-0.0006220728626242804,0.023926066998561757,1.1557404764555603,0.11557404764555604,9.929086107774717,-0.03519179437832768
2,10,Random,0.0407612848294646,0.3844649298597194,0.05783319804598069,0.13925538923561348,2.072323203816219,0.2072323203816219,8.084858758170512,-0.9864652117177257,0.06626404264323624,0.15723240239779943,2.1827274219044184,0.2182727421904418,7.716319223022455,-1.2117300350368252
2,20,Paper (published),0.0407612848294646,0.3844649298597194,0.013792590279454554,0.05090749186239173,1.5742288990441793,0.07871144495220897,18.51474284699313,-0.7293512343795188,0.01211354629043499,0.05046552077490935,1.5165432618713115,0.07582716309356555,18.540988829876003,-0.7906302298000869
2,20,Paper + swap,0.0407612848294646,0.3844649298597194,0.012420170721173688,0.05076444362959648,1.5757066446113253,0.07878533223056629,18.519130437949972,-0.7340527823965158,0.009129690182004527,0.05116002100249033,1.4804125762782794,0.07402062881391397,18.481155791103795,-0.8136838736042039
2,20,Max diversity |rho|,0.0407612848294646,0.3844649298597194,0.009980628903692555,0.03841505260584175,1.5262283228427869,0.07631141614213933,19.143761991224956,-0.39813085874664916,0.008533866226041893,0.03441639774893227,1.3810391260986796,0.06905195630493398,19.270996642920775,-0.3722622136478525
2,20,Max diversity rho,0.0407612848294646,0.3844649298597194,-0.04420210930089563,0.17198245555881583,3.669302248260419,0.18346511241302094,9.604162814889737,-13.182581026336361,-0.04497776898883198,0.1765466643902951,3.6483591052314575,0.18241795526157278,9.504238064041946,-13.517645454712955
2,20,Log-det,0.0407612848294646,0.3844649298597194,0.017595940598226407,0.038646041610122465,1.620766518173052,0.08103832590865258,19.16374688601935,-0.3761680751659394,0.015312741680831226,0.03563900959034428,1.4787213816861644,0.07393606908430823,19.26894155573938,-0.36642891418767487
2,20,Random,0.0407612848294646,0.3844649298597194,0.05900025727641636,0.0959710907231072,2.7093529464904824,0.1354676473245241,14.850101064761455,-3.0235699362984745,0.06102419995057546,0.10643619120380311,2.857423559918324,0.1428711779959162,14.297944277510243,-3.43831344827545
2,50,Paper (published),0.0407612848294646,0.3844649298597194,0.020477645367935733,0.06230049321021835,2.8001486904353663,0.05600297380870731,36.21603496089079,-8.157813788984281,0.018154707840027436,0.0650372498107198,2.575032908037947,0.051500658160758946,35.630125394441066,-9.448408417799145
2,50,Paper + swap,0.0407612848294646,0.3844649298597194,0.01698401293284638,0.05746661428518555,2.6103463892718715,0.05220692778543744,37.79996421813238,-6.943413561190779,0.012956230751811338,0.060284191448726585,2.392087485738031,0.04784174971476063,37.050751815064324,-8.18049711131224
2,50,Max diversity |rho|,0.0407612848294646,0.3844649298597194,0.020641848409794473,0.051818330741542386,2.93171271545165,0.058634254309033,38.667869835450375,-6.1058384641975305,0.018581330100867228,0.05386690350856432,2.73114013912188,0.05462280278243759,38.15000325726618,-7.124120144110907
2,50,Max diversity rho,0.0407612848294646,0.3844649298597194,-0.01487416227054972,0.16430932718321134,7.454807384461359,0.14909614768922713,14.915924256501164,-38.46560822048494,-0.01675179960391922,0.1674688261932057,7.760741961831128,0.15521483923662258,14.614818206448838,-40.46286907223202
2,50,Log-det,0.0407612848294646,0.3844649298597194,0.02642130150258393,0.059079089951643425,3.2787698990099035,0.06557539798019808,39.471200971842016,-3.9434681681928385,0.02369283525831593,0.061383650988357644,3.158380979148002,0.06316761958296005,38.77745544948834,-5.062408295756294
2,50,Random,0.0407612848294646,0.3844649298597194,0.04476766501392093,0.11970558428370284,5.876537696296502,0.11753075392593006,22.491714076748902,-18.803891230372482,0.044068514024795315,0.12479371503513942,6.169625510752791,0.12339251021505585,21.622342866566292,-20.318174053406622
3,10,Paper (published),0.3957855840924255,0.09455711422845692,0.015169119156876488,0.08593094788125535,1.3844430229841587,0.13844430229841587,9.120159721932273,-0.5269127308409894,0.01662710560549612,0.08079236780481235,1.3837914543063954,0.13837914543063956,9.209108328813596,-0.4737074289733547
3,10,Paper + swap,0.3957855840924255,0.09455711422845692,0.010721956465282987,0.0823072092227814,1.4013470066624172,0.14013470066624173,9.126395041319554,-0.5488774344534926,0.012032744275744387,0.07628037648060797,1.371393185261132,0.1371393185261132,9.21346418345673,-0.4894487447690364
3,10,Max diversity |rho|,0.3957855840924255,0.09455711422845692,-0.0029075529015355674,0.05712938069303906,1.3059211340000503,0.13059211340000504,9.562296659464128,-0.24433304628559688,-0.01512432442502042,0.05363539910371227,1.304498861078341,0.1304498861078341,9.603061620862775,-0.21863809076830334
3,10,Max diversity rho,0.3957855840924255,0.09455711422845692,-0.09543091780168018,0.44645068007879224,5.24384290334624,0.5243842903346241,3.0885182256208905,-7.64061782476021,-0.09657156933501539,0.444551116772944,5.192072506492152,0.5192072506492151,3.117224046444004,-7.701053994173376
3,10,Log-det,0.3957855840924255,0.09455711422845692,-0.0029075529015355674,0.05712938069303906,1.3059211340000503,0.13059211340000504,9.562296659464128,-0.24433304628559688,-0.01512432442502042,0.05363539910371227,1.304498861078341,0.1304498861078341,9.603061620862775,-0.21863809076830334
3,10,Random,0.3957855840924255,0.09455711422845692,0.30246969752231423,0.5182498057123984,5.768688652596291,0.5768688652596292,2.7840781614037793,-6.569150599444461,0.2940752507507199,0.5016755712459099,5.608511436142598,0.5608511436142598,2.9155956024686356,-6.237829544417729
3,20,Paper (published),0.3957855840924255,0.09455711422845692,0.022889113961896055,0.08844984887041726,1.9547513039244593,0.09773756519622298,16.003512211670856,-2.6872606050240466,0.013933916576804466,0.0887883360366675,1.909306193152289,0.09546530965761443,16.04649763849961,-2.69043789231255
3,20,Paper + swap,0.3957855840924255,0.09455711422845692,0.03167558850398883,0.08979820493235623,1.9828913700170026,0.09914456850085013,15.996460018005529,-2.6953038446344397,0.023338417802412352,0.09070438052942398,1.82663263888593,0.09133163194429651,16.01748904557571,-2.7359665200081142
3,20,Max diversity |rho|,0.3957855840924255,0.09455711422845692,0.024589951738255657,0.08127219027834676,1.9794523735490273,0.09897261867745136,16.456804565743944,-2.148422540723777,0.016459836561257653,0.07999463118851761,1.8956626807950678,0.09478313403975339,16.627777147825647,-2.0997266719945333
3,20,Max diversity rho,0.3957855840924255,0.09455711422845692,-0.042492592532667364,0.3517573632006971,8.260641127541865,0.4130320563770932,4.7046184208111725,-16.674022333966807,-0.04404378220712758,0.34481690469743076,8.01063280799228,0.40053164039961425,4.856142615700198,-16.566689535659687
3,20,Log-det,0.3957855840924255,0.09455711422845692,0.022076416408006744,0.08267313115185994,2.0644201527323798,0.10322100763661897,16.492012173453748,-2.059080012393541,0.012369271446272496,0.08213527609446412,1.901614507995488,0.0950807253997744,16.77008696376397,-1.9448467358371089
3,20,Random,0.3957855840924255,0.09455711422845692,0.33410683952117254,0.4124489799934817,9.452683745067972,0.4726341872533986,4.042655052937091,-14.146721080104102,0.32290607023454504,0.39876886131146794,9.160449024960247,0.45802245124801244,4.239508545493087,-13.813802866404146
3,50,Paper (published),0.3957855840924255,0.09455711422845692,0.04286992438723451,0.12495967178898205,4.498079339050548,0.08996158678101096,22.21874173990476,-23.76721621690158,0.037032575199546405,0.1278961713669542,4.3918875350280935,0.08783775070056185,21.92505401218401,-25.144353583554977
3,50,Paper + swap,0.3957855840924255,0.09455711422845692,0.04150814959092649,0.12521826224792415,4.43773545678704,0.0887547091357408,22.204329048763615,-23.60473175184133,0.036034753779849535,0.12751424288013244,4.209226811858358,0.08418453623716717,21.94454153532115,-24.946483966920134
3,50,Max diversity |rho|,0.3957855840924255,0.09455711422845692,0.04895335165048283,0.11871727477245632,5.569558580924957,0.11139117161849915,22.959921684473485,-20.7846835397097,0.040958436670473906,0.11914521669798557,5.078585066320047,0.10157170132640096,23.196758731477075,-21.882583749347763
3,50,Max diversity rho,0.3957855840924255,0.09455711422845692,-0.008361046070690435,0.18194964575496145,9.282207663664915,0.18564415327329833,13.081896836231007,-36.4754055510164,-0.010129990002114238,0.18228781927005175,8.991369608987734,0.1798273921797547,13.147461395224278,-37.73302910960429
3,50,Log-det,0.3957855840924255,0.09455711422845692,0.08563369844803496,0.15069156786007834,9.047890121554385,0.18095780243108767,18.063554517701547,-17.070414103701292,0.0737151625669382,0.14966841951846424,8.713186570464387,0.17426373140928778,18.509608472660798,-18.06049309504716
3,50,Random,0.3957855840924255,0.09455711422845692,0.39128431013554194,0.4303553471915426,23.35565298858188,0.4671130597716377,4.277209977860517,-57.25345042742001,0.3806287117983276,0.41798699151554186,22.77377615208662,0.45547552304173244,4.453954577771717,-58.315004406782286
4,10,Paper (published),0.008450982107838158,0.4840320641282565,0.009708365092868793,0.05166809989237197,1.2838563152244094,0.12838563152244092,9.636089862033485,-0.20037428127824164,0.005682915411403122,0.050535455751828606,1.267766012262575,0.12677660122625747,9.64450161365368,-0.20037361790674546
4,10,Paper + swap,0.008450982107838158,0.4840320641282565,-0.00041480214672807905,0.06137344472930648,1.3546881006979714,0.13546881006979714,9.507570169936344,-0.2802481467700521,0.004228289493128207,0.05183944748070568,1.2277285744348425,0.12277285744348425,9.627082612102091,-0.212245871724504
4,10,Max diversity |rho|,0.008450982107838158,0.4840320641282565,0.020924571343984764,0.051025845178405256,1.3944646905072258,0.13944646905072258,9.624426246034544,-0.19211496119707844,0.011669959162211151,0.032345946382856774,1.222456651727213,0.12224566517272129,9.849807721558701,-0.0764243369810681
4,10,Max diversity rho,0.008450982107838158,0.4840320641282565,-0.08596322966168594,0.16785479656682345,2.232672352090604,0.2232672352090604,7.1362671692264925,-2.672204184314743,-0.09059203380106211,0.18682643384098874,2.412033066268728,0.24120330662687275,6.812606685513016,-3.0625474542503865
4,10,Log-det,0.008450982107838158,0.4840320641282565,-0.008777898140008206,0.04720667049133114,1.3224354730966719,0.13224354730966717,9.689762948423185,-0.1587017285958292,-0.004852148374050966,0.03970543992145087,1.236605517975066,0.1236605517975066,9.783071496046205,-0.11423322210343269
4,10,Random,0.008450982107838158,0.4840320641282565,0.038851540226843596,0.13313794898682602,1.9524193225300681,0.19524193225300684,8.053460176549926,-1.3166068447768882,0.03548684299156303,0.14695382141159083,2.1374563286796366,0.21374563286796366,7.826243831701843,-1.4939411134717473
4,20,Paper (published),0.008450982107838158,0.4840320641282565,0.0005830011594648653,0.08047575176841464,1.7905250048596386,0.08952625024298196,16.597217107609506,-2.356726602261162,-0.0008321830534543972,0.0790710165714242,1.65878976454559,0.08293948822727952,16.719883220394284,-2.3389503577260182
4,20,Paper + swap,0.008450982107838158,0.4840320641282565,0.0023044943350669558,0.07627733167262576,1.779542624746923,0.08897713123734613,16.76008640681985,-2.181959570348505,-0.000715815758904113,0.0764399866386225,1.6454383191876956,0.08227191595938481,16.891939987380674,-2.1214365702404114
4,20,Max diversity |rho|,0.008450982107838158,0.4840320641282565,-0.0019679950042114716,0.06238266237740246,1.6817116030478547,0.08408558015239272,17.773616090334144,-1.2818143079901312,-0.003010021311247473,0.06027906382853104,1.6806627367072118,0.08403313683536062,17.85149365094131,-1.2717342459896521
4,20,Max diversity rho,0.008450982107838158,0.4840320641282565,-0.045014542596788665,0.15528948268332257,3.2084050671229716,0.16042025335614857,11.298425606257295,-8.680101635500662,-0.04561869778166774,0.16194401323713292,3.2496458813562246,0.16248229406781126,10.984621236116032,-9.14611958352979
4,20,Log-det,0.008450982107838158,0.4840320641282565,-0.0011366382114830033,0.0661111825438166,1.7436181340862213,0.08718090670431108,17.76440316524474,-1.269878987816853,0.0008123886477990835,0.06343368782853966,1.7284003519102142,0.08642001759551071,17.928454516386054,-1.1695425525306768
4,20,Random,0.008450982107838158,0.4840320641282565,0.010483431353719192,0.12280823059621741,2.4150776137422687,0.12075388068711343,13.850138006636033,-4.860228214301446,0.010299294263207444,0.12632711593183357,2.428223207461033,0.12141116037305164,13.662225959749351,-5.0994576127550095
4,50,Paper (published),0.008450982107838158,0.4840320641282565,0.008345479805214138,0.09649507446075582,2.9081018754220707,0.058162037508441414,28.626360881625782,-19.181730807662056,0.007105844632908638,0.09797727161152364,2.777692369410579,0.05555384738821159,28.288413016699696,-20.30527092872686
4,50,Paper + swap,0.008450982107838158,0.4840320641282565,0.007427503793234816,0.09771596399112428,3.0591574566969686,0.06118314913393935,28.41775991235178,-19.682898220544164,0.006310516307666853,0.0995736513685979,2.7612168684575984,0.05522433736915197,28.06139336637368,-20.942572110467054
4,50,Max diversity |rho|,0.008450982107838158,0.4840320641282565,0.0028725570926289965,0.08292782695726751,3.0155432707867282,0.06031086541573456,31.766174993517843,-14.123189699391338,0.0024070585991598542,0.08434022846514475,2.7717587897482576,0.05543517579496514,31.436368610642887,-15.115507076664205
4,50,Max diversity rho,0.008450982107838158,0.4840320641282565,-0.01684852396960588,0.1594613951054964,6.468661878996851,0.12937323757993702,16.999422385105262,-42.66096203218184,-0.017586009003921238,0.1665257614616327,6.971513844134204,0.13943027688268408,16.189617660444995,-45.361536816022536
4,50,Log-det,0.008450982107838158,0.4840320641282565,0.0016243487862763453,0.0895919431425543,3.5805355429115684,0.07161071085823137,30.96013914111428,-12.291074712108403,0.001204627288333405,0.09092053485020699,3.5003191161571,0.070006382323142,30.782204479094155,-12.941488289881475
4,50,Random,0.008450982107838158,0.4840320641282565,0.012005764855868118,0.14083651291312282,5.040396987700739,0.1008079397540148,19.875858070264062,-34.67328178339016,0.013347681220244831,0.14647370642628932,5.530889811614747,0.11061779623229495,18.88867529660189,-37.48280539768161
5,10,Paper (published),0.07702392612009513,0.3361042084168337,-0.0037822818688814756,0.01600905192161643,1.1571881269300763,0.11571881269300763,9.952352739108601,-0.02298171379659509,-0.0014334923940571213,0.01707912298735862,1.0901274719739424,0.10901274719739425,9.957173064086472,-0.021876668493242303
5,10,Paper + swap,0.07702392612009513,0.3361042084168337,-0.0028561571135575156,0.01517598723610861,1.169942235586371,0.11699422355863708,9.955168111484337,-0.021353504373895875,-0.002749928824631927,0.015912275664030532,1.080635537509712,0.10806355375097121,9.96170934346472,-0.019585099021900552
5,10,Max diversity |rho|,0.07702392612009513,0.3361042084168337,0.0005203836991385351,0.01886412166135874,1.1345526055444117,0.11345526055444115,9.953342960066498,-0.02279138603532772,0.0010959802531812504,0.01197503564647372,1.0779752739268311,0.10779752739268311,9.978399413154257,-0.010844917020249223
5,10,Max diversity rho,0.07702392612009513,0.3361042084168337,-0.09602700325860548,0.27147405940660796,3.705385594133995,0.3705385594133996,4.294358669798978,-7.97079741053571,-0.09795265602938884,0.2819142539839284,3.7880107968857653,0.37880107968857646,4.229089895295775,-8.38721052138241
5,10,Log-det,0.07702392612009513,0.3361042084168337,0.005692102682946101,0.011742727538166117,1.0855054881845811,0.10855054881845808,9.980027974386607,-0.009737064159828187,0.0012176883964271647,0.012060242835340872,1.074602916402507,0.1074602916402507,9.97978068560005,-0.010152822246992717
5,10,Random,0.07702392612009513,0.3361042084168337,0.07884222280693429,0.11102832166595607,2.1337493382017456,0.21337493382017453,7.8671557266764305,-1.3237228180819705,0.07489637175764398,0.11818955545688652,2.0950322464819813,0.20950322464819818,7.8566834095388005,-1.344509677226731
5,20,Paper (published),0.07702392612009513,0.3361042084168337,0.0005975874654454638,0.019726956549018043,1.3201697741557301,0.06600848870778651,19.6891840028161,-0.1463130166378018,-0.0013493209508331544,0.027640399512880272,1.2437595178655783,0.06218797589327889,19.556850039637308,-0.2300415393432938
5,20,Paper + swap,0.07702392612009513,0.3361042084168337,-0.0007355687670346163,0.016051036990938954,1.2848131721333391,0.06424065860666697,19.84009314770234,-0.07315104031824589,-0.0014404953968038098,0.02721138415985217,1.2081722848787357,0.06040861424393679,19.565973813096566,-0.2291604308701876
5,20,Max diversity |rho|,0.07702392612009513,0.3361042084168337,-0.0008737245515487375,0.015031299427405923,1.2434931076928346,0.06217465538464173,19.851902247410642,-0.06946147135404748,0.0008444019198194447,0.020599453596969068,1.1989077406901663,0.05994538703450828,19.736866132366128,-0.133311898205771
5,20,Max diversity rho,0.07702392612009513,0.3361042084168337,-0.043883192739954384,0.24404993744703615,5.927000066690049,0.2963500033345025,7.015889871612402,-16.03467182225106,-0.045483563624502024,0.25279549633690596,6.102908944085684,0.30514544720428416,6.755281076545893,-16.83762844970756
5,20,Log-det,0.07702392612009513,0.3361042084168337,0.0010678735308651914,0.013444258654860127,1.268015688587194,0.06340078442935969,19.861545188541324,-0.0632740061387234,0.0004994322865150673,0.021887696060468486,1.2244321350879277,0.06122160675439638,19.729879510412395,-0.13638088845882118
5,20,Random,0.07702392612009513,0.3361042084168337,0.02469099131051208,0.15778542305757765,4.36422232923506,0.21821111646175306,10.192048811024204,-8.20299337541506,0.02337383764468517,0.1548695876222762,4.070111063282426,0.2035055531641214,10.402989825070156,-8.295219008773817
5,50,Paper (published),0.07702392612009513,0.3361042084168337,0.004365294300539595,0.026161314613768114,1.8913421061429159,0.03782684212285831,44.59253876467558,-3.0088883057570017,0.0035467387923566874,0.0392059020918221,1.8316605012584106,0.03663321002516822,42.75013076331028,-4.476777430359954
5,50,Paper + swap,0.07702392612009513,0.3361042084168337,0.004718218770435212,0.024728571661793635,1.8328642711351428,0.03665728542270286,44.442308612568645,-3.266743028769423,0.003962371310186306,0.03813637349228889,1.792047752733886,0.03584095505467772,42.62773415713297,-4.660740986595248
5,50,Max diversity |rho|,0.07702392612009513,0.3361042084168337,0.004503048462712645,0.023546471992839227,1.9381905593548816,0.03876381118709764,43.38552835680217,-4.564791139522161,0.0032865879691327863,0.03507847463483639,1.9334431364031217,0.038668862728062435,42.09081659754009,-5.550252581326598
5,50,Max diversity rho,0.07702392612009513,0.3361042084168337,-0.014909614768893121,0.18134397812397593,10.78684469458631,0.21573689389172626,11.504863457747513,-44.53201227578976,-0.017036036686606297,0.18953539351883095,11.02446169852923,0.22048923397058465,11.07196564612986,-47.55824989201159
5,50,Log-det,0.07702392612009513,0.3361042084168337,0.003930295203503774,0.0269361081927675,2.185743784873646,0.043714875697472906,46.367475827215266,-1.4322438747548982,0.0031312215625342657,0.03746550656971666,2.152641820675033,0.04305283641350065,44.77225462881428,-2.554010642674068
5,50,Random,0.07702392612009513,0.3361042084168337,0.11750257477308099,0.15887359498384626,10.313307836405752,0.20626615672811507,14.367226838766925,-27.906387846797397,0.11909058722985684,0.16541807516926044,10.505798823718358,0.21011597647436714,13.98688760995482,-29.762067708284697
6,10,Paper (published),0.04748165987903605,0.43450901803607217,0.012143383798684581,0.05166140744026942,1.372100933801074,0.13721009338010737,9.576432017781565,-0.22109979272715719,-0.0037080581281749704,0.042713107868636815,1.249164052062004,0.12491640520620037,9.711571308712454,-0.15227210582888084
6,10,Paper + swap,0.04748165987903605,0.43450901803607217,-0.0100217348084785,0.04968812941455065,1.335741822380025,0.1335741822380025,9.612844607478213,-0.20034657769254735,-0.013688435768739403,0.04521707700657896,1.2346223762493223,0.1234622376249322,9.707216850344603,-0.1551189419529535
6,10,Max diversity |rho|,0.04748165987903605,0.43450901803607217,0.014519837116590767,0.03642443015139775,1.370919459909902,0.1370919459909902,9.772346645503296,-0.1066401652235444,0.00030095645236958733,0.026184954876363915,1.1860748331358766,0.11860748331358768,9.89803820550311,-0.05083520627261694
6,10,Max diversity rho,0.04748165987903605,0.43450901803607217,-0.10193785541373099,0.2813994597464947,3.594120866591324,0.3594120866591325,4.329552502663477,-9.804058948476122,-0.10262055117295923,0.28651430058182037,3.5713254552552876,0.35713254552552876,4.285423521429367,-10.22599982984963
6,10,Log-det,0.04748165987903605,0.43450901803607217,0.032813558403990875,0.03649149597595604,1.4137394260693459,0.14137394260693462,9.758682191503537,-0.10954295303722661,0.014808280341835107,0.029024908615528946,1.2177263374256801,0.12177263374256797,9.886024188669639,-0.057162702362308526
6,10,Random,0.04748165987903605,0.43450901803607217,0.0546598941901868,0.16766237474641468,2.4960375096006793,0.24960375096006798,6.944654908774173,-2.544371900104067,0.046623085970365144,0.1757572879070093,2.5701073087923216,0.2570107308792322,6.848337349951218,-2.613728875693909
6,20,Paper (published),0.04748165987903605,0.43450901803607217,0.024417497154586063,0.057860179614183334,1.8995611955884526,0.09497805977942263,17.10971858976341,-1.6541310987994338,0.018260493262328894,0.05927970959081501,1.7294366664876597,0.08647183332438303,17.200170251195285,-1.6899655174975936
6,20,Paper + swap,0.04748165987903605,0.43450901803607217,0.011446113489309077,0.05711756284326842,1.7566898473079111,0.08783449236539558,17.604160843663617,-1.2931159609533671,0.002356618311945194,0.05766563023708751,1.6161520812788426,0.08080760406394212,17.66402306796413,-1.3271218975753218
6,20,Max diversity |rho|,0.04748165987903605,0.43450901803607217,0.027393006535085026,0.04753252305619247,1.8429095530223774,0.09214547765111887,17.690586192040048,-1.2562168664631355,0.025231492152578187,0.04828747504490494,1.6918515890191757,0.08459257945095877,17.674040695988793,-1.3862992162927494
6,20,Max diversity rho,0.04748165987903605,0.43450901803607217,-0.046666206957733256,0.2861772500262495,5.118446122182418,0.2559223061091208,5.332625756146372,-28.267604268773184,-0.04778662589025331,0.287230816694377,5.232493249686072,0.2616246624843036,5.293982138480016,-29.046489136608788
6,20,Log-det,0.04748165987903605,0.43450901803607217,0.021845186167314307,0.058823961715731204,2.1525658108384933,0.10762829054192466,18.106683216377977,-0.7737592316721497,0.0176335438950013,0.05247872364593424,1.905308296765011,0.09526541483825059,18.441877304881892,-0.7239403062690186
6,20,Random,0.04748165987903605,0.43450901803607217,0.02642397260001786,0.17449567831063215,4.315009680062777,0.21575048400313887,8.89726085083459,-10.647716033765478,0.02466117081238639,0.1847794610073445,4.485881312757568,0.2242940656378784,8.607464511498215,-11.36257834905566
6,50,Paper (published),0.04748165987903605,0.43450901803607217,0.02041928168066643,0.07386128052513602,3.6025426094984123,0.07205085218996826,31.536867732096177,-8.647777277804966,0.017705289057188097,0.07773537965216513,3.2745699598564215,0.06549139919712844,31.181286477146408,-10.01421439698847
6,50,Paper + swap,0.04748165987903605,0.43450901803607217,0.021086212498612394,0.0755239542199327,3.5677550715785964,0.07135510143157192,30.992484483561825,-9.352678250577297,0.018800503032454237,0.07858670155900868,3.19193859999684,0.0638387719999368,30.795992780791735,-10.588588313539463
6,50,Max diversity |rho|,0.04748165987903605,0.43450901803607217,0.016493240383616423,0.06457983479930186,3.697044907337831,0.07394089814675664,32.1989938068002,-8.295786064648698,0.01418124620246074,0.06942351440176607,3.521805576045238,0.07043611152090476,31.449429314033,-9.80465167264192
6,50,Max diversity rho,0.04748165987903605,0.43450901803607217,-0.01716395972704028,0.2734037781030673,12.239887216349826,0.24479774432699652,6.7906828610781345,-80.77349117596194,-0.018234799754925986,0.2754091296083998,12.3374918252596,0.246749836505192,6.688952668165178,-84.0205472151804
6,50,Log-det,0.04748165987903605,0.43450901803607217,0.017075758812074487,0.07580722193330341,4.346142889708174,0.08692285779416348,33.694484601088234,-6.027434386740257,0.013709451218684679,0.07829320252029134,4.0950561402466725,0.08190112280493345,33.29220055935434,-7.29889185965145
6,50,Random,0.04748165987903605,0.43450901803607217,0.03841573739428529,0.1972870092037502,9.313392510263661,0.1862678502052733,10.943679026189498,-41.48587223660497,0.036044030449903376,0.20409862964408035,9.580265995493711,0.1916053199098743,10.68757329909095,-43.766138894147055
7,10,Paper (published),0.12698367829072668,0.34395190380761526,0.00022455789313290367,0.0775063232043468,1.4098167918339901,0.14098167918339904,9.196274988731332,-0.48647133985617275,0.007475545075777123,0.07032322158773437,1.3533225674545182,0.1353322567454518,9.335456161808889,-0.41074090712306344
7,10,Paper + swap,0.12698367829072668,0.34395190380761526,-0.0009362337350652413,0.07814642829972068,1.4359565351635053,0.1435956535163506,9.29637353304667,-0.41838185607305467,0.005793434717517006,0.06329234296726523,1.2896927439772499,0.12896927439772493,9.495332330460059,-0.3075070423270496
7,10,Max diversity |rho|,0.12698367829072668,0.34395190380761526,0.007858937290277814,0.061530061243795495,1.3822846773407722,0.13822846773407726,9.504815691623001,-0.2749193201202862,0.009527038852133627,0.0451201761826164,1.2550756626026742,0.12550756626026743,9.707004930519332,-0.16486230392053375
7,10,Max diversity rho,0.12698367829072668,0.34395190380761526,-0.10160253490277169,0.3971703026905331,4.758479950621493,0.47584799506214903,3.562605666985202,-7.356711691257853,-0.10206249608042445,0.39698988198648516,4.7551729537633785,0.47551729537633775,3.5548778121689995,-7.610496281699791
7,10,Log-det,0.12698367829072668,0.34395190380761526,0.016984848415088058,0.059218782266576675,1.3883085684697662,0.13883085684697657,9.544891678637919,-0.24901890761923595,0.01691419558970525,0.049585297248265436,1.2833131954693817,0.12833131954693816,9.675746180144781,-0.17695751605045146
7,10,Random,0.12698367829072668,0.34395190380761526,-0.00039986094635340865,0.33748484696551884,4.226449537343878,0.42264495373438776,4.389115628203813,-4.183804919854371,0.0068119374110883445,0.3371578374632764,4.236115822636563,0.4236115822636565,4.386880298668321,-4.113421139611999
7,20,Paper (published),0.12698367829072668,0.34395190380761526,0.014345916033585291,0.10351473700334127,2.0318285360666306,0.10159142680333152,15.171609677362394,-3.7849698446389315,0.0183855066658181,0.09965562062249975,1.9027571439787425,0.09513785719893714,15.426461103093503,-3.632040371293428
7,20,Paper + swap,0.12698367829072668,0.34395190380761526,0.016650206154059488,0.1027965949944207,2.1078821272955994,0.10539410636477997,15.080106544301728,-3.9613307914177733,0.020867301056967394,0.09951065314293224,1.8604551754070198,0.093022758770351,15.332608224286087,-3.794345657441855
7,20,Max diversity |rho|,0.12698367829072668,0.34395190380761526,-0.004172741692809916,0.09038566717915429,2.149581122921005,0.10747905614605023,15.483543371440954,-3.1673791660810844,-0.002363741901202928,0.0808088567052142,1.9356653862938733,0.09678326931469367,15.956530855333499,-2.9105165277345915
7,20,Max diversity rho,0.12698367829072668,0.34395190380761526,-0.04849729330256988,0.5474247172467381,11.579774113327261,0.5789887056663631,2.8060607769743298,-23.99285693920139,-0.049044868734591025,0.5468933678437109,11.597480898145129,0.5798740449072565,2.799214697518988,-24.339812427472033
7,20,Log-det,0.12698367829072668,0.34395190380761526,0.01910346861738374,0.09216883133589386,1.9533600950950782,0.09766800475475397,16.191337325471075,-2.4346145391970113,0.019361926877325353,0.09013447305834035,1.932940799471162,0.09664703997355814,16.33771534825122,-2.376377217161883
7,20,Random,0.12698367829072668,0.34395190380761526,0.025891309636007366,0.3068186453598964,7.590039401843356,0.37950197009216774,5.573190852960315,-12.887104875543564,0.02561883791347188,0.2962831855867224,7.310640831266424,0.3655320415633212,5.846885945975438,-12.721963698433518
7,50,Paper (published),0.12698367829072668,0.34395190380761526,0.012201520466868952,0.12204295772271101,3.8140693337974385,0.07628138667594878,23.170937636226537,-27.585424943550148,0.01353976655229455,0.12193087282078857,3.488224483909853,0.06976448967819705,23.176061917406827,-28.813240330823877
7,50,Paper + swap,0.12698367829072668,0.34395190380761526,0.020385485962673026,0.12282732368201899,3.800177608979696,0.07600355217959391,23.160925674625926,-27.46737531379629,0.0221594064140456,0.12258460485320674,3.421162067718084,0.06842324135436169,23.16469537134849,-28.739400151973506
7,50,Max diversity |rho|,0.12698367829072668,0.34395190380761526,0.01943082155610575,0.1117597211778782,4.088264469669005,0.0817652893933801,23.932769528144487,-24.182333532641525,0.021764005993824352,0.11103605286812776,3.918029271533502,0.07836058543067004,24.055172358549292,-25.308450098273767
7,50,Max diversity rho,0.12698367829072668,0.34395190380761526,-0.018575877952168474,0.4260344293007737,23.00938214147979,0.4601876428295958,4.260320316800493,-83.19359268989773,-0.01892204009813541,0.42694077550988496,23.020249101367178,0.4604049820273436,4.254800469526131,-84.91861463392904
7,50,Log-det,0.12698367829072668,0.34395190380761526,0.027674470986837094,0.11840770023583017,5.049885766569233,0.10099771533138463,23.52755618912536,-20.761720630794933,0.029975617173013325,0.12021499467012449,4.96133032375575,0.09922660647511501,23.410898712259534,-21.786668321472153
7,50,Random,0.12698367829072668,0.34395190380761526,0.177489164460231,0.3526703909586871,20.258650933110758,0.40517301866221517,5.436940755273254,-59.53336649861243,0.16671562477233748,0.3404715098002271,19.600485479098346,0.39200970958196707,5.7168329377823754,-59.98118002371624
8,10,Paper (published),0.009029007255671056,0.4856593186372746,-0.002209907505457354,0.02561866244511787,1.2182033940063401,0.12182033940063397,9.89424763435166,-0.05209368020140477,-0.001798767282163227,0.027140709330836125,1.1490610247121464,0.11490610247121465,9.899046008753004,-0.051455612819275284
8,10,Paper + swap,0.009029007255671056,0.4856593186372746,0.003647619987642238,0.026020728565722892,1.2070269487928769,0.12070269487928768,9.8918191220527,-0.05228191657191939,-0.003621715905436555,0.021245732748336785,1.0957833652979088,0.10957833652979086,9.939866895001497,-0.03118836538216571
8,10,Max diversity |rho|,0.009029007255671056,0.4856593186372746,-0.002816537599458537,0.0241606167455788,1.21089494332317,0.121089494332317,9.902413053442915,-0.04755991778811233,0.0024179062525225403,0.016219790207720044,1.096220670169263,0.10962206701692631,9.963111373968067,-0.018557051011527596
8,10,Max diversity rho,0.009029007255671056,0.4856593186372746,-0.09470219392035752,0.2674161262324333,3.408849755759874,0.34088497557598724,4.684064075594214,-6.317991313144571,-0.09709693055100753,0.26952554689443625,3.294474837657299,0.32944748376573,4.749370666722932,-6.409051222272606
8,10,Log-det,0.009029007255671056,0.4856593186372746,-0.005592463509602492,0.020571440066575516,1.141339651296613,0.1141339651296613,9.929873352511597,-0.03510295759143955,0.0008985583670759401,0.016289552638335602,1.0971456982014332,0.10971456982014335,9.9629810552065,-0.018572945286382384
8,10,Random,0.009029007255671056,0.4856593186372746,-0.008744376636223202,0.19048466651323792,2.789469180587814,0.2789469180587815,6.613398973740315,-2.2473151444824273,0.001742000277485388,0.18892561312580863,2.8129880484873144,0.2812988048487314,6.5653697191179345,-2.333563654168258
8,20,Paper (published),0.009029007255671056,0.4856593186372746,0.0020953720920805774,0.03480221860711652,1.52078511653695,0.07603925582684751,19.181625127513303,-0.3940606521795602,-0.0015582657627861293,0.03660463268645271,1.4057396285487793,0.07028698142743897,19.14868071459504,-0.43854485109045444
8,20,Paper + swap,0.009029007255671056,0.4856593186372746,0.0025667811876199987,0.025645690571879542,1.3196219997719112,0.06598109998859557,19.514850632119824,-0.23780553545245844,0.0002882174049131553,0.033291973496339985,1.3057093185764985,0.06528546592882492,19.34709912647608,-0.33880263034415325
8,20,Max diversity |rho|,0.009029007255671056,0.4856593186372746,-0.0010197276382811994,0.029177276664078277,1.4589569429077993,0.07294784714538997,19.404684786275713,-0.28220323350683957,-0.0033335415887460235,0.030638144628881862,1.3680311305709694,0.06840155652854849,19.405413272841916,-0.2985599183674535
8,20,Max diversity rho,0.009029007255671056,0.4856593186372746,-0.04573552457004952,0.26347573266188923,5.916360705401441,0.295818035270072,6.263531508669722,-20.910388030361982,-0.04711530940696407,0.26992021993468,6.108308447620143,0.3054154223810072,6.091477897057572,-21.671823740406854
8,20,Log-det,0.009029007255671056,0.4856593186372746,0.0013885565096667758,0.024535504338222495,1.3560146352025788,0.06780073176012896,19.60227443217119,-0.18819939812038208,-0.0038111361083934653,0.031348453200059294,1.32776493579221,0.0663882467896105,19.431120244612394,-0.2879337672371667
8,20,Random,0.009029007255671056,0.4856593186372746,0.01067266150670193,0.12855079334726874,3.0486122738464396,0.15243061369232197,12.838299206703518,-4.625673867349279,0.01112268250450959,0.12866276899908796,3.0348410830460546,0.15174205415230277,12.904634392868042,-4.63613989324251
8,50,Paper (published),0.009029007255671056,0.4856593186372746,0.00368719623804868,0.04965830505017939,2.483381332771486,0.04966762665542971,38.796550581517344,-6.123201676818168,0.0016327289043871827,0.05543702501033937,2.2710381526464984,0.04542076305292997,38.07377762959551,-7.245421139658422
8,50,Paper + swap,0.009029007255671056,0.4856593186372746,0.0032850089414272325,0.04882693035018966,2.4751426746336236,0.04950285349267248,39.49897990339176,-5.617195926259626,0.0010863381907797935,0.05455481708007091,2.189711027999118,0.043794220559982375,38.70371769949336,-6.719698461696235
8,50,Max diversity |rho|,0.009029007255671056,0.4856593186372746,0.0007222578659916386,0.043576971762759584,2.381713026633522,0.047634260532670454,40.35972697140684,-4.932454022569212,-0.0001428446047141667,0.04827077087120376,2.3623506163006733,0.04724701232601347,39.72025583712558,-5.7695535935242575
8,50,Max diversity rho,0.009029007255671056,0.4856593186372746,-0.016051107604636464,0.22341750053141832,10.0063459279338,0.20012691855867598,9.223504282667419,-58.006771526905816,-0.017703318651633736,0.22992881872802642,10.556350374049934,0.21112700748099864,8.941394241440793,-60.80723874123696
8,50,Log-det,0.009029007255671056,0.4856593186372746,0.0016652129686360237,0.04934919607124398,2.8633414764840186,0.05726682952968039,41.488456377043825,-3.3368542794789158,0.00040355367923786877,0.05343605713672173,2.930952629441327,0.058619052588826534,40.867657109245265,-4.127965835796624
8,50,Random,0.009029007255671056,0.4856593186372746,0.008653406668133379,0.13573601144942166,6.578290239009012,0.13156580478018023,18.54663895408638,-27.10934358211275,0.007141812597331591,0.1390099647870329,6.68274144725264,0.1336548289450528,18.100484510033976,-28.93735590829206
9,10,Paper (published),0.08521488176110116,0.39056513026052103,0.001812414585003934,0.061153285250236014,1.379880165961757,0.13798801659617563,9.474412891209479,-0.29724701710116697,0.0016648408732540124,0.059069492863941815,1.3067722924565013,0.13067722924565012,9.535205701072611,-0.268622609313129
9,10,Paper + swap,0.08521488176110116,0.39056513026052103,0.001812414585003934,0.061153285250236014,1.379880165961757,0.13798801659617563,9.474412891209479,-0.29724701710116697,0.0016648408732540124,0.059069492863941815,1.3067722924565013,0.13067722924565012,9.535205701072611,-0.268622609313129
9,10,Max diversity |rho|,0.08521488176110116,0.39056513026052103,-0.0011521195919321414,0.05448239500353279,1.3249160253409042,0.1324916025340904,9.561638112524017,-0.25049813657482417,0.004523431685997784,0.047602061012574005,1.340096490517856,0.13400964905178564,9.626197966934042,-0.21344096525443265
9,10,Max diversity rho,0.08521488176110116,0.39056513026052103,-0.09675504973098484,0.4630823069146146,5.22513489730966,0.5225134897309658,3.1949228943595798,-6.929859398970067,-0.09900959360086901,0.47251438860036266,5.313754438687837,0.531375443868784,3.107435875550337,-7.381285585293021
9,10,Log-det,0.08521488176110116,0.39056513026052103,-0.017779011498430176,0.06210037710721471,1.447351001556032,0.14473510015560312,9.510124342666698,-0.2515435536564197,-0.016635267803465283,0.052747896033524436,1.3263628033861603,0.13263628033861607,9.63433163635931,-0.1925041834414778
9,10,Random,0.08521488176110116,0.39056513026052103,0.2103326494495522,0.3490607612457463,4.247199499199082,0.42471994991990836,4.367012749334084,-4.030551072298473,0.21047096948263488,0.3558082382589537,4.297090613172643,0.42970906131726433,4.257912408633266,-4.33116994109003
9,20,Paper (published),0.08521488176110116,0.39056513026052103,-1.4681412381193535e-05,0.09743682593619311,1.952881549591575,0.09764407747957879,15.465732261464886,-3.4463841201888115,0.00588870840143821,0.0975444674972971,1.8854673982141867,0.09427336991070934,15.433033567721647,-3.6090784460591534
9,20,Paper + swap,0.08521488176110116,0.39056513026052103,-0.002460642569097832,0.10012804364769992,1.9124810709634947,0.09562405354817471,15.388535275016293,-3.65642479248691,0.0029488129169361783,0.10084799094108679,1.84285073538895,0.0921425367694475,15.320238692786603,-3.835738216352633
9,20,Max diversity |rho|,0.08521488176110116,0.39056513026052103,-0.002564131291146841,0.08245315076995181,1.8528293410343513,0.09264146705171758,16.52528048055677,-2.3609842286894644,0.0014844993391899888,0.08136810832969235,1.8707255583589948,0.09353627791794974,16.57992486640204,-2.2897785239331583
9,20,Max diversity rho,0.08521488176110116,0.39056513026052103,-0.047681285181568216,0.4137443226229441,9.437544115928212,0.4718772057964105,3.961788428831408,-18.748152296088197,-0.04848145350734024,0.4199880142666254,9.607842642180465,0.48039213210902326,3.8342099630695756,-19.681433681679692
9,20,Log-det,0.08521488176110116,0.39056513026052103,-0.001558117987917192,0.08680254141173975,1.952900011662872,0.09764500058314363,16.45085241057233,-2.3421527677609295,-0.00043973342040697826,0.08728345129816995,1.9464140671742132,0.09732070335871065,16.452510406172532,-2.256853151204262
9,20,Random,0.08521488176110116,0.39056513026052103,0.07011045235247301,0.2979277325292972,7.38728989668844,0.3693644948344219,5.846533042492403,-11.834604671976727,0.06503903798313729,0.30667444784920184,7.594260020418323,0.3797130010209161,5.611360302397432,-12.49164623782807
9,50,Paper (published),0.08521488176110116,0.39056513026052103,0.001367315216170049,0.12276783615611725,3.736210668129699,0.074724213362594,23.216810291612614,-29.98578074459222,0.0033805526132099123,0.12251970145030334,3.40986483571182,0.06819729671423641,23.10159479809367,-31.481873492319536
9,50,Paper + swap,0.08521488176110116,0.39056513026052103,-0.0008593172302029521,0.12120447878705358,3.6848178566985728,0.07369635713397149,23.42649644537898,-28.801748276839454,0.0013735689300709776,0.12049462712739008,3.290666395397699,0.06581332790795398,23.41387573796282,-30.2600260822422
9,50,Max diversity |rho|,0.08521488176110116,0.39056513026052103,0.005239418687493384,0.1124017681512229,3.7968754337430917,0.07593750867486182,24.475476148008067,-24.606503749115696,0.00654161900477511,0.1108430186070208,3.709446734725859,0.07418893469451716,24.441464484481205,-25.555859430321025
9,50,Max diversity rho,0.08521488176110116,0.39056513026052103,-0.01848739505791392,0.39779803440443917,21.694146617034136,0.4338829323406826,4.738462900202358,-75.02569458384133,-0.019067925765572997,0.4089309780120281,22.253922721165733,0.4450784544233148,4.540717619582409,-77.78148319143315
9,50,Log-det,0.08521488176110116,0.39056513026052103,0.010944147900276388,0.12129047427166237,4.2637106905923385,0.08527421381184679,23.81269698248318,-21.20276071541082,0.012599145203945736,0.12019427612019004,4.477208791627363,0.08954417583254726,23.828291399479955,-21.86560558631041
9,50,Random,0.08521488176110116,0.39056513026052103,0.07202746554672192,0.2765821654334241,16.06034701560186,0.3212069403120373,7.698554061974056,-55.214082617296235,0.07300182145084551,0.2849707070908393,16.616834813585115,0.33233669627170237,7.304383383658026,-57.53000505745773
10,10,Paper (published),0.06358367576447238,0.44040881763527057,0.0034927775862988045,0.05326222643570041,1.2861658425466125,0.12861658425466133,9.634924935482172,-0.1970094736922866,0.012140979402516985,0.0484842620390824,1.300819049198854,0.13008190491988544,9.682487555640897,-0.1683410413103113
10,10,Paper + swap,0.06358367576447238,0.44040881763527057,-0.00019940921341863829,0.04685659314238967,1.222731501503281,0.12227315015032807,9.707566394839588,-0.1606112373030954,0.011040571189109864,0.043323301657598214,1.2089934275848484,0.12089934275848487,9.754622687122897,-0.13824924107170197
10,10,Max diversity |rho|,0.06358367576447238,0.44040881763527057,0.009229133567651687,0.03878108911125883,1.2620482688995551,0.12620482688995552,9.745019509424836,-0.13635200981378176,-0.0015778315462854076,0.03291043886046616,1.2245155732467894,0.1224515573246789,9.81725719492356,-0.09733637645136736
10,10,Max diversity rho,0.06358367576447238,0.44040881763527057,-0.10175337768281602,0.6754676856384221,7.129520946318256,0.7129520946318257,1.9047480532239591,-12.11518867667167,-0.10342016473303063,0.6868866850351318,7.224438105749268,0.7224438105749268,1.8607401291914307,-12.46835327249751
10,10,Log-det,0.06358367576447238,0.44040881763527057,-0.00025208074150778406,0.04368169237769998,1.3049028492126185,0.13049028492126186,9.7315150114909,-0.13770061635672945,-0.0007375648911883045,0.03394519588776234,1.221821937203188,0.1221821937203188,9.830110117297846,-0.0868518121735395
10,10,Random,0.06358367576447238,0.44040881763527057,0.07544575891674146,0.30524889928438825,4.049938233867937,0.4049938233867935,4.487337578973849,-4.295180161527134,0.07528861445788634,0.3053934900262053,4.066459492303256,0.4066459492303256,4.448951174049056,-4.318668877732732
10,20,Paper (published),0.06358367576447238,0.44040881763527057,0.0022820377486180965,0.07516274420815,1.7953944357993508,0.08976972178996756,16.829451718655935,-2.1661071803813914,0.008786502658435417,0.0761326906878178,1.6931983358542153,0.08465991679271073,16.84061585276349,-2.249130022623043
10,20,Paper + swap,0.06358367576447238,0.44040881763527057,-0.0010323354171440724,0.07279521846511676,1.7903807126903293,0.08951903563451648,16.864542752864423,-2.2220562754227964,0.003451212381235471,0.07405110504024433,1.6516337729742723,0.08258168864871364,16.913478966154145,-2.22939017277857
10,20,Max diversity |rho|,0.06358367576447238,0.44040881763527057,-0.0026996257587348113,0.05956911647243993,1.7009684521431883,0.0850484226071594,17.670269449585028,-1.402525897669076,-0.0030597690729202054,0.059286257940269774,1.6358152934701393,0.08179076467350699,17.643302860745877,-1.466871051640575
10,20,Max diversity rho,0.06358367576447238,0.44040881763527057,-0.04838165693641339,0.4124561593997501,9.913879376855782,0.49569396884278893,3.6486826600061466,-22.432938625345397,-0.0488299531598011,0.41690295780510067,9.947292574684198,0.49736462873421,3.6183446467564546,-23.06535001470573
10,20,Log-det,0.06358367576447238,0.44040881763527057,0.0009179895258434212,0.061332494586754105,1.6780296841695201,0.08390148420847601,17.93775795863295,-1.1499636145687702,-0.0005064383538660555,0.06217893562127411,1.7147844969561241,0.08573922484780622,17.87678958505212,-1.2030424931580312
10,20,Random,0.06358367576447238,0.44040881763527057,0.11063535225083951,0.22934074415814043,6.805667823555407,0.3402833911777704,6.554519370445417,-11.990948194930809,0.113869978483796,0.23325444510160762,6.833348314439441,0.34166741572197207,6.482160678772047,-12.410822118824012
10,50,Paper (published),0.06358367576447238,0.44040881763527057,0.0054605642938319815,0.095164026011557,3.1751825079651574,0.06350365015930313,28.020782379583803,-18.606413781957198,0.005244881154767654,0.09797179995932086,3.018265583294621,0.06036531166589244,27.584311094936066,-20.205304244786657
10,50,Paper + swap,0.06358367576447238,0.44040881763527057,0.004504269134517925,0.09273253305370047,3.0775700751198447,0.06155140150239689,28.407783299882443,-18.457823975118075,0.0032948998985464634,0.09566497270935301,2.9317153867776065,0.05863430773555213,27.974798083017284,-19.772229556914358
10,50,Max diversity |rho|,0.06358367576447238,0.44040881763527057,-0.0007201513580467545,0.08336007999442258,3.4955249782018596,0.0699104995640372,29.29185557564141,-15.16427040093892,-0.0006325843938708791,0.08527682316890949,3.564905433643606,0.0712981086728721,28.83453703072182,-16.369594366414752
10,50,Max diversity rho,0.06358367576447238,0.44040881763527057,-0.018906296611230004,0.5447791031532933,28.870163422174997,0.5774032684435,2.855537742771543,-91.11431275704828,-0.01918181856145467,0.5456858766691197,28.92703210974124,0.5785406421948247,2.840752133242124,-93.38455297950425
10,50,Log-det,0.06358367576447238,0.44040881763527057,0.0016828737343584311,0.08868631028671603,3.742996478493079,0.07485992956986158,30.075737332951075,-12.735247165068497,0.002172080769163037,0.09143200068057386,3.7503780165994587,0.07500756033198916,29.564274740103283,-13.892087362255017
10,50,Random,0.06358367576447238,0.44040881763527057,0.02394742775527561,0.32111720604927524,19.638108217899465,0.3927621643579893,5.74796285031102,-49.56302048236795,0.024052716222135135,0.3251233531064887,19.69892802236633,0.3939785604473266,5.6905337293182106,-51.87952586030181
11,10,Paper (published),0.06564270875527685,0.3716713426853707,-0.007586436361809632,0.05240477572186489,1.301227682859283,0.13012276828592825,9.573488447319972,-0.23934046162584993,-0.005541501348741228,0.05797143622114373,1.311682497458517,0.1311682497458517,9.533874277565626,-0.26826626742558035
11,10,Paper + swap,0.06564270875527685,0.3716713426853707,0.0006204416071578865,0.05151093296537292,1.3399745459707963,0.13399745459707962,9.589157299705759,-0.22166126199731673,0.0059803208062572675,0.05371821378290829,1.2769988202670544,0.12769988202670546,9.628563680404705,-0.20909360346249953
11,10,Max diversity |rho|,0.06564270875527685,0.3716713426853707,-0.004167202536877834,0.058102452567251876,1.4546772410978015,0.14546772410978012,9.480101514785725,-0.2712823138985469,-0.0048742634151720905,0.04374116823091809,1.3423407790526671,0.1342340779052667,9.592817228716717,-0.21575444281365788
11,10,Max diversity rho,0.06564270875527685,0.3716713426853707,-0.09569878665757486,0.2776363054384087,3.54638487967642,0.35463848796764186,5.141885157794425,-4.942377866720637,-0.09644963096214627,0.26806449124542653,3.484685311119082,0.3484685311119083,5.173799560996617,-5.042862298667612
11,10,Log-det,0.06564270875527685,0.3716713426853707,-0.004108990339196658,0.046746326506473035,1.3107277466622311,0.13107277466622308,9.676805730682753,-0.16884076631870065,-0.004375278954312418,0.045563831073869666,1.298617956422486,0.1298617956422486,9.734400245572097,-0.1345068289325093
11,10,Random,0.06564270875527685,0.3716713426853707,0.05423027322560671,0.16395409161210792,2.447200435639042,0.24472004356390423,7.247860526086385,-1.8529618298127883,0.05976793028248566,0.17455284886529426,2.5807629440724433,0.2580762944072443,7.013742253568655,-2.0176972194949636
11,20,Paper (published),0.06564270875527685,0.3716713426853707,0.004104804819687419,0.0787847198312808,1.7789440832851728,0.08894720416425862,16.698054410080598,-2.2641177477051055,0.0003917875288423335,0.07935002723193792,1.727175265914464,0.08635876329572323,16.69023421856805,-2.315282777511626
11,20,Paper + swap,0.06564270875527685,0.3716713426853707,0.000937029156278626,0.0827590277115224,1.798835906454249,0.08994179532271245,16.525392323371822,-2.3536599223854537,-0.00011549774641460623,0.08124977334624647,1.672912061773116,0.0836456030886558,16.597524770830177,-2.4220933739839006
11,20,Max diversity |rho|,0.06564270875527685,0.3716713426853707,0.004933954934634227,0.07276993246922359,1.822318455990124,0.0911159227995062,16.97993000421816,-1.782669825822706,0.0026741558211780692,0.06671777314177972,1.7487900639920126,0.08743950319960063,17.232286951441715,-1.6507765877615448
11,20,Max diversity rho,0.06564270875527685,0.3716713426853707,-0.045558547616797875,0.21720519841901836,4.741997670540906,0.2370998835270453,8.655899924175097,-11.775170918276887,-0.04617715788877729,0.21822189322240185,4.801604220347235,0.24008021101736174,8.557366277059167,-12.042427077071043
11,20,Log-det,0.06564270875527685,0.3716713426853707,-0.0018131361035270232,0.07801141265435531,1.8772828651835465,0.0938641432591773,17.2160041108041,-1.5681917621714037,-0.0017607168001867474,0.0730447574747772,1.7798598289461984,0.08899299144730993,17.50619965484377,-1.4028850294920618
11,20,Random,0.06564270875527685,0.3716713426853707,0.1254018801889001,0.1959463544495454,4.293206902709164,0.21466034513545812,9.770229402034575,-8.554262961282666,0.13164642506145485,0.20519727702064502,4.585642014109112,0.22928210070545568,9.346440318435194,-8.979105122869967
11,50,Paper (published),0.06564270875527685,0.3716713426853707,0.004273825146935034,0.09916741779843015,3.290678308860047,0.06581356617720095,28.182116104011083,-18.545705174796513,0.002549437804211215,0.1009511333284159,3.0664748213680895,0.061329496427361775,27.616713200949928,-19.9194969374992
11,50,Paper + swap,0.06564270875527685,0.3716713426853707,0.0061686489657617975,0.09949720268216873,3.156870611843085,0.0631374122368617,27.936641462405493,-18.82507968368471,0.004336058939812874,0.10227655421737825,3.0131385775291153,0.06026277155058231,27.321329601311067,-20.10001961598053
11,50,Max diversity |rho|,0.06564270875527685,0.3716713426853707,0.0010227601604978506,0.09273676246379876,3.3299448257474404,0.06659889651494881,29.600935250526856,-15.95371869924198,-9.07986153288898e-05,0.09196853382688656,3.2238909135388494,0.06447781827077699,29.566712339427475,-16.79201203003758
11,50,Max diversity rho,0.06564270875527685,0.3716713426853707,-0.017726604601486742,0.2268792695344421,11.992651782848853,0.239853035656977,10.87595338697303,-49.67440113812598,-0.01829026459607456,0.22840724786301173,11.992391219587326,0.23984782439174654,10.748903008120681,-51.52892743174984
11,50,Log-det,0.06564270875527685,0.3716713426853707,0.026712403604962038,0.10186457692357405,4.621581574453396,0.09243163148906791,28.090808656613973,-13.827755081739141,0.025208197132507125,0.10157031846738791,4.4212827541742765,0.08842565508348554,28.09506392766926,-14.412944644117356
11,50,Random,0.06564270875527685,0.3716713426853707,0.0859398203917444,0.19728677379758502,10.092117023840178,0.20184234047680363,13.201080408771134,-36.61295443033175,0.0845381094380414,0.19989104125343204,10.238325772865199,0.2047665154573039,12.9288721901242,-38.558525262728374
12,10,Paper (published),0.014664385768692093,0.4808256513026052,-0.010133992804267772,0.06586133371632831,1.313840396616801,0.1313840396616801,9.41943543083607,-0.3788389537650489,-0.006141124647735436,0.055969770823762116,1.2635831780214841,0.12635831780214846,9.548815863829129,-0.2846103334238909
12,10,Paper + swap,0.014664385768692093,0.4808256513026052,0.00022395196278663295,0.05659323420497313,1.2778628976496358,0.12778628976496356,9.552499192441783,-0.26215176106750754,0.004877888963310707,0.05474044660293777,1.2553398106055975,0.1255339810605598,9.602777186491812,-0.2328884443124348
12,10,Max diversity |rho|,0.014664385768692093,0.4808256513026052,0.0015418869689043046,0.04212098994135073,1.2325689215359685,0.12325689215359688,9.762712757976384,-0.12582119173442616,0.006402712579492219,0.03675135209384284,1.2247147413540345,0.12247147413540349,9.773283538885911,-0.1215867357166886
12,10,Max diversity rho,0.014664385768692093,0.4808256513026052,-0.09680634126793125,0.16365640596094658,2.116385388477191,0.2116385388477191,7.215887971227539,-2.9812307144098713,-0.09866946876404988,0.16679423869811166,2.2376156684340835,0.2237615668434083,7.0431218969751255,-3.2421287255726154
12,10,Log-det,0.014664385768692093,0.4808256513026052,-0.014482839860111394,0.05480874190515646,1.3516158990302516,0.13516158990302524,9.641583863052068,-0.1824006501169717,-0.013441134708390225,0.04165390373223872,1.2805716521354285,0.12805716521354285,9.76833836344184,-0.11716609183879297
12,10,Random,0.014664385768692093,0.4808256513026052,-0.0190095403192089,0.13739093413661518,1.9243564183099897,0.19243564183099898,7.806814271372692,-1.6690432854386592,-0.012751910656002445,0.13477389674933482,1.9461335665986819,0.19461335665986815,7.769723405882067,-1.7133443370816233
12,20,Paper (published),0.014664385768692093,0.4808256513026052,0.004039244500687855,0.08281873851649096,1.778438716103396,0.08892193580516984,16.627808303287985,-2.4708208153431594,0.008544112888117383,0.07850405119649091,1.6395804181675295,0.08197902090837647,16.916061994631548,-2.3122184644263073
12,20,Paper + swap,0.014664385768692093,0.4808256513026052,0.0005295527398503977,0.0777497808464146,1.764846665162211,0.08824233325811054,16.753132875591195,-2.3527805110601796,0.004434685095833803,0.07748043321752308,1.6079852644840087,0.0803992632242004,16.94924294211941,-2.3105240104436016
12,20,Max diversity |rho|,0.014664385768692093,0.4808256513026052,0.001068511117303247,0.06319802781465945,1.6854421224186926,0.08427210612093464,17.53141423355591,-1.55213772449157,6.32094483125792e-05,0.059731362239590434,1.6334402164994641,0.08167201082497319,17.7338218940042,-1.439977328653716
12,20,Max diversity rho,0.014664385768692093,0.4808256513026052,-0.046140776154633245,0.20584646714646662,4.975907727594054,0.24879538637970278,8.585644340648791,-12.270868634660864,-0.04712204010034399,0.21081068330145045,5.227494636423877,0.26137473182119375,8.206647843797898,-12.89124439959021
12,20,Log-det,0.014664385768692093,0.4808256513026052,0.009996998966246787,0.0694501399126275,1.7983212723017281,0.08991606361508639,17.528996825694485,-1.428472521366729,0.010629775660189104,0.06540308485468818,1.7616066164163886,0.08808033082081947,17.762395559285164,-1.294028483450649
12,20,Random,0.014664385768692093,0.4808256513026052,0.0330368366732175,0.13935785920583085,3.454105836709478,0.17270529183547392,12.024807623988913,-6.687351609158902,0.03598757376559128,0.14900014805330916,3.578469399875747,0.17892346999378742,11.539108366690282,-7.451198046117849
12,50,Paper (published),0.014664385768692093,0.4808256513026052,0.003978002161940852,0.0966949267080308,2.910331288903972,0.05820662577807943,28.545286569282094,-22.478338020645324,0.006269948034835497,0.09735038896386028,2.7449000337523866,0.05489800067504773,28.43135164915592,-23.54465921848154
12,50,Paper + swap,0.014664385768692093,0.4808256513026052,0.0029200134596325832,0.09599115132740105,2.843707540746984,0.056874150814939683,28.83519654298581,-21.743952086316025,0.00511106632616223,0.09742940875438486,2.711912624153731,0.054238252483074616,28.554910147171167,-23.041431502488663
12,50,Max diversity |rho|,0.014664385768692093,0.4808256513026052,0.005740414411758262,0.08893359671358685,3.0406003949445894,0.06081200789889181,29.573487609396217,-17.834498605951403,0.006275736693282445,0.08746923934343312,3.061222813764233,0.06122445627528467,29.65344612706399,-18.62401513570983
12,50,Max diversity rho,0.014664385768692093,0.4808256513026052,-0.01798893053416111,0.21701440710113146,12.565740814541908,0.25131481629083813,10.41920556112137,-53.09894101819793,-0.0182954208467215,0.22367691110329277,12.99404797521455,0.25988095950429096,9.912603244652546,-55.616025592885926
12,50,Log-det,0.014664385768692093,0.4808256513026052,0.009291191460009432,0.09685468017456232,3.5411299715774502,0.07082259943154902,29.471122060559022,-14.85904885521956,0.009862336194679288,0.09718233696654133,3.550476031634336,0.07100952063268673,29.189741212202687,-15.413479705712167
12,50,Random,0.014664385768692093,0.4808256513026052,0.013976037017041223,0.15810092299145997,7.831062000941614,0.1566212400188323,16.302830991614176,-40.83460026771413,0.015344572494298643,0.16391976354829194,8.163068515189845,0.16326137030379692,15.51409668333144,-42.92659794076779
13,10,Paper (published),0.10901006847744239,0.4016993987975952,-0.0010523504645011496,0.009400744654894586,1.094114163379026,0.1094114163379026,9.986573412699434,-0.006481994242827838,0.00024107228555873272,0.014795705220486573,1.0812191941005538,0.10812191941005538,9.968746151920513,-0.015833913877282252
13,10,Paper + swap,0.10901006847744239,0.4016993987975952,-0.0007848497039438442,0.007302460038572721,1.0665763774889845,0.10665763774889848,9.991616777343724,-0.004097454084356717,0.0023679064820972618,0.016942573967739856,1.077549169770099,0.1077549169770099,9.96333699956333,-0.018921000112903954
13,10,Max diversity |rho|,0.10901006847744239,0.4016993987975952,0.00023769317838486282,0.010335446256057812,1.117103072551275,0.1117103072551275,9.981011699617607,-0.009082967321369335,0.0022202407582138004,0.01187529472735497,1.0841244067272486,0.1084124406727249,9.976840206287259,-0.01159014216835656
13,10,Max diversity rho,0.10901006847744239,0.4016993987975952,-0.10347988273424948,0.7882866451468091,8.122726646611618,0.8122726646611617,1.4956244533051535,-16.216434866609486,-0.10423042962589527,0.7914300278652622,8.150521302269802,0.8150521302269803,1.4852294096798684,-16.590766340906573
13,10,Log-det,0.10901006847744239,0.4016993987975952,-0.0015424865688798096,0.010358922152397837,1.1404988117057202,0.114049881170572,9.96871099138114,-0.015113358638802291,-0.004672667069217263,0.01354472644657399,1.084377509269368,0.10843775092693682,9.97820200031334,-0.010880270840810762
13,10,Random,0.10901006847744239,0.4016993987975952,0.12386478157680192,0.26922898553162794,4.097090338186629,0.40970903381866286,4.619213094900697,-3.7680922154396783,0.12955869573017717,0.28068592573704604,4.168695354330762,0.41686953543307614,4.489294942244387,-4.06816555108971
13,20,Paper (published),0.10901006847744239,0.4016993987975952,-0.00010587991454338896,0.011718049974189656,1.2303203082194933,0.061516015410974664,19.913886987454262,-0.03905215103553567,-0.0023797140724461834,0.022320348435795098,1.1889031385151914,0.059445156925759565,19.682703550807627,-0.16504510635847555
13,20,Paper + swap,0.10901006847744239,0.4016993987975952,0.00036242970445759056,0.011904318288758226,1.2556859291485847,0.06278429645742925,19.868016076537394,-0.061752338784362475,0.0022429977185150344,0.023991605436781194,1.1753472410191839,0.05876736205095919,19.65966822547673,-0.17990074649793417
13,20,Max diversity |rho|,0.10901006847744239,0.4016993987975952,-0.0003001566417090225,0.012157670503098876,1.2608992344404677,0.06304496172202338,19.89086299137229,-0.0490786471868956,-0.004202451721839383,0.01969050799421095,1.1918574893968104,0.059592874469840504,19.749816582453935,-0.12870371994999108
13,20,Max diversity rho,0.10901006847744239,0.4016993987975952,-0.04889748851842923,0.6242163290295827,13.828220895031635,0.6914110447515815,1.9903209912740947,-36.33490876431511,-0.04921949148701093,0.6276165390172063,13.879029212619923,0.6939514606309963,1.9777785939968113,-36.857998706018506
13,20,Log-det,0.10901006847744239,0.4016993987975952,-0.0009302316185884337,0.013076856399583489,1.2826163017036887,0.06413081508518444,19.881063434359415,-0.053203282724056715,-0.0013268743446287672,0.02099919424301717,1.241471267599778,0.062073563379988914,19.74802435458044,-0.12500536868724896
13,20,Random,0.10901006847744239,0.4016993987975952,0.21822912384314525,0.22563052744885143,7.724440292362861,0.3862220146181431,5.686112694246643,-10.67807996360258,0.22698923264672022,0.2393062995703411,7.820000107552167,0.3910000053776082,5.559036500308016,-11.210517562147006
13,50,Paper (published),0.10901006847744239,0.4016993987975952,0.0006122542939050044,0.012415206280564082,1.604291028247021,0.03208582056494042,48.60344730303137,-0.65325914420655,-5.135813256142151e-05,0.032367495371215395,1.5949042204540769,0.03189808440908154,45.93331139492047,-2.2495015640787286
13,50,Paper + swap,0.10901006847744239,0.4016993987975952,0.0011712077385760634,0.012093876737004856,1.5691302270993988,0.03138260454198798,48.51744893467267,-0.7149565158439638,9.438766064407051e-05,0.032364530149273305,1.5607288063883182,0.031214576127766364,45.83324814158482,-2.317111758676196
13,50,Max diversity |rho|,0.10901006847744239,0.4016993987975952,0.0016145637010168657,0.013054962547318097,1.6057621363858958,0.032115242727717916,48.222080134753085,-0.8689419696876245,-0.00084940502266404,0.030651321806333284,1.654569108348888,0.03309138216697777,45.87225884307651,-2.305670254161891
13,50,Max diversity rho,0.10901006847744239,0.4016993987975952,-0.01780990737121898,0.5968062524949411,32.721885055433845,0.6544377011086768,2.271693578635643,-88.45725292290815,-0.018567112087903348,0.6035735485887013,33.04700138990032,0.6609400277980068,2.2271816687608483,-92.1998523360158
13,50,Log-det,0.10901006847744239,0.4016993987975952,0.0011803431895107304,0.013627349272008647,1.759912518071654,0.03519825036143307,48.91180474858639,-0.4572921483429148,-0.0004971730317383244,0.0315309386029438,1.8158171234623373,0.03631634246924675,46.43204214837545,-1.8631539132542447
13,50,Random,0.10901006847744239,0.4016993987975952,0.06346661971511428,0.28797127195846856,20.277047917255054,0.405540958345101,5.620787373919169,-41.333686164343625,0.06636404273437702,0.30043125858598185,20.811193159204457,0.41622386318408916,5.352890039127494,-44.27866758163709
14,10,Paper (published),0.02234913841579528,0.44832865731462923,0.005769480715131708,0.05024168668712433,1.2795301085031812,0.12795301085031813,9.674440468724269,-0.18045462911455518,-0.00015570017322162036,0.04621726331246918,1.2614169452233064,0.12614169452233065,9.670690903003342,-0.18944514420318792
14,10,Paper + swap,0.02234913841579528,0.44832865731462923,0.008591064069710193,0.05379853386391983,1.2903405075040872,0.12903405075040877,9.611672479505154,-0.22361388788626593,0.0040046162436868414,0.04649091694937967,1.2235719608087219,0.12235719608087219,9.66774758657734,-0.2016211934459489
14,10,Max diversity |rho|,0.02234913841579528,0.44832865731462923,0.010584745223232687,0.03997248334916145,1.2289003305643373,0.12289003305643373,9.74952743667629,-0.13359305566881324,0.0065325775129059975,0.0314660318684498,1.2059458993221355,0.12059458993221354,9.824729592278432,-0.09242774084934029
14,10,Max diversity rho,0.02234913841579528,0.44832865731462923,-0.08883206439989261,0.20487475624132506,2.7645772695838815,0.27645772695838816,6.4058598563311,-3.1027896307981564,-0.09057939326154342,0.2137800161977599,2.838944211012853,0.2838944211012853,6.252019387996766,-3.3277756186131904
14,10,Log-det,0.02234913841579528,0.44832865731462923,0.016226589041147134,0.04066347274848131,1.275719943345951,0.12757199433459512,9.758042327509685,-0.12285531976436456,0.009237672352494822,0.0314917291033439,1.1675761474915474,0.11675761474915478,9.861573434210337,-0.07107936450570071
14,10,Random,0.02234913841579528,0.44832865731462923,0.005561746477278143,0.12460291534497106,1.9387645145598718,0.19387645145598717,8.251890419290305,-1.0634185038660646,0.002041001330549398,0.12164148010551959,1.900814102550318,0.19008141025503172,8.215578097496772,-1.1477714145272175
14,20,Paper (published),0.02234913841579528,0.44832865731462923,0.009346177213109324,0.07020872228254511,1.763861489522349,0.08819307447611745,17.297235155709696,-1.7053549542143291,0.007656525096192983,0.07087730037388332,1.6298087666953,0.08149043833476503,17.24185595255621,-1.844371392462264
14,20,Paper + swap,0.02234913841579528,0.44832865731462923,0.017130992738920787,0.06932521619964888,1.7547644737488683,0.0877382236874434,17.338722579065394,-1.6960422175178842,0.01476386204015758,0.07097081604989934,1.5731300922840221,0.07865650461420114,17.2352267522166,-1.878654847026982
14,20,Max diversity |rho|,0.02234913841579528,0.44832865731462923,0.01122801580782145,0.061259334417061835,1.6983841893104725,0.08491920946552363,17.92622337702115,-1.11694067958115,0.010694028432369478,0.05517078632049339,1.524693150790893,0.07623465753954467,18.217402389060457,-1.0303532923669976
14,20,Max diversity rho,0.02234913841579528,0.44832865731462923,-0.04091096148849252,0.17618692789682444,4.291359477653182,0.21456797388265908,10.170209523080754,-8.761724254047447,-0.04355357127689162,0.1925586353244723,4.578939151255255,0.2289469575627627,9.450358344035974,-9.847926972343336
14,20,Log-det,0.02234913841579528,0.44832865731462923,0.011347860989946883,0.06136245974763166,1.6878985208694113,0.08439492604347058,18.06672861599211,-1.047064374987316,0.006569176668331183,0.05456600383836898,1.55605289427273,0.07780264471363649,18.338015168518453,-0.912502885318494
14,20,Random,0.02234913841579528,0.44832865731462923,0.01983503074454036,0.16036169595631627,3.932350311952776,0.1966175155976389,11.358128263640442,-6.210661717187909,0.01465251889951902,0.16638906867316178,4.104244038610577,0.20521220193052891,10.919045196641097,-6.767747920915029
14,50,Paper (published),0.02234913841579528,0.44832865731462923,0.025612518133990153,0.08481975327935216,2.9319671372686726,0.05863934274537345,31.20468915847318,-15.822521445121575,0.022744894957198506,0.08901906332920748,2.722331844151076,0.054446636883021524,30.26080469344023,-17.471815824681105
14,50,Paper + swap,0.02234913841579528,0.44832865731462923,0.024984262531179375,0.08408586127247929,2.913403111806604,0.05826806223613208,31.378428873598093,-15.30007189369016,0.022271644771710303,0.08739300189169076,2.6395119280596857,0.05279023856119372,30.798099290323204,-16.55596867060806
14,50,Max diversity |rho|,0.02234913841579528,0.44832865731462923,0.022542113205433787,0.07457382833463402,2.6865026487890966,0.05373005297578193,33.97154691501808,-11.301237672372885,0.018782272615974604,0.07627745842453183,2.7215575033825847,0.05443115006765171,33.260241103830175,-12.660858479447686
14,50,Max diversity rho,0.02234913841579528,0.44832865731462923,-0.01610500946954887,0.1519401682056787,6.238265100710052,0.12476530201420104,17.973854736087475,-38.165440918556335,-0.017238226990893685,0.15852351440184742,6.309659835052834,0.12619319670105666,17.183834271499077,-41.11667592399514
14,50,Log-det,0.02234913841579528,0.44832865731462923,0.01711658967865891,0.07946770468806448,3.2097998339055502,0.064195996678111,34.05296473485879,-9.508694725950498,0.014882317994839203,0.08391809871314976,3.462987955319951,0.06925975910639905,32.87348001868925,-10.685297497636615
14,50,Random,0.02234913841579528,0.44832865731462923,0.024589762732760024,0.13799953344186852,6.114835204099897,0.12229670408199794,20.370997750214006,-29.579264008231622,0.02341499711341525,0.14545149043226827,6.328302397209015,0.1265660479441803,19.350890974302732,-32.64228044273293
15,10,Paper (published),0.04582837443465438,0.4240080160320641,0.0082262625681916,0.04563339368333675,1.2874904354220351,0.1287490435422035,9.701654035842418,-0.15766491953401263,0.006307142236507807,0.04690166865746776,1.227596687232919,0.12275966872329187,9.68499945790008,-0.17738354356387886
15,10,Paper + swap,0.04582837443465438,0.4240080160320641,0.0082262625681916,0.04563339368333675,1.2874904354220351,0.1287490435422035,9.701654035842418,-0.15766491953401263,0.006307142236507807,0.04690166865746776,1.227596687232919,0.12275966872329187,9.68499945790008,-0.17738354356387886
15,10,Max diversity |rho|,0.04582837443465438,0.4240080160320641,0.005345312245791785,0.034072444026824564,1.196764565554126,0.11967645655541262,9.834153358812522,-0.08676427016753713,0.007609366291736608,0.031202752301446608,1.2072730473117725,0.12072730473117725,9.847913602830806,-0.07779218256371308
15,10,Max diversity rho,0.04582837443465438,0.4240080160320641,-0.09582125450964883,0.29744286523652536,3.7381551240109934,0.3738155124010992,4.923400341700131,-4.295813388094678,-0.09690775241137423,0.3094474549531804,3.8268732948948516,0.3826873294894853,4.808985124823123,-4.4236065298434175
15,10,Log-det,0.04582837443465438,0.4240080160320641,0.00023454766560627365,0.04052564030155447,1.292017696768531,0.12920176967685307,9.77108050136185,-0.11620672913968202,0.010066232784903187,0.03397707102549657,1.194476817917866,0.11944768179178662,9.830352513373583,-0.08767887321131397
15,10,Random,0.04582837443465438,0.4240080160320641,0.002635557036233521,0.17601001777208042,2.579628561051095,0.2579628561051095,7.033009249107483,-1.9224056447071804,0.001172883918078349,0.18408321116344398,2.6802015873641962,0.2680201587364197,6.821387524076006,-2.107810001146091
15,20,Paper (published),0.04582837443465438,0.4240080160320641,0.006647223176747026,0.06409700863727472,1.6406383661705084,0.08203191830852545,17.656953555522414,-1.4710032429387674,0.006622367814447344,0.06909575058185422,1.5932668085871458,0.0796633404293573,17.39755293327895,-1.738522486298665
15,20,Paper + swap,0.04582837443465438,0.4240080160320641,0.0047732758247263285,0.066409080368761,1.744217223391293,0.08721086116956464,17.570288008452856,-1.5216228701786503,0.006365375603770817,0.06847091224796684,1.5626183954510326,0.07813091977255165,17.445756175026286,-1.6946232548220597
15,20,Max diversity |rho|,0.04582837443465438,0.4240080160320641,0.0021317702613614996,0.05606041838989634,1.6211771950593559,0.0810588597529678,17.998439607998996,-1.1801199572384065,0.004892222377626527,0.054401943418471384,1.526627660950961,0.07633138304754805,18.17036448731966,-1.091589475141969
15,20,Max diversity rho,0.04582837443465438,0.4240080160320641,-0.04494886555417251,0.2047552590157922,3.5661325029927182,0.1783066251496359,8.93553306046038,-13.912064171190499,-0.04643860998892016,0.2120264417055289,3.868532453974419,0.193426622698721,8.711516495303263,-14.219076445978619
15,20,Log-det,0.04582837443465438,0.4240080160320641,-0.0035860192984266963,0.05698929446532542,1.693946469058575,0.08469732345292874,18.277327171710393,-0.9001194808791065,-0.0010191283212767019,0.057668955717122244,1.6682541650056635,0.08341270825028317,18.27090766971738,-0.9264723157570094
15,20,Random,0.04582837443465438,0.4240080160320641,0.011998815577018217,0.18154693187571344,3.8650500766833122,0.19325250383416565,10.280749199699093,-8.489364249930777,0.013846578606623075,0.18376218931627583,3.8755728230731696,0.19377864115365845,10.204266496746126,-8.719976590621187
15,50,Paper (published),0.04582837443465438,0.4240080160320641,0.002658537604095813,0.08564139990329811,3.0026014715662237,0.06005202943132448,31.116630170762914,-13.863947037579427,0.00284896394274403,0.08774852175818885,2.792999800241749,0.05585999600483497,30.52785898366513,-15.36335311908495
15,50,Paper + swap,0.04582837443465438,0.4240080160320641,0.004028011290348262,0.08630061041117042,3.0554246949893162,0.06110849389978632,30.44419572360084,-15.098504880520627,0.003761255545766113,0.08781990188083345,2.7378737745355832,0.05475747549071168,30.105678599866245,-16.371808253597184
15,50,Max diversity |rho|,0.04582837443465438,0.4240080160320641,0.00536172162845342,0.07845294628935964,3.025420986142806,0.060508419722856095,32.60908523259759,-11.546204888266535,0.006035487714469735,0.07905363608539785,2.8750679383858087,0.05750135876771617,32.43099668528192,-12.338494625084822
15,50,Max diversity rho,0.04582837443465438,0.4240080160320641,-0.017222873630568812,0.216931153903627,10.682273151645589,0.21364546303291168,10.90879314489988,-53.32355438672477,-0.018154490223556308,0.2256995853758522,10.931453960184598,0.21862907920369198,10.400146832316096,-56.017691701134375
15,50,Log-det,0.04582837443465438,0.4240080160320641,0.0026302389887234946,0.08194969088573884,3.437541326227306,0.06875082652454612,32.759700495165816,-9.550498330103354,0.0023646602232580264,0.08471128620058112,3.295697787418285,0.0659139557483657,32.13645056612412,-10.583545356371605
15,50,Random,0.04582837443465438,0.4240080160320641,0.035324744378075125,0.18641224791486408,9.899502301006809,0.19799004602013617,13.342907218092247,-42.07582551792457,0.0350048745661426,0.18511251880594462,9.962007543755647,0.19924015087511293,13.281216853259174,-43.975148316322944
16,10,Paper (published),0.011291281326941236,0.4759839679358717,0.0060822230763757056,0.053529105523711824,1.288442459305085,0.1288442459305085,9.620627646997304,-0.205062490858817,-0.0010893180193495577,0.04906392175435715,1.2656324176895017,0.12656324176895017,9.658947239984633,-0.18153189682073223
16,10,Paper + swap,0.011291281326941236,0.4759839679358717,0.0060822230763757056,0.053529105523711824,1.288442459305085,0.1288442459305085,9.620627646997304,-0.205062490858817,-0.0010893180193495577,0.04906392175435715,1.2656324176895017,0.12656324176895017,9.658947239984633,-0.18153189682073223
16,10,Max diversity |rho|,0.011291281326941236,0.4759839679358717,-0.006136148712249693,0.049840258322350235,1.276922221732657,0.12769222217326573,9.661458570252046,-0.17896805076029504,-0.006251972863201563,0.03460198345723492,1.19992612530873,0.11999261253087304,9.795610049484365,-0.1070954857465009
16,10,Max diversity rho,0.011291281326941236,0.4759839679358717,-0.08779983475651676,0.19193029986968746,2.5990825945755405,0.259908259457554,6.582077030513556,-2.862145985472855,-0.08992848989349954,0.19885841539562985,2.748145881882658,0.2748145881882658,6.325558376358974,-3.135135839549876
16,10,Log-det,0.011291281326941236,0.4759839679358717,0.002017144707697212,0.05377338491351391,1.3284706234035855,0.13284706234035856,9.583564973441375,-0.2175942545175677,0.0011973171655598562,0.04000930153663889,1.2619362717327445,0.12619362717327445,9.774461484671706,-0.11327006344418941
16,10,Random,0.011291281326941236,0.4759839679358717,0.022617135403251554,0.13182348973866545,1.9343782870270454,0.1934378287027046,8.060895908661529,-1.265535236360346,0.01569416474018042,0.13962926179820412,1.988400844796614,0.19884008447966142,7.965269002793234,-1.3726574593547287
16,20,Paper (published),0.011291281326941236,0.4759839679358717,0.01050164823321585,0.0838883294459481,1.8214927216503791,0.09107463608251899,16.601310581207933,-2.470092847562071,0.006400299758890597,0.08118120053578881,1.6377693429248061,0.08188846714624033,16.658211541191182,-2.523038744873189
16,20,Paper + swap,0.011291281326941236,0.4759839679358717,0.01050164823321585,0.0838883294459481,1.8214927216503791,0.09107463608251899,16.601310581207933,-2.470092847562071,0.006400299758890597,0.08118120053578881,1.6377693429248061,0.08188846714624033,16.658211541191182,-2.523038744873189
16,20,Max diversity |rho|,0.011291281326941236,0.4759839679358717,0.012710837238412988,0.0669894667459174,1.8376935962914573,0.09188467981457292,17.533269148290145,-1.4590109712086592,0.010257437107800329,0.06318647951478287,1.724251311448023,0.08621256557240116,17.72396734477035,-1.3659708018038135
16,20,Max diversity rho,0.011291281326941236,0.4759839679358717,-0.045821328730364784,0.17527790790068648,3.2655333530997654,0.16327666765498824,10.958143001476008,-9.182116884961346,-0.04607156176156197,0.17713453987600422,3.2864282495983748,0.16432141247991877,10.904599167477784,-9.484371436895666
16,20,Log-det,0.011291281326941236,0.4759839679358717,-0.0031826189648857892,0.07026456452063862,1.7413227291846263,0.0870661364592313,17.640332777109045,-1.3823413665445292,-0.005858727848015426,0.06914441517199076,1.759114053936324,0.0879557026968162,17.652431323594648,-1.3428235472222774
16,20,Random,0.011291281326941236,0.4759839679358717,0.0036721723915931776,0.1472269372506482,3.1830173421718175,0.1591508671085909,12.241285132655703,-6.70522631576701,0.0008778150129995756,0.15695964960394904,3.4709152709598246,0.17354576354799128,11.723790242122831,-7.11319519535094
16,50,Paper (published),0.011291281326941236,0.4759839679358717,0.010562379593725737,0.09755993462483767,2.9986735971051,0.05997347194210199,28.71111923220839,-19.60983302805865,0.007906845512606455,0.09841624608309268,2.718060151562939,0.05436120303125877,28.57184610310884,-20.58305122381486
16,50,Paper + swap,0.011291281326941236,0.4759839679358717,0.010968774546884347,0.0976307579941614,2.99499017228544,0.05989980344570881,28.682734352306642,-19.614186988196344,0.008549985208949012,0.09835341255196677,2.703271769662077,0.05406543539324156,28.568080461253672,-20.567869776217822
16,50,Max diversity |rho|,0.011291281326941236,0.4759839679358717,0.01416002534726291,0.09003764582076484,2.8848345624386558,0.057696691248773115,30.46139155532753,-15.955500582984113,0.011936325330690134,0.09092642133894535,2.828705678004335,0.056574113560086695,30.011489116144737,-17.016056271731472
16,50,Max diversity rho,0.011291281326941236,0.4759839679358717,-0.017378339573214645,0.15379977212846863,5.6450144838537835,0.11290028967707567,17.635773559972712,-46.78312197063906,-0.018067896177755102,0.15642126606623236,5.747047031694129,0.11494094063388258,17.2322400139368,-48.89491834770371
16,50,Log-det,0.011291281326941236,0.4759839679358717,0.008166633610011437,0.09362493524754517,3.1416396395320807,0.06283279279064162,30.149779378037472,-14.526146124355629,0.005328618498905968,0.09489017359966215,3.3181896763217194,0.06636379352643439,29.764597024094577,-15.184655304027702
16,50,Random,0.011291281326941236,0.4759839679358717,0.010280222731524123,0.14446227773093165,4.891376742439849,0.097827534848797,19.09000026797297,-38.3124661164654,0.008744158414479898,0.14680139434473022,5.162024183222694,0.10324048366445387,18.83002488586992,-39.758565145818885
17,10,Paper (published),0.08354761767057807,0.3488496993987976,-0.0013374583198699956,0.057064788387948255,1.316898414999574,0.13168984149995738,9.506596125085467,-0.2826762929217913,0.0039057157422785647,0.05439304428372894,1.3279400402794597,0.13279400402794592,9.500653955819576,-0.2902315775653075
17,10,Paper + swap,0.08354761767057807,0.3488496993987976,0.005265646426441241,0.05299447965218386,1.3379622838786007,0.13379622838786004,9.521363539170487,-0.26229795484860396,0.004430591907916096,0.05069774135467732,1.2869250377301502,0.12869250377301505,9.551099005847236,-0.2530948673542779
17,10,Max diversity |rho|,0.08354761767057807,0.3488496993987976,0.01290497416553491,0.05679690829429492,1.3701572780566635,0.13701572780566634,9.456172477088636,-0.3011029736629407,0.0026059642083743847,0.045928380046773326,1.2639904085911984,0.12639904085911985,9.64335900344207,-0.19381921339124294
17,10,Max diversity rho,0.08354761767057807,0.3488496993987976,-0.09776292103300861,0.22473038808207124,2.987876597558195,0.2987876597558195,5.856641127607025,-4.067288188250899,-0.0983358823064268,0.2255804614240049,2.911988744324887,0.2911988744324887,5.887583324904754,-4.262868820662627
17,10,Log-det,0.08354761767057807,0.3488496993987976,0.008135548772216498,0.05388430588087249,1.3080361017617859,0.1308036101761786,9.64560815805494,-0.1831724781240937,0.006247662546583794,0.05131240757655434,1.3012686260692983,0.1301268626069298,9.64137910397888,-0.18717525354183256
17,10,Random,0.08354761767057807,0.3488496993987976,0.01964078536209068,0.1578304381615272,2.174631062346484,0.21746310623464837,7.298928280559672,-2.1282939660332554,0.018125834502850314,0.15752687657516395,2.1195972052540477,0.21195972052540477,7.343249967566255,-2.126854116405703
17,20,Paper (published),0.08354761767057807,0.3488496993987976,0.021053364818230676,0.08728090221661867,1.9644788682804866,0.09822394341402431,16.1254833826415,-2.681167037404062,0.016488699286331628,0.08370107845942967,1.7878488638268253,0.08939244319134128,16.35185285404945,-2.601923917279896
17,20,Paper + swap,0.08354761767057807,0.3488496993987976,0.01754937954674396,0.09160032330186474,1.9525594911921813,0.09762797455960906,15.846711352052125,-2.963950643258559,0.015303333354228914,0.08861081975002331,1.7161647545634064,0.0858082377281703,16.110154569487193,-2.8622462573426484
17,20,Max diversity |rho|,0.08354761767057807,0.3488496993987976,0.024115340851329447,0.07938442385424738,1.846417193720496,0.0923208596860248,16.648765415279584,-2.290539270200408,0.014540854432316787,0.0745164248691783,1.7175469782124453,0.08587734891062226,16.897777678080637,-2.1460514615231965
17,20,Max diversity rho,0.08354761767057807,0.3488496993987976,-0.04693798468891464,0.22854297815473673,5.031641228551994,0.25158206142759976,8.344448735221897,-13.023666701393472,-0.04760242917339811,0.22357775013458217,4.90910553425894,0.24545527671294706,8.533541881804332,-13.021478779033187
17,20,Log-det,0.08354761767057807,0.3488496993987976,0.02159355272163022,0.08543693141975887,1.95381857701828,0.09769092885091406,16.410767275151137,-2.2713909643476313,0.010230397816221464,0.08122936479053368,1.8577518884158093,0.09288759442079046,16.809894959625023,-1.9846676838138528
17,20,Random,0.08354761767057807,0.3488496993987976,0.0580319949094364,0.18175434511392274,4.372827495013491,0.2186413747506744,10.12860860235978,-8.459782356856978,0.05837143840959651,0.17857894545021363,4.272900827630961,0.21364504138154805,10.293766373652813,-8.524731261711764
17,50,Paper (published),0.08354761767057807,0.3488496993987976,0.031098638250345274,0.11234207035342855,3.44349125820022,0.0688698251640044,25.358484603353027,-24.077695863143514,0.02650473999484054,0.1126225888889722,3.1631347408121666,0.06326269481624335,25.40211244493885,-24.894255499172605
17,50,Paper + swap,0.08354761767057807,0.3488496993987976,0.030868766284952994,0.11374540348531048,3.4524105464497086,0.06904821092899419,25.209226173054038,-24.109448769506653,0.025968338030831355,0.11377722813806249,3.0883170722853928,0.061766341445707855,25.263778702306634,-24.975363740987582
17,50,Max diversity |rho|,0.08354761767057807,0.3488496993987976,0.024644595208496833,0.10333969060881018,3.527614108793335,0.07055228217586669,27.000033633982607,-18.598122899413045,0.019935961419070183,0.10260600316363544,3.405511892411081,0.06811023784822162,27.055160228984338,-19.113919758747954
17,50,Max diversity rho,0.08354761767057807,0.3488496993987976,-0.017785913741182168,0.2304849865515495,12.107439068768933,0.2421487813753786,10.476254797090057,-58.78385826302849,-0.018298375797536903,0.22654927554052573,11.774111872671895,0.23548223745343796,10.689583711342134,-59.93426780301888
17,50,Log-det,0.08354761767057807,0.3488496993987976,0.03284226286000984,0.10759925928088877,4.100081487823944,0.0820016297564789,26.533752217703938,-17.623648985833604,0.02954610862094619,0.10739897616889693,3.9218290786252368,0.07843658157250473,26.62931132732559,-18.096286060876185
17,50,Random,0.08354761767057807,0.3488496993987976,0.09771517924828906,0.19837539100763682,10.289023575834936,0.2057804715166987,13.08316750243809,-39.32344542584104,0.09646346785542112,0.19412809774819992,10.028661203434016,0.20057322406868028,13.399318862595187,-40.11495338448979
18,10,Paper (published),0.01919675486246902,0.4679919839679359,-0.006759317443683623,0.06183534173559652,1.367568452595015,0.13675684525950146,9.450674741919533,-0.31038333793087824,0.0005184578588009281,0.054998213590451615,1.3070488427634914,0.13070488427634913,9.5453542162467,-0.2648202304062805
18,10,Paper + swap,0.01919675486246902,0.4679919839679359,-0.021657876939716516,0.07262983539615127,1.3668465382713326,0.1366846538271333,9.338580613918612,-0.3880341818655937,-0.01542204041725023,0.06666742831836922,1.2923857991333414,0.12923857991333415,9.437276795512215,-0.33904187524047885
18,10,Max diversity |rho|,0.01919675486246902,0.4679919839679359,0.002704092656414043,0.05343423396048177,1.3512130947201122,0.13512130947201123,9.5538474119813,-0.24089415458759833,0.0007675447377005948,0.044233924730186315,1.3019460980803166,0.13019460980803166,9.674623768893511,-0.17359957791143793
18,10,Max diversity rho,0.01919675486246902,0.4679919839679359,-0.09835805721339362,0.30487494924503467,3.808654852102614,0.3808654852102615,4.60683703322729,-5.266888683222062,-0.09822713060822814,0.28642232087913,3.589741143548796,0.35897411435487975,4.86154076788076,-5.077351035204321
18,10,Log-det,0.01919675486246902,0.4679919839679359,0.007608627177209582,0.06277298355716883,1.3998026628920601,0.1399802662892061,9.549434277753825,-0.23540329826778983,0.0037111771176386453,0.049442145869809134,1.3367600749138693,0.13367600749138697,9.670539351826205,-0.17175796769206056
18,10,Random,0.01919675486246902,0.4679919839679359,0.020706227577554987,0.2214826693196216,3.273356303965395,0.32733563039653957,5.92732359152893,-2.5170018543010433,0.015254521877546296,0.2130312058824173,3.214542516852304,0.3214542516852305,6.018482980686847,-2.4736856501856956
18,20,Paper (published),0.01919675486246902,0.4679919839679359,0.009708757557665492,0.08579045284396031,1.8233531556591789,0.09116765778295889,16.341839679832983,-2.560603146854242,0.007082176506186697,0.08707895295351632,1.7666176236369622,0.0883308811818481,16.252454495602407,-2.7048763132073823
18,20,Paper + swap,0.01919675486246902,0.4679919839679359,0.01821634550573784,0.08905609030252995,1.8532728172071637,0.09266364086035817,15.972717157128088,-2.8993481567493187,0.014239799801433443,0.09079789984026641,1.7585798304572955,0.08792899152286482,15.882505788685467,-3.024247915259076
18,20,Max diversity |rho|,0.01919675486246902,0.4679919839679359,0.01028331979890125,0.07643215802205855,1.8686515560869705,0.09343257780434852,16.606552980195,-2.283774580451618,0.002959425339222702,0.07558401242034607,1.8862724616458288,0.09431362308229146,16.645922552887946,-2.267923205631678
18,20,Max diversity rho,0.01919675486246902,0.4679919839679359,-0.04664510554201277,0.26210427982338935,6.053650877820818,0.3026825438910409,6.8836917557242066,-14.760551272556551,-0.0469694422749929,0.2568516954162831,5.814793973973442,0.2907396986986722,7.104800266831636,-14.855539645012357
18,20,Log-det,0.01919675486246902,0.4679919839679359,0.017018963762083103,0.08130319138255043,1.9597732627914493,0.09798866313957247,16.626243542223026,-1.9943355479359088,0.018086204899742626,0.07769353144258556,1.8211103733624179,0.09105551866812091,16.902728520086217,-1.8776069140690739
18,20,Random,0.01919675486246902,0.4679919839679359,0.017070658562758842,0.22369390335075778,5.099321859111608,0.2549660929555805,8.3834078859427,-10.659461950965941,0.017425500453947872,0.21864882436262048,4.858891950898384,0.24294459754491923,8.605474142107633,-10.668046035979293
18,50,Paper (published),0.01919675486246902,0.4679919839679359,0.015546291146361284,0.1076981169383063,3.374828658681838,0.06749657317363676,26.25937847518111,-22.05694982871546,0.01385784521311207,0.10941037161255601,3.2168613012784477,0.06433722602556896,25.992563045730375,-23.171653493118633
18,50,Paper + swap,0.01919675486246902,0.4679919839679359,0.01638709521202128,0.10826952116011881,3.3668513488190004,0.06733702697638001,26.168487358430454,-21.850302114285988,0.01445139025445885,0.10967223465346437,3.1400545018777324,0.06280109003755464,25.877276843225975,-23.072646090117992
18,50,Max diversity |rho|,0.01919675486246902,0.4679919839679359,0.009822891473375091,0.10192521695530572,3.7385755150175664,0.07477151030035133,26.932307578080582,-19.6125072411324,0.009608728809430095,0.1016628134473452,3.5786517684973744,0.07157303536994748,26.972632761955367,-20.178023843046194
18,50,Max diversity rho,0.01919675486246902,0.4679919839679359,-0.017875376929567022,0.2810721200547144,15.616660954196195,0.31233321908392386,7.8730300021892825,-57.66517409213536,-0.018439549954299167,0.27305089383489173,15.035074977718839,0.3007014995543768,8.225764485912414,-58.50743720196117
18,50,Log-det,0.01919675486246902,0.4679919839679359,0.005980436084235841,0.10796560638256517,4.435305160270236,0.08870610320540472,26.06621541421135,-17.540351558036026,0.004820721647641029,0.10781877531371242,4.291825434499788,0.08583650868999577,26.15267377756419,-18.103668169130593
18,50,Random,0.01919675486246902,0.4679919839679359,0.01514245958800153,0.21662424127501856,11.192459350483453,0.22384918700966908,11.620561179105827,-45.063050654144796,0.014254207210526044,0.21226669519780036,10.760470292553581,0.21520940585107157,11.918424539896044,-46.2419092890242
19,10,Paper (published),0.21925445837908908,0.23434869739478958,0.0006738816412937287,0.04438191577294706,1.2446794768109644,0.12446794768109648,9.72238664221037,-0.14722535564510658,-0.0081479434569295,0.04356513608630752,1.2901098243794193,0.1290109824379419,9.716542257032419,-0.1491171570858776
19,10,Paper + swap,0.21925445837908908,0.23434869739478958,-0.0011513363272090166,0.04554111693663535,1.2539782182713994,0.12539782182713993,9.696943394848628,-0.16329463630624144,-0.006928196557052904,0.04378576357009192,1.2568526416373649,0.1256852641637365,9.719224584799171,-0.1493182221028691
19,10,Max diversity |rho|,0.21925445837908908,0.23434869739478958,-0.006554006793951686,0.0394381884928707,1.310215627020217,0.13102156270202173,9.764594710063523,-0.11410467321516035,-0.00528601843505286,0.03566503433872015,1.2194214988538887,0.12194214988538887,9.821309925715099,-0.09112892924676767
19,10,Max diversity rho,0.21925445837908908,0.23434869739478958,-0.09889733243373748,0.5021143210572694,5.695658154881187,0.5695658154881185,2.6542944644237343,-10.488178207641116,-0.10053949353023955,0.4994116647304657,5.658028040259775,0.5658028040259777,2.6791907753723203,-10.620944581300368
19,10,Log-det,0.21925445837908908,0.23434869739478958,-0.0024801404911774147,0.046062277496693387,1.3450600815168932,0.13450600815168934,9.675139759031428,-0.1624923438921209,-0.00778558825571209,0.037762986376486285,1.2525236331693537,0.12525236331693532,9.806703466345178,-0.09815650768173144
19,10,Random,0.21925445837908908,0.23434869739478958,0.2856455343995113,0.3147545602160795,4.298342538350109,0.42983425383501084,4.257064062368662,-4.677733484750482,0.2901944695017705,0.32226737585108733,4.329497875989444,0.43294978759894426,4.202034128055996,-4.826938573599699
19,20,Paper (published),0.21925445837908908,0.23434869739478958,0.008256074536122522,0.06790577643372807,1.7788273475961778,0.0889413673798089,17.19065035677317,-1.7312896630241823,0.004495742075765719,0.07066675789616471,1.6995919599974572,0.08497959799987287,17.011314431437974,-1.957891822225552
19,20,Paper + swap,0.21925445837908908,0.23434869739478958,0.013847854195382005,0.06865134413776718,1.7767156355997675,0.08883578177998835,16.965678625064907,-1.9796103758439951,0.013584488898149748,0.0716797676771769,1.6730788700297752,0.08365394350148875,16.8344090351613,-2.1426378339619507
19,20,Max diversity |rho|,0.21925445837908908,0.23434869739478958,0.0030571638724230118,0.0607154244297235,1.894836164023341,0.09474180820116711,17.567401678953374,-1.2236066747240661,0.004497670592412303,0.059633264740451906,1.8062452012750816,0.09031226006375409,17.6797035623079,-1.2099365703654659
19,20,Max diversity rho,0.21925445837908908,0.23434869739478958,-0.047322506336745146,0.43336589961305005,9.707530796060592,0.4853765398030297,3.5973565060976957,-24.277499429890124,-0.04777919507812726,0.4398184838804168,9.818202428474162,0.49091012142370827,3.52948629473002,-24.841090539774267
19,20,Log-det,0.21925445837908908,0.23434869739478958,-0.004990983945431124,0.06438583459704612,2.0942127812545666,0.10471063906272833,17.714157237872865,-1.0783271522198044,-0.006008022414036222,0.0644271649459412,1.8991573692740888,0.09495786846370444,17.88180828051105,-1.0638543291056421
19,20,Random,0.21925445837908908,0.23434869739478958,0.2125128947019961,0.4684679702037137,10.136593375872707,0.5068296687936351,3.581358652828135,-16.805102859770404,0.21275589236473744,0.4720682495623913,10.184723443262055,0.5092361721631029,3.545650413624351,-17.182872434068706
19,50,Paper (published),0.21925445837908908,0.23434869739478958,0.022507798246241578,0.09339179224503913,3.576370325263908,0.07152740650527815,27.701038783202527,-15.611788921893977,0.020332321406559065,0.09491868674188092,3.384368219706608,0.06768736439413216,27.554240636955715,-16.86716565937019
19,50,Paper + swap,0.21925445837908908,0.23434869739478958,0.021325838204910054,0.09228754204773933,3.5666367836165045,0.07133273567233007,27.91740628696078,-15.205755882135294,0.019474604533426844,0.09372914528825965,3.262197791477126,0.06524395582954252,27.798806682054508,-16.371147618953156
19,50,Max diversity |rho|,0.21925445837908908,0.23434869739478958,0.019560929674302122,0.08531173620605195,3.493248668359437,0.06986497336718873,28.81020609796649,-14.894463716337238,0.018272830068628232,0.08832116194776399,3.514919196466084,0.07029838392932171,28.44321197832404,-16.154497081452302
19,50,Max diversity rho,0.21925445837908908,0.23434869739478958,-0.01688879065426624,0.38855301597322195,20.788838939441717,0.4157767787888344,4.835675456549431,-66.63217733324802,-0.017826689303604103,0.39231926242405185,20.999599549653247,0.41999199099306495,4.771432224826629,-68.59833789798292
19,50,Log-det,0.21925445837908908,0.23434869739478958,0.02488005797634594,0.09408925817350125,4.384068049080074,0.08768136098160148,28.90088522349182,-10.74338976079794,0.023747999813740487,0.0983198775107693,4.345335993715974,0.08690671987431947,28.230277336701143,-12.258081598876348
19,50,Random,0.21925445837908908,0.23434869739478958,0.20653682574559543,0.28294393974256876,16.28464140527985,0.32569282810559697,7.6972329282545555,-40.976007476557626,0.20889149595025228,0.28647396993844265,16.40074289908219,0.32801485798164376,7.586196478630403,-43.194639208432555
20,10,Paper (published),0.056833362643239946,0.4063086172344689,0.020261425669911043,0.06605779626615961,1.3821213525318854,0.13821213525318854,9.404719616446465,-0.3348566456743548,0.011875336964576707,0.05616721778755225,1.329917070395716,0.1329917070395716,9.490421694245553,-0.3029422675265182
20,10,Paper + swap,0.056833362643239946,0.4063086172344689,-0.000836352865848089,0.04937367702647169,1.3099813401003773,0.13099813401003774,9.653149124567141,-0.18925942647189503,0.0001763734283854099,0.047255478897446815,1.2422137096727344,0.12422137096727348,9.669529364188719,-0.18762191367507128
20,10,Max diversity |rho|,0.056833362643239946,0.4063086172344689,0.013558781261476612,0.04969199601589877,1.2990657444186537,0.12990657444186537,9.67607403935105,-0.16475596449342378,-0.006587439466985066,0.04160059619427255,1.2617714377320146,0.12617714377320152,9.75536893284939,-0.12387184270778204
20,10,Max diversity rho,0.056833362643239946,0.4063086172344689,-0.0994543149486827,0.3020680166220925,3.7550850731773733,0.37550850731773733,4.620106942791478,-5.324464860852213,-0.10019629602602215,0.32041318422161374,3.9241526866569143,0.3924152686656915,4.406561653040536,-5.683552884593404
20,10,Log-det,0.056833362643239946,0.4063086172344689,-0.0022941641057232665,0.04306251324238735,1.284665258380178,0.12846652583801782,9.745197893863768,-0.13115958959696694,0.002368711730090153,0.038174025285531814,1.2763322941073976,0.12763322941073973,9.790541775712965,-0.10493078272858591
20,10,Random,0.056833362643239946,0.4063086172344689,0.09271533597135585,0.2264659641007787,3.1251839141513678,0.3125183914151369,6.032934970747688,-2.9446316931169907,0.09603464344593035,0.2391424888911486,3.2901835115549707,0.329018351155497,5.808050992777041,-2.9631790123635042
20,20,Paper (published),0.056833362643239946,0.4063086172344689,0.0032876799301901787,0.08323258720028409,1.7900879036456625,0.0895043951822831,16.256554609945333,-2.841922877639071,-0.0025015207729184707,0.08446026954257592,1.7473444409491046,0.08736722204745524,16.2326497746594,-2.9143848292810826
20,20,Paper + swap,0.056833362643239946,0.4063086172344689,0.0026003834867997853,0.08178402434589102,1.8157886076150829,0.09078943038075415,16.258515813440813,-2.8530749071801407,-0.0005618516596790118,0.08366405075895546,1.7062692892599995,0.08531346446299995,16.18350621558965,-3.006452047582334
20,20,Max diversity |rho|,0.056833362643239946,0.4063086172344689,-0.0013913362258411,0.07191578471398329,1.770162331737631,0.08850811658688151,16.539130853114155,-2.472144162834317,-0.0053034161023700855,0.06827465846534948,1.8090696821647312,0.09045348410823659,16.541467597999837,-2.557890149306664
20,20,Max diversity rho,0.056833362643239946,0.4063086172344689,-0.04666862308374692,0.29590205976089806,6.758067885871263,0.33790339429356314,6.309304712942588,-15.663442988413482,-0.04751943170941496,0.3042312193270215,6.8890398666938335,0.3444519933346916,6.139321752241439,-16.46164440238815
20,20,Log-det,0.056833362643239946,0.4063086172344689,0.004716500398700173,0.07272653139262386,1.872479364074226,0.09362396820371129,16.962302406242106,-1.8837911143478823,0.002080666946493476,0.0724839751429596,1.8258564692682664,0.09129282346341333,17.048758541374017,-1.910805002648024
20,20,Random,0.056833362643239946,0.4063086172344689,0.00030628057999025263,0.252172030829969,6.098726303182453,0.30493631515912273,7.447210911157939,-11.206110846402295,0.001083731338402336,0.26268579469149295,6.290011385571773,0.3145005692785887,7.210286682391475,-11.463331839200865
20,50,Paper (published),0.056833362643239946,0.4063086172344689,0.0009249432785250902,0.10056762839836009,3.2413898842713595,0.0648277976854272,25.975079085091455,-22.635453895546544,2.1814660341896992e-05,0.10499495599117506,3.1613890925822874,0.06322778185164575,25.37081243343177,-24.38208532114726
20,50,Paper + swap,0.056833362643239946,0.4063086172344689,0.00260828605451643,0.10194102250047452,3.2252700500551237,0.06450540100110247,25.685290987387408,-23.007729485406635,0.0016890217779354528,0.1052682613270436,3.100035777748153,0.06200071555496307,25.231973025108534,-24.550991463630154
20,50,Max diversity |rho|,0.056833362643239946,0.4063086172344689,0.010866107250336605,0.09379435015416687,3.6579369498335255,0.0731587389966705,26.6635791267585,-19.376983557945948,0.008763947651144159,0.09663493754963354,3.563491379342814,0.07126982758685628,26.05142121370971,-21.02733279940112
20,50,Max diversity rho,0.056833362643239946,0.4063086172344689,-0.017856016080200435,0.32287485422822676,17.417178724856385,0.34834357449712766,6.572220935151027,-66.71286033226869,-0.018506129753737038,0.3330536957586899,17.941406842780715,0.35882813685561443,6.302011456116067,-69.18981703208016
20,50,Log-det,0.056833362643239946,0.4063086172344689,0.021111173545191098,0.1039435881690332,5.243685634017883,0.10487371268035764,25.598402324522997,-16.623662960133572,0.01817160944647734,0.10720908280421104,5.238429230457731,0.10476858460915463,25.10332807605717,-17.8924057198282
20,50,Random,0.056833362643239946,0.4063086172344689,0.06744741015370795,0.25390064577041016,14.223779111584744,0.2844755822316948,9.021623459180965,-53.46841755830272,0.07304440740140705,0.2667144293034676,15.009734722418152,0.30019469444836294,8.394009558275492,-55.76156006070256
21,10,Paper (published),0.023883380605993196,0.4583326653306613,-0.003396397413088998,0.05617785459801006,1.3428523226962588,0.1342852322696259,9.506887285687988,-0.27058321778314226,-0.006897342394049306,0.0480445931937633,1.2963714824777985,0.12963714824777986,9.5695591232262,-0.23719275871425238
21,10,Paper + swap,0.023883380605993196,0.4583326653306613,-0.012013265113458379,0.06558900398004819,1.329561305706464,0.13295613057064642,9.476990637638336,-0.2902124829746802,-0.0065194180629486054,0.05752749139622717,1.2376280632010146,0.12376280632010148,9.567991808662294,-0.2523714386661696
21,10,Max diversity |rho|,0.023883380605993196,0.4583326653306613,0.016913213995839355,0.04724657705669475,1.3178888797016164,0.13178888797016164,9.699581849878266,-0.15510814688462043,0.010406159360176073,0.036616882309071355,1.2545126731223082,0.12545126731223083,9.7735847439365,-0.11567875559000239
21,10,Max diversity rho,0.023883380605993196,0.4583326653306613,-0.09303253796283605,0.1649579371041704,2.384162168829727,0.23841621688297274,7.151958364502853,-2.6578694007612933,-0.09370264070742859,0.1681015114030065,2.424155152840365,0.24241551528403651,7.074103679961192,-2.7890187946095275
21,10,Log-det,0.023883380605993196,0.4583326653306613,0.001061869734468451,0.04123137614602065,1.25407588343393,0.12540758834339305,9.772621275470103,-0.11903364963660694,-0.010055095427726299,0.041673463280521274,1.2864885811997286,0.1286488581199729,9.778140632138513,-0.11288116702077805
21,10,Random,0.023883380605993196,0.4583326653306613,-0.0068077901695840345,0.1512181711287316,2.045363976997706,0.20453639769977064,7.472193253805198,-1.9927136401707515,0.003878276025585371,0.15643489178366127,2.144191179905995,0.2144191179905995,7.285933563819781,-2.1867298534014012
21,20,Paper (published),0.023883380605993196,0.4583326653306613,0.008037565970743777,0.08156915330935713,1.7260003684725542,0.0863000184236277,16.649868822804198,-2.630725479147177,0.010051778435345785,0.07793395207987582,1.6583063989430789,0.08291531994715394,16.657708021362424,-2.6603083228439632
21,20,Paper + swap,0.023883380605993196,0.4583326653306613,0.002228013941688611,0.08361392648005586,1.6665526755205244,0.08332763377602623,16.590139599298713,-2.718798160479702,0.00492564127326515,0.08036178767912058,1.6407879640237335,0.08203939820118668,16.592006359264605,-2.748958374930588
21,20,Max diversity |rho|,0.023883380605993196,0.4583326653306613,0.010459039967673098,0.06616832335466248,1.7415651400589716,0.08707825700294856,17.58827875730294,-1.489593746050344,0.010850226304691348,0.060867400045230634,1.7126962144777158,0.08563481072388578,17.756390828190572,-1.41945522441144
21,20,Max diversity rho,0.023883380605993196,0.4583326653306613,-0.04645130002220489,0.15037252443893454,2.9146334992270893,0.14573167496135445,12.224780542927276,-8.198831901806724,-0.0466023881268311,0.15501310374149774,3.071825411825413,0.15359127059127062,11.95982796090681,-8.401830090218027
21,20,Log-det,0.023883380605993196,0.4583326653306613,-0.005032551015074398,0.06581810243495628,1.7216621205669833,0.08608310602834915,17.5554302769667,-1.4474221524435138,-0.006830109656525219,0.06540949728984849,1.7064161404268035,0.08532080702134014,17.754970194197117,-1.328372571112879
21,20,Random,0.023883380605993196,0.4583326653306613,0.0013764539790578965,0.15645045046791312,3.0619251495499498,0.15309625747749747,11.860615926347064,-7.459823288087256,-0.001280255708265317,0.1658652257306104,3.3157429030065297,0.16578714515032647,11.407355214874999,-8.056009365481094
21,50,Paper (published),0.023883380605993196,0.4583326653306613,0.015205290815513268,0.10237979746745855,2.9918201036448817,0.05983640207289762,27.637337657957215,-24.99138868880856,0.014108630115980706,0.10257141253321492,2.7693416687137433,0.055386833374274864,27.356403796192787,-26.38704663196826
21,50,Paper + swap,0.023883380605993196,0.4583326653306613,0.012421542372932642,0.10221123449159648,3.0582262246775542,0.061164524493551094,27.686975242112286,-25.14486500544727,0.011537897294632213,0.10281349017756991,2.7440638296150928,0.05488127659230186,27.355522792941215,-26.601093447371472
21,50,Max diversity |rho|,0.023883380605993196,0.4583326653306613,0.0035337251415126394,0.08847591403648199,2.8662456989871754,0.05732491397974351,29.814850652236167,-19.546691745919276,0.003648544582692121,0.08835978449504117,2.9155032661550653,0.058310065323101325,29.642524413368577,-20.470783965582065
21,50,Max diversity rho,0.023883380605993196,0.4583326653306613,-0.017650661119564176,0.1449089007421082,5.97672420744918,0.11953448414898359,18.691396724209188,-42.50666265792581,-0.018052337056624013,0.14768611835774892,6.012226591136233,0.1202445318227247,18.22057036717305,-44.716204065298435
21,50,Log-det,0.023883380605993196,0.4583326653306613,0.006142278176829344,0.09362723542363872,3.732937063548249,0.07465874127096499,29.669864246613933,-16.298372059361938,0.005233547572712347,0.0968883863858804,3.8960893487335664,0.07792178697467134,28.997799994008748,-17.350067576165323
21,50,Random,0.023883380605993196,0.4583326653306613,0.02786156266250395,0.1346784441676619,5.57128521375345,0.11142570427506898,20.348850101543707,-36.00254918759818,0.029463646675550598,0.14064394337292663,5.709870853122318,0.11419741706244635,19.476275277310524,-38.33556688613864
22,10,Paper (published),0.033251112041995205,0.44743086172344687,-0.0055592622254856386,0.058229455539908166,1.3214531998013732,0.13214531998013737,9.521239869765306,-0.27222168926002666,0.00512207758746496,0.056183430171978535,1.2849204976952517,0.1284920497695252,9.535073016092449,-0.26344916739680413
22,10,Paper + swap,0.033251112041995205,0.44743086172344687,-0.0055592622254856386,0.058229455539908166,1.3214531998013732,0.13214531998013737,9.521239869765306,-0.27222168926002666,0.00512207758746496,0.056183430171978535,1.2849204976952517,0.1284920497695252,9.535073016092449,-0.26344916739680413
22,10,Max diversity |rho|,0.033251112041995205,0.44743086172344687,0.0020410382127570444,0.04843906363820709,1.347104589468253,0.1347104589468253,9.643235180788906,-0.18354593347437534,0.0012226142195602438,0.035184924300318714,1.2594999415177441,0.1259499941517744,9.76817105361261,-0.1197662375745545
22,10,Max diversity rho,0.033251112041995205,0.44743086172344687,-0.09361139182758947,0.2154754552110137,2.787613622813555,0.2787613622813555,6.032343757157738,-4.015349254203457,-0.09504713872249997,0.21384799983647115,2.685437528441337,0.2685437528441338,6.102754826290362,-4.038024805655224
22,10,Log-det,0.033251112041995205,0.44743086172344687,-0.01283143284283793,0.048992938206718566,1.3008404052225766,0.13008404052225764,9.718315309692098,-0.14433498074856285,-0.011867660223222557,0.04283255083106802,1.2565058004105263,0.12565058004105262,9.768893067114186,-0.11913449042956914
22,10,Random,0.033251112041995205,0.44743086172344687,0.033254746218074116,0.11789710799318599,2.0713028687466633,0.20713028687466625,8.172238067211813,-1.2161834789701356,0.03541272656244003,0.12259492649939466,2.1196346746007406,0.21196346746007405,8.10765959091863,-1.251888773892221
22,20,Paper (published),0.033251112041995205,0.44743086172344687,0.001756343703947926,0.08633633763003842,1.8696432839954515,0.09348216419977257,16.387810050297198,-2.426425608746936,0.005790919873696209,0.08522737499126314,1.727044775118915,0.08635223875594578,16.479306927499376,-2.4614736580672902
22,20,Paper + swap,0.033251112041995205,0.44743086172344687,0.01080445949431865,0.08208525282243331,1.847894560578683,0.09239472802893417,16.530889269913647,-2.3801712205906727,0.013586561967344597,0.08364291488425388,1.6661024623681235,0.08330512311840618,16.51124057776128,-2.5277345785326855
22,20,Max diversity |rho|,0.033251112041995205,0.44743086172344687,0.0028036693794866456,0.06530682703537102,1.7042486390508256,0.08521243195254129,17.447825489966853,-1.5338380381537724,0.009654042849326831,0.0597667906919811,1.6531108445453035,0.08265554222726518,17.676592638779663,-1.3917166436821713
22,20,Max diversity rho,0.033251112041995205,0.44743086172344687,-0.04504531277374465,0.21591777772586035,4.979797034443702,0.24898985172218505,8.292777541450322,-11.7835804054564,-0.04621300496965722,0.22269120681748247,5.020321496985371,0.2510160748492686,8.190423638179837,-12.24085863900993
22,20,Log-det,0.033251112041995205,0.44743086172344687,0.009978953448668587,0.06640313763085366,1.6901017676967462,0.08450508838483729,17.693259647727636,-1.3177960093140813,0.007092996941665736,0.065622485946856,1.7911370691635773,0.08955685345817888,17.73273511655618,-1.2369316614688124
22,20,Random,0.033251112041995205,0.44743086172344687,-4.067116544375783e-05,0.13922885492141363,2.9780123213647736,0.14890061606823868,12.360320513168872,-6.235394920315909,-0.0016631849591283248,0.13989134373563294,2.8564897247564014,0.1428244862378201,12.360775487016168,-6.447870371625039
22,50,Paper (published),0.033251112041995205,0.44743086172344687,0.010075674422082515,0.09872942067368473,2.957438570853088,0.05914877141706176,28.13309444024043,-19.312184735797477,0.011754838695046692,0.09937007806131178,2.8554321322282896,0.057108642644565784,27.95122596356336,-20.530856106146324
22,50,Paper + swap,0.033251112041995205,0.44743086172344687,0.008833164166507854,0.0975832440263432,3.0074411994796426,0.06014882398959285,28.515436254885635,-18.492365926033216,0.009878110230900404,0.09923687496027794,2.780195172003469,0.05560390344006941,28.186707550039703,-19.743057591704087
22,50,Max diversity |rho|,0.033251112041995205,0.44743086172344687,0.003576625795745563,0.08657290081139116,3.106284301443293,0.062125686028865854,30.992159501902854,-13.640922756970406,0.004835783318315709,0.08669440960907959,2.993955722737773,0.05987911445475546,30.654488952397507,-14.744858007917014
22,50,Max diversity rho,0.033251112041995205,0.44743086172344687,-0.017753149740788995,0.18798136258843948,8.718382503798207,0.1743676500759641,13.231660993223159,-54.21136874443912,-0.018068242427202685,0.19006919160409774,8.970480874562337,0.17940961749124676,13.040423824103199,-56.0315751075286
22,50,Log-det,0.033251112041995205,0.44743086172344687,-0.0007057798470661615,0.08954467034922252,3.6205428954713312,0.07241085790942661,30.73226692560314,-12.297166841610032,0.00015317224975180596,0.0913994801859383,3.508048501977418,0.07016097003954835,30.252294550729083,-13.336388045755198
22,50,Random,0.033251112041995205,0.44743086172344687,0.0161936984325682,0.1732845229875395,8.283585655301977,0.16567171310603948,14.972051287838804,-38.88181969882613,0.017051134419984407,0.1775035708766789,8.68391198710896,0.17367823974217916,14.479554833939142,-40.70852613933795
23,10,Paper (published),0.027072039030084268,0.45266533066132264,0.008258506025710132,0.0583763994024905,1.3306491360301782,0.1330649136030178,9.533419929338322,-0.257066415045246,0.0025246498765942285,0.046072782794737754,1.246125910040788,0.12461259100407876,9.684291821980322,-0.1814855444654787
23,10,Paper + swap,0.027072039030084268,0.45266533066132264,0.008258506025710132,0.0583763994024905,1.3306491360301782,0.1330649136030178,9.533419929338322,-0.257066415045246,0.0025246498765942285,0.046072782794737754,1.246125910040788,0.12461259100407876,9.684291821980322,-0.1814855444654787
23,10,Max diversity |rho|,0.027072039030084268,0.45266533066132264,0.0168829187032205,0.04957763367540365,1.3393432613170946,0.13393432613170939,9.683440617654936,-0.1602108395360175,0.013912023359070776,0.03610312807457269,1.235041763942684,0.12350417639426843,9.785333222177108,-0.11123763957969908
23,10,Max diversity rho,0.027072039030084268,0.45266533066132264,-0.08937911091290572,0.22004805808986955,2.6336767070536258,0.26336767070536254,6.316679217728251,-3.6682013029724434,-0.09314302620551251,0.2165455659111137,2.583332571728593,0.2583332571728592,6.388248734308279,-3.723947704866977
23,10,Log-det,0.027072039030084268,0.45266533066132264,-0.005429474375829548,0.043411245381992807,1.2954764452088263,0.12954764452088266,9.763274553671879,-0.11984780460742805,-0.002611843000187368,0.03886399575407582,1.247181488937873,0.1247181488937873,9.810890528638714,-0.09799111037706355
23,10,Random,0.027072039030084268,0.45266533066132264,0.020579469163885304,0.18027067323119256,2.426112833026594,0.24261128330265938,6.899432705907098,-2.1633005512726324,0.018809107277743983,0.18385126034975924,2.4765916079104775,0.2476591607910478,6.7389330869043755,-2.3254410823096667
23,20,Paper (published),0.027072039030084268,0.45266533066132264,0.021297846071579182,0.07576117450055944,1.653765757673737,0.08268828788368685,16.889868295314976,-2.197041720905472,0.020382363526075926,0.07425289130134864,1.6346883114089028,0.08173441557044514,16.963898432926435,-2.1954350469692505
23,20,Paper + swap,0.027072039030084268,0.45266533066132264,0.012661233201482805,0.07522085753565225,1.7228050729889621,0.08614025364944809,16.9756492467457,-2.0958183414131586,0.010176973586327798,0.07258199047286826,1.59366753085459,0.07968337654272953,17.09606032129847,-2.0163183672596863
23,20,Max diversity |rho|,0.027072039030084268,0.45266533066132264,0.011004008320785765,0.06287705344207127,1.7816540800912428,0.08908270400456213,17.567652018137547,-1.399828957681855,0.0032402560582903577,0.059215750869302995,1.6636223459550665,0.08318111729775333,17.878114192936437,-1.2783886430392466
23,20,Max diversity rho,0.027072039030084268,0.45266533066132264,-0.04398424560835115,0.21409669083656677,3.9373566180848414,0.1968678309042421,8.578855903604685,-14.184810445591896,-0.045043161465952115,0.21311194782222226,3.916646418599277,0.19583232092996392,8.563082576038632,-14.119597201231482
23,20,Log-det,0.027072039030084268,0.45266533066132264,0.00957888521109226,0.06621092659037243,1.7174667706207574,0.08587333853103786,17.652434009545328,-1.3177202539963875,0.007343850443438903,0.062466121375513765,1.6993083473152522,0.0849654173657626,17.959869244424084,-1.1080135645252835
23,20,Random,0.027072039030084268,0.45266533066132264,0.055984163950073926,0.156729787936101,3.0538922858685686,0.15269461429342843,11.620034008567098,-7.6417599076987965,0.05069079702061569,0.15775292827286685,3.1150645323330926,0.15575322661665467,11.560551533433529,-7.659155726418067
23,50,Paper (published),0.027072039030084268,0.45266533066132264,0.023437558819210527,0.0981450125515063,3.2459564155329983,0.06491912831065996,28.012123611410257,-17.837442555482294,0.021102125263400464,0.09582032990500824,2.8893137884695976,0.05778627576939197,28.550772603291595,-18.0877937480952
23,50,Paper + swap,0.027072039030084268,0.45266533066132264,0.026153029631203778,0.09748618574141836,3.068628070549859,0.06137256141099719,28.070757087816094,-18.01607371414206,0.022917381753218904,0.09532303548726509,2.7624158077157595,0.05524831615431519,28.594490297332896,-18.031888999142474
23,50,Max diversity |rho|,0.027072039030084268,0.45266533066132264,0.01779441095499038,0.08638692479509552,3.1273331230645494,0.062546662461291,30.819787858099566,-12.864970269449717,0.01621310895636138,0.08407364707781331,2.945196680048057,0.05890393360096114,31.313912405513072,-13.188340050962234
23,50,Max diversity rho,0.027072039030084268,0.45266533066132264,-0.016148755179308867,0.20685440497138888,7.745452039945133,0.15490904079890266,12.01801533764285,-55.78287671361039,-0.01669796690819595,0.2075925412883061,8.06209305938452,0.16124186118769035,11.90593269378877,-56.40555829171296
23,50,Log-det,0.027072039030084268,0.45266533066132264,0.014929267064933109,0.09044381557465009,3.4844849121515558,0.06968969824303112,30.593305665485342,-11.40782697860943,0.016618641050087174,0.08904441265866224,3.555914742780905,0.0711182948556181,31.1318292944252,-11.611670535734639
23,50,Random,0.027072039030084268,0.45266533066132264,0.03219397241692067,0.1604365475120486,5.746816291747384,0.11493632583494771,16.840844792762276,-39.86377770306753,0.03190248118729737,0.15971985010520512,5.705974625707656,0.11411949251415313,16.885229703357478,-40.806855589891256
24,10,Paper (published),0.025838921039959516,0.4582124248496994,-0.008897693815143588,0.0595297937230222,1.4374520745902446,0.1437452074590245,9.46502993569966,-0.29293367790965963,-0.007766351001357854,0.052774283071036245,1.3049651107778708,0.13049651107778706,9.591065165871186,-0.22547072264784904
24,10,Paper + swap,0.025838921039959516,0.4582124248496994,-0.013552823573647108,0.06331709181074437,1.3374992781663064,0.13374992781663064,9.432665277260853,-0.3289751803627479,-0.014917265294621824,0.058893890588140076,1.2940796685933276,0.1294079668593328,9.525847689019761,-0.26800352420760853
24,10,Max diversity |rho|,0.025838921039959516,0.4582124248496994,-0.00871647507929481,0.05453733906277785,1.3042510185477398,0.130425101854774,9.609799265788944,-0.21673598449439704,-0.007972884534797824,0.04724226095583322,1.235639667024533,0.12356396670245333,9.68615636302246,-0.17493069948396123
24,10,Max diversity rho,0.025838921039959516,0.4582124248496994,-0.09825673867310301,0.4483690442966312,5.2463239677944244,0.5246323967794424,3.1867943750449927,-6.680879993714269,-0.09819820114581884,0.4413178660465017,5.180914610471277,0.5180914610471277,3.243243415490992,-6.637776932564565
24,10,Log-det,0.025838921039959516,0.4582124248496994,0.00455236048644498,0.05813155678783109,1.3638828082064898,0.13638828082064897,9.553733571911772,-0.23859076685426361,0.002289450965503465,0.04994486449781033,1.2670857937989994,0.12670857937989996,9.67989338317586,-0.17058429301207184
24,10,Random,0.025838921039959516,0.4582124248496994,0.11066871993122408,0.2687030719485428,3.5417698990219884,0.3541769899021988,5.306107425878702,-3.3661255381658988,0.11599239621648562,0.26316192241369973,3.5235422117855784,0.352354221178558,5.342162678465354,-3.349937606113121
24,20,Paper (published),0.025838921039959516,0.4582124248496994,-0.0073348664344799605,0.08903020742430205,1.8734400818972128,0.09367200409486064,16.010460921227534,-2.909464022760487,-0.008040887821990505,0.0873249853559469,1.7538730396331421,0.08769365198165713,16.191024760566652,-2.8249405213177945
24,20,Paper + swap,0.025838921039959516,0.4582124248496994,0.0012982297429993725,0.08333815743145655,1.7263238813303554,0.08631619406651775,16.46880976729088,-2.5885050946961305,0.0025663624896135203,0.08548691642233854,1.6704943421092913,0.08352471710546457,16.327740619825562,-2.779712383819731
24,20,Max diversity |rho|,0.025838921039959516,0.4582124248496994,0.003866193845476631,0.07535425794482704,1.8870912102551125,0.09435456051275565,16.875254597336898,-2.016152838411377,0.0009040085669537877,0.071917670282099,1.742098272065751,0.08710491360328752,16.96227427679045,-1.9864318384023854
24,20,Max diversity rho,0.025838921039959516,0.4582124248496994,-0.04695718769354413,0.30772661767264226,6.951248859729763,0.34756244298648803,5.835513055122082,-16.959696038563923,-0.047870177834503876,0.31780483050337494,7.1543184677884035,0.35771592338942027,5.6213407426352955,-17.68782188535787
24,20,Log-det,0.025838921039959516,0.4582124248496994,0.007570062949261645,0.07773251402130202,1.8954799882181366,0.0947739994109068,16.965093716580597,-1.800461438500591,0.007381929714825919,0.07671165636245669,1.7916905537469028,0.08958452768734512,17.003874080773173,-1.804760697362949
24,20,Random,0.025838921039959516,0.4582124248496994,0.022740694174205444,0.20906847529050376,4.995779261611213,0.24978896308056067,8.746542150711504,-10.013161170153127,0.025065212627695687,0.21486634934827917,5.137111264250395,0.25685556321251984,8.511313977448815,-10.398735935779898
24,50,Paper (published),0.025838921039959516,0.4582124248496994,0.005884016082840994,0.10904531897861301,3.470470897432796,0.06940941794865593,25.627066404918285,-22.227987627341346,0.004840894119860802,0.1101383360139631,3.112208193079699,0.062244163861593996,25.59132228115604,-23.277228960645317
24,50,Paper + swap,0.025838921039959516,0.4582124248496994,0.006545841295691123,0.11039812021595621,3.4469411527570544,0.06893882305514105,25.389099015838926,-22.721840361676886,0.005935379673387867,0.11134143717423216,3.105524443484411,0.062110488869688216,25.382529679404573,-23.758840328640467
24,50,Max diversity |rho|,0.025838921039959516,0.4582124248496994,0.009477632811718699,0.09865536770154822,3.3519321353697804,0.06703864270739561,27.85765391837877,-17.3874487847912,0.007899739368014833,0.10020628624839958,3.3843276768595754,0.0676865535371915,27.61244226424786,-18.17910339749345
24,50,Max diversity rho,0.025838921039959516,0.4582124248496994,-0.018104206874214362,0.291119956345543,15.823562212122265,0.3164712442424453,7.486808461237959,-66.77172012541622,-0.0186442008985514,0.29317406396969525,15.913397986195431,0.31826795972390876,7.431597751662152,-68.17103336034285
24,50,Log-det,0.025838921039959516,0.4582124248496994,0.006270420167613249,0.10183559163988143,3.807291571814818,0.07614583143629634,27.27953728751069,-16.412983903448158,0.006456324779510683,0.10383714719729492,3.9751099499166305,0.07950219899833261,27.101776642006744,-17.14346074113161
24,50,Random,0.025838921039959516,0.4582124248496994,0.008871466814608663,0.2554098255531189,13.915423586734804,0.2783084717346962,8.928103745216225,-52.81288077490964,0.008895535387530643,0.2587520756925762,14.178455216758849,0.28356910433517707,8.739462781162123,-54.47893158819887
25,10,Paper (published),0.11169429124381328,0.40744689378757515,-0.0008771748399372512,0.012904260563049615,1.1647291148306733,0.11647291148306738,9.960304466932715,-0.0188746532889899,-0.004223648257274537,0.016208478877677124,1.081951237419824,0.1081951237419824,9.960779598450019,-0.020375248373796607
25,10,Paper + swap,0.11169429124381328,0.40744689378757515,-0.00198306236079153,0.012039743011286892,1.1315343426317035,0.11315343426317032,9.973778723682223,-0.012601410557289737,0.0016470821545379731,0.01620130814961862,1.0759050775840873,0.10759050775840868,9.963997067043767,-0.018478458202752013
25,10,Max diversity |rho|,0.11169429124381328,0.40744689378757515,-0.0013355388080644498,0.013163385332564195,1.156302165401158,0.11563021654011582,9.958225294647988,-0.020116302258941707,0.0002806318879030228,0.012342048940001571,1.06308498967079,0.10630849896707902,9.977632298927633,-0.011418971251255971
25,10,Max diversity rho,0.11169429124381328,0.40744689378757515,-0.10498863838359433,0.7900160428212214,8.153530545619889,0.8153530545619891,1.4809920973776103,-18.68710238686002,-0.10590344449701515,0.7928718253924125,8.179337879349845,0.817933787934984,1.4720774199807871,-19.19098455043687
25,10,Log-det,0.11169429124381328,0.40744689378757515,-0.0008913788792200262,0.011622466058752402,1.1287363970881752,0.11287363970881747,9.976115095047065,-0.011424516811190472,-0.0010666663836389689,0.01150594883778349,1.0670201425512331,0.10670201425512331,9.981704512904065,-0.009150843988228853
25,10,Random,0.11169429124381328,0.40744689378757515,0.05757631050838254,0.10674003731137265,2.568228117925163,0.2568228117925163,6.677926815081013,-3.061841701748161,0.05065564569233572,0.1280982720555857,2.642778047738609,0.26427780477386087,6.56355407398931,-3.140574760853404
25,20,Paper (published),0.11169429124381328,0.40744689378757515,0.0013755178028228962,0.014546819214072285,1.2751240566056659,0.0637562028302833,19.84418197582429,-0.07033777479511873,0.002084526182030079,0.024139206158491133,1.2114663542652095,0.060573317713260466,19.65412600549315,-0.17940159055677848
25,20,Paper + swap,0.11169429124381328,0.40744689378757515,0.00181013174080694,0.015283843010532953,1.275088353286562,0.0637544176643281,19.838810951842103,-0.07258974225729108,0.001626008393546959,0.023963422685425086,1.193284950647975,0.05966424753239876,19.66093446876013,-0.17670966675610927
25,20,Max diversity |rho|,0.11169429124381328,0.40744689378757515,7.623635493650168e-05,0.008676741108382072,1.1687945525466457,0.05843972762733227,19.92840898464732,-0.034358747698912166,-0.0004352577740179389,0.02010476220006578,1.2101234121334146,0.060506170606670726,19.75928376518771,-0.12101315630828446
25,20,Max diversity rho,0.11169429124381328,0.40744689378757515,-0.04905414889536201,0.4853962026778547,11.439732070740206,0.5719866035370101,2.791632340051075,-34.03900232994192,-0.0497922321934306,0.49706768752065,11.735938789871092,0.5867969394935544,2.673351184526903,-35.2590458477631
25,20,Log-det,0.11169429124381328,0.40744689378757515,-0.00029289983493296565,0.011832993592366772,1.2500242683582652,0.06250121341791326,19.879330404423058,-0.05621343404120991,0.0010871949243665504,0.020390305852692244,1.2323375641533778,0.061616878207668924,19.75922336453268,-0.12050021484936904
25,20,Random,0.11169429124381328,0.40744689378757515,0.06069988766877,0.18978053142441909,6.744561963202633,0.33722809816013166,6.144279494789442,-16.55362145538254,0.06024666057815536,0.20069223372870496,6.80238881852312,0.34011944092615604,5.975351011442695,-17.406459500869104
25,50,Paper (published),0.11169429124381328,0.40744689378757515,0.003782945382690269,0.019294130959308414,1.7980235741209436,0.03596047148241887,45.37558645147809,-2.6336808444274653,0.0027678977666697265,0.03539176671106242,1.7875022516050538,0.03575004503210108,43.329155704940945,-4.143166339097951
25,50,Paper + swap,0.11169429124381328,0.40744689378757515,0.004162533510978687,0.0176225774717724,1.7596032134877508,0.03519206426975501,45.21601625975791,-2.805791776283644,0.0029596364126180585,0.03552310327356793,1.756400331439132,0.03512800662878264,43.04630885150977,-4.428948545706492
25,50,Max diversity |rho|,0.11169429124381328,0.40744689378757515,0.001965016601729389,0.018081127671006215,1.8489239904535348,0.0369784798090707,45.34442339419822,-2.766833603859658,0.0016044722432726824,0.03324771374836781,1.8424317907671655,0.03684863581534332,43.43830422145521,-4.119800469017984
25,50,Max diversity rho,0.11169429124381328,0.40744689378757515,-0.018139798584222256,0.4081194841260181,24.805679001678286,0.49611358003356565,3.6302450761725455,-89.0077907200974,-0.018817196168367092,0.4164467941357846,25.252297692974928,0.5050459538594985,3.513805973655623,-93.33661904585753
25,50,Log-det,0.11169429124381328,0.40744689378757515,0.0003689335073950555,0.02090787320921986,2.196604883026457,0.043932097660529135,47.64955940956781,-0.8553494879140239,0.0011533162630509043,0.03654154475313376,2.3108608555906915,0.04621721711181384,45.045588264641644,-2.39785153455394
25,50,Random,0.11169429124381328,0.40744689378757515,0.15158294463744568,0.27633266567960857,20.044366574640584,0.40088733149281175,5.563629447200408,-48.619745705279016,0.1497319015365184,0.2886377763640495,20.359940209408975,0.40719880418817955,5.377021958156442,-52.041245022044464
26,10,Paper (published),0.1093011507517402,0.3775310621242485,0.013792681358997812,0.06572485100702342,1.3583032350283026,0.13583032350283025,9.437109879159584,-0.3325462584010159,0.01415771126694029,0.05687660813584517,1.282601888473536,0.12826018884735357,9.536258965466397,-0.28247253815366963
26,10,Paper + swap,0.1093011507517402,0.3775310621242485,0.005018236329252226,0.05564786499237074,1.3025957747497778,0.1302595774749778,9.595392336934566,-0.22076118122810015,0.014829668850042407,0.05107223407127825,1.2167995932748368,0.12167995932748372,9.65267627827457,-0.19751301605286425
26,10,Max diversity |rho|,0.1093011507517402,0.3775310621242485,-0.0005047516249750189,0.04734937532016588,1.3496966524665122,0.13496966524665122,9.662612382526182,-0.1706163630184193,-0.0026200077706990906,0.031333548607716394,1.212964614725011,0.1212964614725011,9.829268394567093,-0.08658507028153904
26,10,Max diversity rho,0.1093011507517402,0.3775310621242485,-0.09847612569376044,0.28466268424829494,3.76629346285978,0.37662934628597794,4.659266866958844,-6.332138271845096,-0.0993557407575257,0.28905152102828974,3.7385557643258505,0.3738555764325851,4.607720009737781,-6.640407972403153
26,10,Log-det,0.1093011507517402,0.3775310621242485,-0.0006543201505237515,0.04642516691659736,1.2579016955792044,0.1257901695579204,9.689359441860399,-0.1612650143869521,-0.0023069331794699634,0.032904998883011786,1.2009590274366075,0.12009590274366075,9.83257194740149,-0.08512403745236397
26,10,Random,0.1093011507517402,0.3775310621242485,0.09261299289918551,0.1879862331412328,2.3789200599493006,0.23789200599493004,6.586698378998119,-3.1537413589320735,0.10790644532607516,0.19188109966587605,2.538976555044605,0.2538976555044606,6.4723288117172695,-3.2068797345906295
26,20,Paper (published),0.1093011507517402,0.3775310621242485,0.009802225626343176,0.08011557657108939,1.799343947887584,0.0899671973943792,16.523895345515065,-2.4175350509091014,0.011994501006452172,0.07787199902407152,1.7540764565459226,0.08770382282729615,16.580554114982764,-2.4487786001058565
26,20,Paper + swap,0.1093011507517402,0.3775310621242485,0.010962193160786098,0.08372915552119903,1.885726725233893,0.09428633626169461,16.011487132026343,-3.197636550962784,0.014129968441546483,0.08387966687940669,1.6921074835488428,0.08460537417744213,16.149893904310694,-3.1382399445640754
26,20,Max diversity |rho|,0.1093011507517402,0.3775310621242485,0.008627878460420837,0.06357382943905077,1.8058572550427834,0.09029286275213917,17.29568649254176,-1.673611364673293,0.006626411270060103,0.05872337519877133,1.720459471382963,0.08602297356914819,17.583500984867513,-1.4752962191164318
26,20,Max diversity rho,0.1093011507517402,0.3775310621242485,-0.04633536786715189,0.21018706834901876,4.513835054366112,0.22569175271830555,8.24216048208186,-16.12319401830051,-0.046501351629017446,0.21426970204630974,4.521489424859338,0.226074471242967,8.106870195641237,-16.767805394414275
26,20,Log-det,0.1093011507517402,0.3775310621242485,0.0038647384327082117,0.06615890124713533,1.8866050877596319,0.09433025438798161,17.576606591269865,-1.289318689710222,0.0034864739989309075,0.06418192095639429,1.8000969414439623,0.09000484707219811,17.83869038599085,-1.189837675525163
26,20,Random,0.1093011507517402,0.3775310621242485,0.08283209870578646,0.18310623588454594,4.697236292604487,0.23486181463022432,8.97629468658828,-12.027018441490544,0.08437144099239136,0.18477752021952737,4.843573177110265,0.24217865885551326,8.751265630482997,-12.426350065600548
26,50,Paper (published),0.1093011507517402,0.3775310621242485,0.013520981662074863,0.1004574551184368,3.230932691986097,0.06461865383972193,26.73761389985644,-20.551986874926286,0.014739044015797627,0.10077604444839887,3.0153815187853246,0.06030763037570648,26.613070142057197,-21.945003473438124
26,50,Paper + swap,0.1093011507517402,0.3775310621242485,0.013154370153685698,0.09998958258859843,3.1834879557563505,0.063669759115127,26.646070600855754,-20.423101769798485,0.013791130672548491,0.10046478994409962,2.9608831963756845,0.0592176639275137,26.54917279261247,-21.67665743382998
26,50,Max diversity |rho|,0.1093011507517402,0.3775310621242485,0.017496351381773932,0.08572701127810137,3.4518005711954975,0.06903601142390996,27.957591653072807,-16.60971601982692,0.017421914054852026,0.08661447326481891,3.4474528446021813,0.06894905689204361,27.948032572625895,-17.560900627005566
26,50,Max diversity rho,0.1093011507517402,0.3775310621242485,-0.015802916385572425,0.18473755225261848,6.997028588716781,0.13994057177433564,13.57765775526433,-49.28966429824244,-0.01685964410335208,0.1847435975040288,6.979252560516514,0.13958505121033027,13.483245843623415,-50.810149881050435
26,50,Log-det,0.1093011507517402,0.3775310621242485,0.010944771274464611,0.09407169048405312,4.138308931220227,0.08276617862440452,28.991108339245407,-12.471447866140492,0.010320222211957063,0.09499081886054692,4.072237282116729,0.08144474564233457,28.960892917400344,-13.394755283641553
26,50,Random,0.1093011507517402,0.3775310621242485,0.11944308885487988,0.20718631161530277,11.080524154476585,0.22161048308953174,10.706522807008128,-60.464670869699226,0.1269628974521286,0.21024381627221225,11.489704999457903,0.22979409998915806,10.44318049860085,-62.082987958744766
27,10,Paper (published),0.030642520009056786,0.4349579158316633,0.008626931804710707,0.05310033204090665,1.30833826763062,0.13083382676306204,9.642534332180109,-0.19635889175442106,0.008450702917061207,0.04274986675725371,1.251140617769906,0.1251140617769906,9.699658438492184,-0.16558681770052808
27,10,Paper + swap,0.030642520009056786,0.4349579158316633,0.008626931804710707,0.05310033204090665,1.30833826763062,0.13083382676306204,9.642534332180109,-0.19635889175442106,0.008450702917061207,0.04274986675725371,1.251140617769906,0.1251140617769906,9.699658438492184,-0.16558681770052808
27,10,Max diversity |rho|,0.030642520009056786,0.4349579158316633,-0.006051646902491963,0.055712566199332424,1.379106632533294,0.13791066325332943,9.586584800625186,-0.22521038591544973,-0.0071317896272382,0.041386660874645397,1.3056161213948219,0.1305616121394822,9.698146612481404,-0.16394641397142098
27,10,Max diversity rho,0.030642520009056786,0.4349579158316633,-0.09516815958088456,0.1722265633297364,2.2025860206337224,0.22025860206337217,6.905864020612656,-2.9198340622076597,-0.0954654816493624,0.18233192272544352,2.3220305585864636,0.2322030558586464,6.698951250564599,-3.1323124098844706
27,10,Log-det,0.030642520009056786,0.4349579158316633,-0.013981468140725853,0.05314291730366464,1.3349262931186225,0.13349262931186226,9.62445338052918,-0.20657813057972896,-0.008669257357977042,0.040773225447731654,1.256557386996112,0.12565573869961122,9.762476891237142,-0.1237257135312374
27,10,Random,0.030642520009056786,0.4349579158316633,0.10286970181974944,0.1713069199132285,2.336730912751591,0.2336730912751591,7.173382682779042,-2.1647633319445494,0.11195438645442231,0.18937865989517286,2.4702979208986173,0.24702979208986173,6.959834664200135,-2.2782521921458216
27,20,Paper (published),0.030642520009056786,0.4349579158316633,0.01174176191726483,0.08414045902061704,1.784874980217298,0.08924374901086492,16.438822138203737,-2.857076159145814,0.015097553178071453,0.0783819809017751,1.6265499476288474,0.08132749738144232,16.63335489908538,-2.745017434764109
27,20,Paper + swap,0.030642520009056786,0.4349579158316633,0.003364244507955959,0.08321532691120842,1.7067261832915175,0.08533630916457592,16.481408312367,-2.9417773974295542,0.005692878072517663,0.08217292931023079,1.6116306683863908,0.08058153341931956,16.551742082026536,-2.9524332069295744
27,20,Max diversity |rho|,0.030642520009056786,0.4349579158316633,0.015238242393033426,0.0717761783127749,1.669962646997941,0.08349813234989704,17.373431186417513,-1.6960026055026147,0.013741462253378736,0.06691795519357611,1.6117121087149442,0.0805856054357472,17.56293067233657,-1.5665213580354167
27,20,Max diversity rho,0.030642520009056786,0.4349579158316633,-0.04503618745043752,0.14748342541242446,2.8321250232483743,0.1416062511624187,12.290618561921427,-7.663418467411491,-0.045885653246504045,0.1508652574074534,2.956054915566646,0.1478027457783323,12.067626770160047,-7.932432472819956
27,20,Log-det,0.030642520009056786,0.4349579158316633,0.008738985420229257,0.08074218436973477,1.958401027101612,0.09792005135508063,16.83890330970158,-1.9523734337148997,0.010160371394174965,0.07070646422494604,1.7212431078722505,0.08606215539361253,17.44026598960938,-1.5776536897790328
27,20,Random,0.030642520009056786,0.4349579158316633,0.04794117740295238,0.14915848259329348,2.9354130856803025,0.1467706542840152,12.23844413719657,-7.018293282661411,0.05040725028121689,0.14787876365400673,2.8153184192363274,0.14076592096181634,12.279013155157582,-7.049486060415088
27,50,Paper (published),0.030642520009056786,0.4349579158316633,0.01905781210334125,0.1069232798561604,3.074156997766961,0.06148313995533923,26.67976350186349,-26.9508600634003,0.01839114627131776,0.1051505025507754,2.8071330626450086,0.05614266125290018,26.89304198116956,-27.434132347707788
27,50,Paper + swap,0.030642520009056786,0.4349579158316633,0.01973305761948161,0.10597820538234809,2.938212430609128,0.058764248612182546,26.85384085573894,-26.26330720559883,0.019962050540082613,0.10431617799350497,2.763498228224109,0.05526996456448219,27.097001634713514,-26.578608324756807
27,50,Max diversity |rho|,0.030642520009056786,0.4349579158316633,0.01479886895765814,0.09718300476279804,3.290098505001056,0.0658019701000211,28.719196252612285,-19.825614283749477,0.015667718397776607,0.0938077314170774,3.0489208724483716,0.06097841744896743,29.21006066763505,-20.233604593437445
27,50,Max diversity rho,0.030642520009056786,0.4349579158316633,-0.017403478734271345,0.15212615022961934,5.361995806191974,0.10723991612383951,18.570844237737454,-44.80664484780154,-0.017866078482336067,0.1551460483869879,5.655350698777359,0.11310701397554718,17.973280879010783,-46.39966520343698
27,50,Log-det,0.030642520009056786,0.4349579158316633,0.011883162408818237,0.1001267979787996,3.536463081130735,0.07072926162261471,28.211615412675616,-17.956110242199824,0.012288468569028398,0.10004454532282213,3.5107172670249893,0.07021434534049979,28.249531274686213,-18.18935348782519
27,50,Random,0.030642520009056786,0.4349579158316633,0.027372041929329603,0.14375544732052004,5.542591825086216,0.11085183650172432,19.685136982298175,-38.72959038464719,0.02776723759159941,0.1455955053713108,5.535448560932085,0.1107089712186417,19.364414230941595,-40.09592251940586
28,10,Paper (published),0.12234908235171194,0.3423887775551102,0.017530409478245614,0.06918704552733188,1.3965439588285036,0.13965439588285036,9.290583046303938,-0.41779845588480036,0.019142857042851427,0.06295599375587681,1.3373436222543615,0.13373436222543617,9.4351938129538,-0.33434469680680556
28,10,Paper + swap,0.12234908235171194,0.3423887775551102,0.017530409478245614,0.06918704552733188,1.3965439588285036,0.13965439588285036,9.290583046303938,-0.41779845588480036,0.019142857042851427,0.06295599375587681,1.3373436222543615,0.13373436222543617,9.4351938129538,-0.33434469680680556
28,10,Max diversity |rho|,0.12234908235171194,0.3423887775551102,0.016861068299790765,0.05124338621235368,1.319216763522164,0.13192167635221638,9.65364403000368,-0.18384581127064825,0.010680168600167147,0.0462101346391451,1.3347738963286966,0.1334773896328697,9.660313202544891,-0.17443666147633793
28,10,Max diversity rho,0.12234908235171194,0.3423887775551102,-0.09864425562438307,0.3677245923831351,4.341995788344764,0.43419957883447613,4.084777600730124,-5.759746775595432,-0.09871551398855026,0.3622210767752525,4.3292515360029515,0.4329251536002953,4.094075848172598,-5.738986277754181
28,10,Log-det,0.12234908235171194,0.3423887775551102,0.01729562291902998,0.06425517894352421,1.4698899200408835,0.14698899200408833,9.492443380041742,-0.2542119049039871,0.00863693584406228,0.05169942012291545,1.3246180283298155,0.1324618028329815,9.65463390199778,-0.17929645948070155
28,10,Random,0.12234908235171194,0.3423887775551102,0.07137451771395029,0.35578466293896693,4.314635922072761,0.431463592207276,4.263225231143881,-4.2326862971158326,0.06468095386727941,0.35247603378839854,4.294311644552943,0.42943116445529445,4.2716429901763515,-4.302230827879893
28,20,Paper (published),0.12234908235171194,0.3423887775551102,0.00951297438964628,0.10099771858531077,1.942014383646363,0.09710071918231813,15.163375226312361,-3.9910857623502545,0.014192749006073825,0.09779756265825827,1.8758564781782179,0.09379282390891089,15.41504638643934,-3.8102921023072964
28,20,Paper + swap,0.12234908235171194,0.3423887775551102,0.0002001039728577926,0.10362199204487908,1.9948135930989885,0.09974067965494943,14.985846928055405,-4.332017191867042,0.003270050891156094,0.09899250587529164,1.8211457732474197,0.09105728866237098,15.229032803319916,-4.167119885845482
28,20,Max diversity |rho|,0.12234908235171194,0.3423887775551102,0.0018289615642345799,0.0837746546233932,1.9656070857279206,0.09828035428639603,16.47697401853724,-2.3000770874843375,0.003897049409024766,0.07817856151650733,1.780166998053726,0.0890083499026863,16.720318920628284,-2.188130976261709
28,20,Max diversity rho,0.12234908235171194,0.3423887775551102,-0.046056206217374475,0.30661729533894305,7.098642254828199,0.35493211274140996,5.955339025272444,-13.897344838592709,-0.04673165586557396,0.3051966057802613,7.060819236598226,0.35304096182991124,5.99096688335082,-14.133213381847838
28,20,Log-det,0.12234908235171194,0.3423887775551102,0.0049541293223023695,0.09138290351887512,2.1188703978211576,0.10594351989105788,16.09379310440267,-2.2745050543586087,-1.6244264005308897e-06,0.08866725260518064,2.178591336949251,0.10892956684746259,16.198440989681277,-2.168492721480583
28,20,Random,0.12234908235171194,0.3423887775551102,0.1258160662945565,0.26143918154909435,6.735743229945211,0.33678716149726057,6.590133826561665,-10.86225663340758,0.12361359294655251,0.2643384269238709,6.779127076096202,0.3389563538048101,6.5006565779048655,-11.235331653301277
28,50,Paper (published),0.12234908235171194,0.3423887775551102,0.016753969267094906,0.12048430539447523,3.5816042954479417,0.07163208590895884,23.344177579795144,-29.621665622204027,0.01604281356262393,0.12029442284046539,3.3791426322753146,0.06758285264550629,23.440236024800555,-30.101123078474924
28,50,Paper + swap,0.12234908235171194,0.3423887775551102,0.013338667672861817,0.11991477237611388,3.513243930462475,0.07026487860924949,23.771765898898558,-27.898407101621704,0.012589493794373251,0.11870526936957584,3.257087935723165,0.06514175871446332,23.91644389947404,-28.52874552376837
28,50,Max diversity |rho|,0.12234908235171194,0.3423887775551102,0.01242031548554278,0.10788423445198995,3.7262618513202543,0.07452523702640508,25.323895515756195,-22.996630137034934,0.012971039568217978,0.10771051203159733,3.5927326274877176,0.07185465254975436,25.256814978699037,-23.884377916936934
28,50,Max diversity rho,0.12234908235171194,0.3423887775551102,-0.018234243193696518,0.3195700286928609,18.124524829465614,0.3624904965893123,6.379128412931927,-63.8165180251357,-0.01875094098695242,0.31935496507005406,18.14136866360259,0.36282737327205183,6.357894131811942,-65.38107720435029
28,50,Log-det,0.12234908235171194,0.3423887775551102,0.01642539671192007,0.11578895354644216,4.262457841448217,0.08524915682896435,24.569426006153716,-20.397206137694624,0.016521659700109062,0.1169236686044359,4.439411746148271,0.08878823492296543,24.302127722841533,-21.18071125720209
28,50,Random,0.12234908235171194,0.3423887775551102,0.09300220694804942,0.28508437429767314,16.49967856315948,0.32999357126318957,7.495098969963983,-53.37025533078052,0.09400582512779167,0.28395607996821626,16.36476022552074,0.32729520451041483,7.595629161996363,-54.955370981867325
29,10,Paper (published),0.10009270138357775,0.378565130260521,0.007428943777048011,0.060211002452171876,1.4103925532525206,0.14103925532525202,9.481945518046732,-0.2870359291254815,0.008489396440616553,0.056074721540817316,1.3085945602156561,0.13085945602156562,9.54906193384304,-0.2559618410108192
29,10,Paper + swap,0.10009270138357775,0.378565130260521,0.00923155853710329,0.05270775123509245,1.3091083135587782,0.13091083135587783,9.615285186465776,-0.21653700991970443,0.0137915359557429,0.057440845262416704,1.2611990317052062,0.12611990317052063,9.562180219485466,-0.2513456550597249
29,10,Max diversity |rho|,0.10009270138357775,0.378565130260521,0.006501715909625291,0.0340633012866328,1.2772194466278741,0.1277219446627874,9.832489867633155,-0.08220619194550034,0.0049719220827721625,0.03603144328997308,1.2674958029448296,0.1267495802944829,9.816087985636402,-0.09188812978513161
29,10,Max diversity rho,0.10009270138357775,0.378565130260521,-0.08917521300938114,0.16648833585138595,2.174720958321395,0.21747209583213953,7.097080785786557,-2.68570103662094,-0.09030350927612434,0.17100337523752876,2.117630400984585,0.21176304009845853,7.1514090415074065,-2.690889103399924
29,10,Log-det,0.10009270138357775,0.378565130260521,-0.004479576528744817,0.04617044260537957,1.2787940165911853,0.12787940165911854,9.70156022310125,-0.15858650208276986,0.002321845786972544,0.03727204097676409,1.2470338977658793,0.12470338977658793,9.810007185359312,-0.09943833940232827
29,10,Random,0.10009270138357775,0.378565130260521,0.044049697542596904,0.1198393973797793,1.86563100201939,0.18656310020193895,8.172661410422643,-1.238386955751108,0.04085904640405636,0.12285732162729436,1.8378429951541113,0.1837842995154112,8.06578312874436,-1.3625085949079347
29,20,Paper (published),0.10009270138357775,0.378565130260521,0.0028633366569070294,0.08095958160505008,1.7547564226337833,0.08773782113168915,16.6217034437707,-2.4095742431263885,0.0034364476885672883,0.07785255443864895,1.7021133875849321,0.08510566937924662,16.632649527109727,-2.5133422043041747
29,20,Paper + swap,0.10009270138357775,0.378565130260521,0.005157714106737965,0.08026695147217487,1.7476642252406993,0.08738321126203498,16.47973360953276,-2.679491864749195,0.006207199496693648,0.07766444008809203,1.6610801864461304,0.08305400932230654,16.529055552351196,-2.7347172694867337
29,20,Max diversity |rho|,0.10009270138357775,0.378565130260521,0.002704919512950108,0.061849836000833734,1.8216410956555786,0.09108205478277893,17.334933483387264,-1.707445328153164,0.0075005390279343906,0.05976544183849301,1.7071298741902328,0.08535649370951161,17.455678963554483,-1.6738049945590616
29,20,Max diversity rho,0.10009270138357775,0.378565130260521,-0.040339667596143984,0.1895315070541698,4.059096840783113,0.2029548420391556,9.8159359762187,-10.66612197201341,-0.041770391720861826,0.19186519174007544,3.972798410168852,0.19863992050844256,9.764396399189787,-11.09455373996343
29,20,Log-det,0.10009270138357775,0.378565130260521,0.005085939943700316,0.06477323814068436,1.8480871819561182,0.09240435909780591,17.720930617228916,-1.2624993836841867,0.0031630901848973803,0.06661715338485234,1.8921145300923192,0.09460572650461596,17.692933604435865,-1.2809819302154646
29,20,Random,0.10009270138357775,0.378565130260521,0.05963006742247082,0.1291682268515558,3.523848443819646,0.17619242219098233,12.189054571046569,-6.490904801663004,0.05895347202037956,0.13252934308608857,3.525157734989521,0.176257886749476,12.091310119472814,-6.757497742368581
29,50,Paper (published),0.10009270138357775,0.378565130260521,0.015569881878416464,0.09872628915829973,3.061135917673636,0.06122271835347271,27.176841347431903,-22.829055146994538,0.014095184392171745,0.0997859710170632,2.8258414110698307,0.05651682822139662,27.16915381807579,-23.75007139437186
29,50,Paper + swap,0.10009270138357775,0.378565130260521,0.01601175683855027,0.10007714683400191,3.075808229931035,0.0615161645986207,27.081623738598264,-22.801966803534974,0.01450687610885573,0.10114553561977123,2.788362598929363,0.05576725197858726,27.031376557201,-23.826406806200932
29,50,Max diversity |rho|,0.10009270138357775,0.378565130260521,0.0175665879840762,0.08485673926686303,3.1963853979263264,0.06392770795852652,29.469838066915056,-16.275853634501853,0.017061626221230555,0.0851709106971055,3.2288001917722093,0.06457600383544419,29.24799984777445,-17.004226471721605
29,50,Max diversity rho,0.10009270138357775,0.378565130260521,-0.009358861584825953,0.1649261513568085,6.41302401780716,0.1282604803561432,15.982816181144322,-42.49672710579151,-0.011748982753824655,0.16949457891402092,6.453469303810527,0.12906938607621055,15.538187969281804,-44.53602370162346
29,50,Log-det,0.10009270138357775,0.378565130260521,0.015012534859308414,0.09175487665945102,3.5988207244552397,0.0719764144891048,30.148959880627192,-13.34038259375352,0.010426220983720837,0.09566270953476458,3.725678249573079,0.07451356499146158,29.210299279856564,-14.457962701067498
29,50,Random,0.10009270138357775,0.378565130260521,0.08907140131554106,0.1759662807361471,10.811646209653933,0.21623292419307866,12.608238998389021,-45.35603691407517,0.08598253564768914,0.1784601760058865,10.483028363141337,0.20966056726282672,12.774703600609245,-46.74892162076061
30,10,Paper (published),0.05801382355737708,0.40381563126252507,0.010396053900452564,0.0788192438370037,1.411193675764495,0.14111936757644952,9.119456330568434,-0.5738965110072693,0.021521714909357805,0.07497910550980239,1.3730679707348696,0.13730679707348695,9.177039663534769,-0.5444997260752514
30,10,Paper + swap,0.05801382355737708,0.40381563126252507,0.003786595470303386,0.0748716623564916,1.4147029590312543,0.14147029590312543,9.302465299084334,-0.43781588116291453,0.012505565197803529,0.06668315584942164,1.310313265024534,0.1310313265024534,9.388895892796622,-0.3837023005114147
30,10,Max diversity |rho|,0.05801382355737708,0.40381563126252507,0.015512621774802088,0.05572720776487542,1.2830313048830353,0.12830313048830352,9.62402059372137,-0.20372013175231327,0.007149607701920482,0.045001701670757704,1.2793253685417436,0.1279325368541744,9.708014135213217,-0.1520646647048558
30,10,Max diversity rho,0.05801382355737708,0.40381563126252507,-0.098842037999843,0.2985346389204116,3.7593041254811173,0.37593041254811177,5.00785419299818,-4.198318761302911,-0.10008827520707769,0.2972885852604756,3.727238025956793,0.3727238025956794,5.0722174399816415,-4.190893414766647
30,10,Log-det,0.05801382355737708,0.40381563126252507,-0.0004460380118875582,0.057303715340053844,1.3586390379693778,0.1358639037969378,9.527399875046909,-0.259369455516095,-0.0008427991166523856,0.05459638911646371,1.3301115152286185,0.13301115152286186,9.575621953851407,-0.23054492871972412
30,10,Random,0.05801382355737708,0.40381563126252507,0.06732664728668183,0.21189356829241662,2.967615737091994,0.2967615737091995,6.428182005451234,-2.1817076682188397,0.05943400263438012,0.22037335970544675,3.059170010354316,0.3059170010354317,6.265934772909833,-2.3094270738477443
30,20,Paper (published),0.05801382355737708,0.40381563126252507,0.015741120903153716,0.10427251545798537,1.9862835986254106,0.09931417993127055,14.928481851221822,-4.454441018780701,0.019449038252035263,0.10548250566131746,1.9017030061410902,0.09508515030705451,14.872449266941194,-4.6777103532866775
30,20,Paper + swap,0.05801382355737708,0.40381563126252507,0.011705893136011416,0.10419838788774807,1.9755081506192393,0.09877540753096198,14.90497225501275,-4.448147604285229,0.016700296323142967,0.10472291325008991,1.861271942616126,0.0930635971308063,14.920292856669432,-4.560882385270049
30,20,Max diversity |rho|,0.05801382355737708,0.40381563126252507,0.018573100267254755,0.08747880401294789,2.028093606146532,0.10140468030732654,15.696720319086625,-3.027061088394812,0.017652583921537176,0.08515086595005408,1.983598952921604,0.09917994764608021,15.812483201974299,-2.964914570519595
30,20,Max diversity rho,0.05801382355737708,0.40381563126252507,-0.047433499740920905,0.27587556881710373,6.27449557235966,0.313724778617983,6.631375547456601,-16.76077756001851,-0.048018925558099924,0.2749587874236419,6.225338506490667,0.3112669253245335,6.633539844124547,-17.252697939573356
30,20,Log-det,0.05801382355737708,0.40381563126252507,0.02553846000365652,0.09356117316832517,2.1773411242578744,0.10886705621289366,15.837222781711237,-2.712708794885173,0.021591224767638514,0.09449622417638874,2.1251840626468517,0.10625920313234255,15.927416306643623,-2.6434171126059605
30,20,Random,0.05801382355737708,0.40381563126252507,0.10941747479051646,0.2769691506888225,6.584701214262148,0.3292350607131073,6.773358162281517,-11.868943262642697,0.107191373567567,0.27918543887748093,6.626091444476703,0.33130457222383514,6.718654258717998,-12.143884266287074
30,50,Paper (published),0.05801382355737708,0.40381563126252507,0.010699411928276018,0.12545676457745406,3.7015771643005526,0.07403154328601107,22.451634742122383,-30.906879932317278,0.00955613812979579,0.12646391738140766,3.4966187921933836,0.06993237584386768,22.266694273151305,-32.65864241916652
30,50,Paper + swap,0.05801382355737708,0.40381563126252507,0.012940884466061916,0.12691488030562353,3.6163227137933447,0.0723264542758669,22.148687800963764,-32.3311370325063,0.011362874358745202,0.12706549512470025,3.4139648959745363,0.06827929791949075,22.07134360431244,-33.965429943551925
30,50,Max diversity |rho|,0.05801382355737708,0.40381563126252507,0.017378055769948227,0.11559686283568764,3.8780807663779964,0.07756161532755992,24.227774464150468,-24.738375601207856,0.014416615897023111,0.11431493975224735,3.7776264785303075,0.07555252957060617,24.36779678837912,-25.760158514168044
30,50,Max diversity rho,0.05801382355737708,0.40381563126252507,-0.01840635273050142,0.25220439722460564,13.208349945858345,0.26416699891716683,9.260755934787644,-66.6171105699737,-0.01884079683652571,0.2542222746019606,13.248680428764299,0.26497360857528596,9.127969846535743,-69.535553886424
30,50,Log-det,0.05801382355737708,0.40381563126252507,0.028764512782142315,0.12367894236837247,5.5506484852187725,0.11101296970437546,22.965529465953317,-21.36400862433193,0.027074720553236106,0.12527415650607993,5.493578392646453,0.10987156785292908,22.682891133030395,-22.884299797829552
30,50,Random,0.05801382355737708,0.40381563126252507,0.07819907473629267,0.26376076979543783,14.542738698238185,0.2908547739647637,8.755139313030867,-53.784931376535354,0.07883590337998203,0.2686111484388088,14.787843191629477,0.2957568638325896,8.432087046111223,-57.48942279833164
31,10,Paper (published),0.04241064272006807,0.4502364729458918,-0.0019334090536208366,0.009337132392483962,1.084658857815433,0.10846588578154333,9.982665586901346,-0.00850709636941311,0.0024185287935337384,0.014432104760209308,1.075921111675345,0.10759211116753453,9.967123005593304,-0.016744401782234755
31,10,Paper + swap,0.04241064272006807,0.4502364729458918,0.0035146811539660816,0.010276859484034525,1.107155155033133,0.11071551550331331,9.973574736555733,-0.013034175409545264,0.0033800260647841806,0.014814630229911425,1.0697472112171664,0.1069747211217166,9.965427569555894,-0.017631476517727115
31,10,Max diversity |rho|,0.04241064272006807,0.4502364729458918,-0.0019686271458397376,0.01036026205374633,1.0903838548637848,0.10903838548637844,9.980890249483823,-0.009390184420020566,-0.002188295710371743,0.011595471844107275,1.075738571964526,0.1075738571964526,9.978072103756613,-0.011059116808258341
31,10,Max diversity rho,0.04241064272006807,0.4502364729458918,-0.09318550685924729,0.3079799169583923,3.980439463831437,0.3980439463831436,4.1831732493062574,-7.423912173997713,-0.09236923094294278,0.306057374459444,3.919132274417593,0.39191322744175916,4.226123299864677,-7.371756227418034
31,10,Log-det,0.04241064272006807,0.4502364729458918,-0.00012191096587084137,0.010176442192541778,1.0876505213855334,0.10876505213855334,9.97866899472701,-0.010644647147379711,0.001440025270021407,0.011821697777178387,1.0717799529353256,0.10717799529353256,9.981903173752526,-0.00903069138033253
31,10,Random,0.04241064272006807,0.4502364729458918,0.07665530305614,0.10156392563758537,2.1911753943142074,0.2191175394314208,7.694030258387332,-1.639518839730657,0.06329055265742362,0.09801586967251795,2.1396352349714567,0.21396352349714567,7.801651362927183,-1.4921015705058303
31,20,Paper (published),0.04241064272006807,0.4502364729458918,-0.0005320244258797353,0.010206426702099439,1.215721259379163,0.060786062968958145,19.919938926987058,-0.03699112534498793,0.0009675743662694348,0.021794303756450282,1.178231282920285,0.05891156414601424,19.705289512115996,-0.15255856627775394
31,20,Paper + swap,0.04241064272006807,0.4502364729458918,0.0005900862872594197,0.00835553685245044,1.1460541518120717,0.057302707590603595,19.9483570402783,-0.024659219356916954,0.0007956734845016342,0.02235633160110004,1.167675748722979,0.05838378743614897,19.6957406863213,-0.16177892761154175
31,20,Max diversity |rho|,0.04241064272006807,0.4502364729458918,-0.00010286378525761628,0.008495704685690839,1.1814565783597648,0.05907282891798823,19.935026313328475,-0.03122977092796389,0.0008469460891310042,0.01873620270529296,1.1938744376652175,0.05969372188326087,19.77959146367052,-0.11319924409811093
31,20,Max diversity rho,0.04241064272006807,0.4502364729458918,-0.04207648449689684,0.2886617394540693,7.281748167011473,0.3640874083505735,5.554993715802159,-15.544458232545075,-0.043849964952408525,0.2927080976254848,7.117430256797874,0.3558715128398937,5.621436687392685,-15.848141752320085
31,20,Log-det,0.04241064272006807,0.4502364729458918,-0.00043898806038813575,0.007453318888235885,1.1540057846123635,0.057700289230618186,19.95538491884845,-0.021130188683381405,-0.0011446187338110833,0.01890138324344292,1.2137082212962045,0.060685411064810235,19.78005574976273,-0.1102969630842484
31,20,Random,0.04241064272006807,0.4502364729458918,0.05161374531044609,0.1356033476661016,4.567037960467921,0.22835189802339603,10.444511299412577,-6.085607623648662,0.04985420484530365,0.14229312266150546,4.483551801347623,0.22417759006738117,10.480830337180322,-6.159609096275235
31,50,Paper (published),0.04241064272006807,0.4502364729458918,0.0005076471176379733,0.013981915906190679,1.6077411987932195,0.032154823975864395,48.513593914087664,-0.7364641478688809,0.00022265781899418927,0.03080945108609045,1.6116832255494606,0.03223366451098921,46.20601831179835,-2.1061259824643273
31,50,Paper + swap,0.04241064272006807,0.4502364729458918,0.0013977016131096517,0.012374732140540823,1.5446211526060996,0.030892423052121996,48.82988720903923,-0.5634665155238023,0.0012573076571395301,0.029324461019823177,1.5407117384450164,0.030814234768900325,46.62629442832225,-1.8228677650479366
31,50,Max diversity |rho|,0.04241064272006807,0.4502364729458918,0.0017529089153042517,0.011618595280508407,1.5124236501340325,0.030248473002680652,49.01548328422861,-0.463584504438867,0.0012490198712614355,0.02770215949963954,1.6185447052759543,0.032370894105519084,46.904845844325244,-1.6399408656334666
31,50,Max diversity rho,0.04241064272006807,0.4502364729458918,-0.011557263907144743,0.1881693440558967,11.378551250964122,0.22757102501928242,10.879217743654177,-32.039481292588285,-0.01540911967811189,0.19745169556937262,11.138636992430936,0.22277273984861876,10.774951463280843,-33.53663419928051
31,50,Log-det,0.04241064272006807,0.4502364729458918,0.000622895641884363,0.013833361857929162,1.74207904934864,0.034841580986972806,49.09016729840297,-0.35552899020943773,-3.645374217728898e-05,0.028605285123190275,1.794305519444221,0.03588611038888442,47.02256176240523,-1.514725447766669
31,50,Random,0.04241064272006807,0.4502364729458918,0.05490548478353945,0.1373790407631128,9.523169474964298,0.19046338949928593,14.730888353013778,-27.335738979515643,0.05323990225491074,0.1459235208955495,9.549931002444929,0.19099862004889856,14.529929344233281,-28.599941242147658
32,10,Paper (published),0.03990616953679177,0.45945490981963927,-0.0016756122817985892,0.027474006711979616,1.2197439410531703,0.12197439410531707,9.878729750451967,-0.059504865012385055,-0.003431500626069624,0.030520022518226636,1.1372724571907746,0.11372724571907744,9.879400648983056,-0.06408462212277552
32,10,Paper + swap,0.03990616953679177,0.45945490981963927,0.0037495383351192064,0.028415533655576208,1.1911961321689755,0.11911961321689754,9.86984976017475,-0.06561280668953937,-0.00446067269503243,0.03353732633154508,1.1295146557907945,0.11295146557907945,9.864971252793666,-0.07198003664617905
32,10,Max diversity |rho|,0.03990616953679177,0.45945490981963927,-0.0007335090794946057,0.021207293118951604,1.167538447250009,0.1167538447250009,9.93526722250954,-0.031442479521840545,-0.001061012898088464,0.017436197225803047,1.111251988754784,0.11112519887547848,9.95048392825356,-0.0252231521237513
32,10,Max diversity rho,0.03990616953679177,0.45945490981963927,-0.0967887341970745,0.25668382029665304,3.511769745945087,0.35117697459450864,4.853433515675658,-6.336199282176761,-0.09721413451169342,0.24847273317778848,3.3976897103527337,0.33976897103527337,4.946528159638881,-6.402116339550407
32,10,Log-det,0.03990616953679177,0.45945490981963927,0.003267259921106579,0.024778090854624304,1.1661744128916007,0.11661744128916009,9.916128893661844,-0.042215284091664966,0.004907670728660874,0.019815099302674215,1.106483176962194,0.11064831769621938,9.94942605512861,-0.025555379223079547
32,10,Random,0.03990616953679177,0.45945490981963927,0.03266137964889529,0.23162688366562145,3.3341973145025303,0.33341973145025305,5.234373531020139,-4.369390482667886,0.03566452411130004,0.23367563951563497,3.4352459978616583,0.3435245997861659,5.10609592898338,-4.534316141344258
32,20,Paper (published),0.03990616953679177,0.45945490981963927,-0.002645214821122576,0.03590282654472235,1.5017914034284578,0.07508957017142291,19.133003448977888,-0.4424724421924662,-0.0014207891973372724,0.03903458178082853,1.357413068312581,0.06787065341562903,19.037546980819823,-0.5327268581497506
32,20,Paper + swap,0.03990616953679177,0.45945490981963927,-0.0010493203635389139,0.03789833307917469,1.4872189033074286,0.0743609451653714,19.066436299585853,-0.4816504157212925,-0.001720072295034799,0.0409679212184149,1.352636762153435,0.06763183810767175,18.96771768768376,-0.5711049499952072
32,20,Max diversity |rho|,0.03990616953679177,0.45945490981963927,-0.0010094713022930674,0.03116870109128476,1.4621246681706275,0.07310623340853137,19.42417430659731,-0.2631538984437378,-0.00019827868868940387,0.02954152223068761,1.318123242633079,0.06590616213165394,19.489298672636263,-0.2591358758194648
32,20,Max diversity rho,0.03990616953679177,0.45945490981963927,-0.04581526387803757,0.3836936137498334,9.02156361464624,0.45107818073231193,4.006581276058296,-21.750190220499153,-0.046672235714276505,0.38818036771476083,9.100911085368793,0.4550455542684399,3.951834102920767,-22.018670205375425
32,20,Log-det,0.03990616953679177,0.45945490981963927,-0.002029819782409843,0.03206810114461703,1.523231139313301,0.07616155696566504,19.390239448501926,-0.27609694699734216,-0.000489628279664279,0.02978387579804411,1.3715669100385828,0.06857834550192915,19.492532761135887,-0.25372847489761857
32,20,Random,0.03990616953679177,0.45945490981963927,-0.004464068591091814,0.1559607730104569,4.22475704115004,0.21123785205750192,10.050176855213468,-9.109736407104757,-0.006461128195723202,0.15485768466046612,4.24115477640717,0.21205773882035844,10.054436785261506,-9.173542938214828
32,50,Paper (published),0.03990616953679177,0.45945490981963927,0.0038046532628079554,0.05110489641412662,2.5062568516211265,0.05012513703242253,39.23323308260121,-5.941974329078327,0.004723516111014678,0.05305927734722285,2.171351893493794,0.04342703786987588,39.23583663846981,-6.6757570629274525
32,50,Paper + swap,0.03990616953679177,0.45945490981963927,0.0043883635716808365,0.04879928878594355,2.3846891244908797,0.0476937824898176,39.85399892240542,-5.757574203855519,0.004737145099139116,0.05183497506862513,2.0876331878077785,0.04175266375615558,39.410056464585736,-6.6966664083752745
32,50,Max diversity |rho|,0.03990616953679177,0.45945490981963927,0.0053049529502570535,0.04520721690194726,2.4928684826865943,0.04985736965373189,40.32142665233908,-5.4748615540101015,0.005714279024787908,0.04805514788642057,2.294206719276846,0.045884134385536936,39.90532831671202,-6.277530367715161
32,50,Max diversity rho,0.03990616953679177,0.45945490981963927,-0.016943399890295245,0.23969574871102925,12.563516522200985,0.2512703304440196,8.558439209364732,-58.358677234587006,-0.017839599134217628,0.24083388558456617,12.68608527348351,0.2537217054696702,8.515931306850698,-59.9829413911204
32,50,Log-det,0.03990616953679177,0.45945490981963927,0.0021996311204297535,0.0494093412702224,2.861853599722223,0.057237071994444465,41.60210355000937,-3.4789507180592576,0.003219218050964024,0.0526474334810933,2.7408371124312314,0.05481674224862463,40.95487460870528,-4.52705942673736
32,50,Random,0.03990616953679177,0.45945490981963927,0.017192952367404306,0.1708185823111827,9.523774674851403,0.1904754934970281,13.483561603985883,-35.617217352742884,0.017340902156226294,0.16917770904216817,9.20291489374263,0.18405829787485256,13.676403981564164,-37.02562060511937
33,10,Paper (published),0.048265451001962716,0.4238316633266533,0.004649651129152906,0.035517923453803786,1.1973963088868156,0.11973963088868152,9.813704074171131,-0.10018870678286676,0.0038141565707910663,0.028770713072947564,1.1579061135439506,0.11579061135439507,9.874075096038512,-0.06611141787612713
33,10,Paper + swap,0.048265451001962716,0.4238316633266533,0.002162519969280673,0.036091010104525645,1.2369459392231228,0.12369459392231227,9.826987341339837,-0.08641996147783132,0.002096179218855678,0.028939971566490433,1.1509676667656237,0.11509676667656235,9.881645725318512,-0.06065853672242939
33,10,Max diversity |rho|,0.048265451001962716,0.4238316633266533,-0.005425131645128191,0.026424058099497237,1.2201123152458648,0.12201123152458648,9.893706421253972,-0.05181504701219278,-0.005105503131905782,0.01859196468717889,1.1210891779403678,0.11210891779403678,9.94523736489074,-0.027425430878414557
33,10,Max diversity rho,0.048265451001962716,0.4238316633266533,-0.09409370692288839,0.19570185395907574,2.4415005455345016,0.24415005455345007,6.144724657169305,-4.384172244701714,-0.09514586668085744,0.20048063816916953,2.5536841009294435,0.2553684100929443,6.062770393228223,-4.51490735185159
33,10,Log-det,0.048265451001962716,0.4238316633266533,0.005482063503457609,0.026563701224679326,1.1879816570173654,0.11879816570173651,9.911868619270484,-0.04325356769981101,-0.0036291495438417684,0.01888768121128147,1.1144926807605775,0.11144926807605778,9.947526538766631,-0.026567388740510657
33,10,Random,0.048265451001962716,0.4238316633266533,0.026648463359921166,0.09155797525441246,1.7802522589654057,0.1780252258965406,8.580973876386878,-0.8338173210574584,0.02184634980403113,0.08946621117114281,1.8606926429181223,0.1860692642918122,8.489605649602206,-0.9061764306355189
33,20,Paper (published),0.048265451001962716,0.4238316633266533,0.002679591821820645,0.04313304749118272,1.4485895583829693,0.07242947791914846,18.829719999023304,-0.6425163757169579,-0.0022474073880956887,0.04328706403022996,1.4217335112840979,0.07108667556420488,18.836916967901267,-0.6567275025333814
33,20,Paper + swap,0.048265451001962716,0.4238316633266533,0.002679591821820645,0.04313304749118272,1.4485895583829693,0.07242947791914846,18.829719999023304,-0.6425163757169579,-0.0022474073880956887,0.04328706403022996,1.4217335112840979,0.07108667556420488,18.836916967901267,-0.6567275025333814
33,20,Max diversity |rho|,0.048265451001962716,0.4238316633266533,0.00535129508266298,0.038191506408701816,1.5070976814851218,0.07535488407425607,19.02166223492651,-0.4898925398009032,0.003664913380096682,0.03597144693124088,1.391463126038597,0.06957315630192985,19.133327422531156,-0.4582533157739255
33,20,Max diversity rho,0.048265451001962716,0.4238316633266533,-0.04179813533476114,0.23371900486101366,4.646458666580409,0.2323229333290204,7.68962362189512,-15.222565847708022,-0.044239511081077314,0.2364909199746745,4.607549248962167,0.23037746244810836,7.666967399574615,-15.430870120710182
33,20,Log-det,0.048265451001962716,0.4238316633266533,-0.0010217385190762764,0.03519614226702548,1.4856719168151429,0.07428359584075714,19.285747286879165,-0.33466614514960763,-0.005386344314831994,0.03864571553890124,1.4685855692535055,0.07342927846267529,19.168462718548792,-0.4170383000844995
33,20,Random,0.048265451001962716,0.4238316633266533,0.09288853853573412,0.1601009321823267,3.8022952712810274,0.19011476356405133,11.073412705492126,-7.072051691915085,0.09074796943534917,0.1620229911366469,3.7197427234812013,0.18598713617406012,11.054175927793644,-7.204128868249491
33,50,Paper (published),0.048265451001962716,0.4238316633266533,0.013164885518047745,0.06494411308450497,2.7201810963791124,0.05440362192758224,34.859773207613834,-10.200949688860742,0.011168504504859698,0.06570719275187478,2.441372573183778,0.04882745146367556,34.73337072540806,-11.252468837971676
33,50,Paper + swap,0.048265451001962716,0.4238316633266533,0.01169490987567466,0.06397002084570129,2.6427485951731176,0.05285497190346236,35.30435055247674,-9.64139484382858,0.009290654966083927,0.0649269842309788,2.372507807284706,0.04745015614569412,35.052547038912635,-10.765440470645553
33,50,Max diversity |rho|,0.048265451001962716,0.4238316633266533,0.008199721607341445,0.05660028904025354,2.681492928013261,0.05362985856026522,36.49863445693613,-8.362937537738532,0.00560954981647717,0.058522851100245896,2.558909426607347,0.05117818853214696,36.01084391457014,-9.42557774096624
33,50,Max diversity rho,0.048265451001962716,0.4238316633266533,-0.012697241177002305,0.19993379160496846,8.702037397305956,0.17404074794611912,12.257483779748606,-38.24844364283008,-0.015251541167630493,0.20259126959517743,8.821509048857497,0.17643018097714988,12.090879803924132,-39.946713862953956
33,50,Log-det,0.048265451001962716,0.4238316633266533,0.004417844337985199,0.06167192596843928,2.936063647258188,0.05872127294516375,37.760829171061474,-5.793382578376299,0.003124461193192519,0.0642865910611758,3.0082383473952903,0.060164766947905804,37.214276544203386,-6.720305781015119
33,50,Random,0.048265451001962716,0.4238316633266533,0.06517629556320324,0.16837514515910224,7.323647268547016,0.14647294537094033,14.885873105731326,-40.2531482202222,0.06429808536643783,0.17206109947353845,7.4049271162421055,0.14809854232484215,14.546764226188964,-42.397169924118224
34,10,Paper (published),0.0038882503258397486,0.4919759519038076,-0.011247666075716155,0.055759783198594426,1.3659448722231917,0.13659448722231918,9.539673837312598,-0.25118483142452186,-0.005328994661814462,0.04990135203212519,1.254313268357999,0.12543132683579988,9.621849191183014,-0.21496829688564367
34,10,Paper + swap,0.0038882503258397486,0.4919759519038076,-0.0006476918741868109,0.05822027643143436,1.3784936166904649,0.13784936166904646,9.496764141667024,-0.29716742046932265,0.004092137645866934,0.05236873558873995,1.2482450575513326,0.12482450575513326,9.596332681962357,-0.2503048237432981
34,10,Max diversity |rho|,0.0038882503258397486,0.4919759519038076,-0.009475965823359486,0.043158826461700016,1.2381208718771592,0.12381208718771594,9.760629540351454,-0.12528617226554295,-0.010589094317579699,0.03480024306141128,1.2233215326021478,0.12233215326021485,9.804178986937831,-0.10134446438862782
34,10,Max diversity rho,0.0038882503258397486,0.4919759519038076,-0.09014097065987886,0.1678585356880095,2.3136712465316767,0.23136712465316767,7.293370122406616,-2.295576725590638,-0.0921002000117209,0.16583596353681512,2.296377158619546,0.2296377158619546,7.264877225833247,-2.381054217419241
34,10,Log-det,0.0038882503258397486,0.4919759519038076,0.0009495824871773983,0.046219226797827535,1.3197783682971878,0.13197783682971873,9.701121138143673,-0.1549778475090692,0.001001142005775512,0.03643178935701137,1.2042136553996365,0.12042136553996363,9.819820324856039,-0.09375489602834094
34,10,Random,0.0038882503258397486,0.4919759519038076,-0.021897934188952323,0.1410723382195885,1.999220125591595,0.19992201255915948,7.9389919673095966,-1.4125403081854455,-0.028888841529220263,0.14184936654550975,2.076031126965764,0.20760311269657647,7.85531302926389,-1.4841118849999135
34,20,Paper (published),0.0038882503258397486,0.4919759519038076,-0.00840599009791751,0.07458506127663693,1.7063836086152542,0.08531918043076273,16.91870105972215,-2.150856440052948,-0.006170161114766672,0.07231053446046093,1.588299719722815,0.07941498598614076,17.117516195882803,-2.072866257212212
34,20,Paper + swap,0.0038882503258397486,0.4919759519038076,-0.0032845075246717473,0.07550563364416947,1.7030961771770536,0.08515480885885268,16.791276172030795,-2.313847560931683,-0.00012474548297049964,0.07302944855695928,1.5664351233897935,0.07832175616948968,17.016149953785344,-2.2019010504080208
34,20,Max diversity |rho|,0.0038882503258397486,0.4919759519038076,-0.007047328456655604,0.060283496677932064,1.650053565261643,0.08250267826308218,17.88646458703141,-1.2344397503257287,-0.009031334757910117,0.05649951342632581,1.5702380304975374,0.07851190152487685,18.126383551322366,-1.1045289737294706
34,20,Max diversity rho,0.0038882503258397486,0.4919759519038076,-0.045166429104364275,0.1635504358344922,3.5416703071707714,0.17708351535853856,11.430110241779483,-7.641314144846437,-0.04612411389891645,0.16965418472218796,3.679605736371312,0.18398028681856557,11.121920002227606,-8.260824746603827
34,20,Log-det,0.0038882503258397486,0.4919759519038076,-0.0024040251614107157,0.061017272083020824,1.8101266646844305,0.09050633323422154,18.060932529718194,-1.00948316334311,-0.0025785386840839314,0.060481973157380034,1.7210758367869088,0.08605379183934544,18.125187777402076,-0.9839194294441106
34,20,Random,0.0038882503258397486,0.4919759519038076,0.0010590334269550566,0.1225699295017112,2.8787655045862,0.14393827522931,13.761611742624314,-4.582319875963201,0.0018484118926266556,0.12480292314239735,2.7808262972921187,0.13904131486460594,13.572109635055238,-5.018381004769308
34,50,Paper (published),0.0038882503258397486,0.4919759519038076,0.006537478164600717,0.08939252976326968,3.01218149312235,0.060243629862447,30.490039925381407,-17.021647318817188,0.008361520960305027,0.08839020749179442,2.594142669643375,0.051882853392867495,30.7407396817248,-18.037300161613498
34,50,Paper + swap,0.0038882503258397486,0.4919759519038076,0.008707744789144486,0.08801510504794355,3.111020189538185,0.0622204037907637,30.69583647872682,-16.48542126010338,0.009788026544008887,0.08729022450536247,2.538425224556881,0.05076850449113763,30.876017952794633,-17.51381468170412
34,50,Max diversity |rho|,0.0038882503258397486,0.4919759519038076,0.002784517296594622,0.0798425701285268,2.847635588622458,0.05695271177244916,32.63104496164475,-13.407799186173493,0.004360925629695504,0.0783050427089898,2.616548449791009,0.05233096899582018,32.89528974598941,-14.090432063959595
34,50,Max diversity rho,0.0038882503258397486,0.4919759519038076,-0.01770112254813952,0.15073993803401825,5.698001308269909,0.11396002616539816,18.447465909454632,-39.18793015389548,-0.01806768994527313,0.15211142512310993,5.78092532552477,0.11561850651049538,18.28945706252915,-40.658793633759
34,50,Log-det,0.0038882503258397486,0.4919759519038076,0.0013689573261344648,0.08387484733803367,3.293163354689443,0.06586326709378885,32.53085013674072,-11.531120642615445,0.002216240614589394,0.08236944064597944,2.91610301561489,0.05832206031229781,32.94351820371224,-11.888516034708015
34,50,Random,0.0038882503258397486,0.4919759519038076,0.0028174757508932185,0.1424195408252236,6.011020651697516,0.12022041303395031,19.564461386401202,-33.619213473343486,0.004407544833150445,0.14817862911602267,6.269432563872639,0.12538865127745283,18.904175468096405,-35.4053336970075
35,10,Paper (published),0.08994014583324379,0.39380360721442886,0.0020466747922606885,0.06786226272505079,1.3875195635888988,0.13875195635888987,9.42107733324817,-0.33534366135245675,0.0005494522400290682,0.056312237615147955,1.340256130092161,0.1340256130092161,9.52081703522,-0.27128968344051596
35,10,Paper + swap,0.08994014583324379,0.39380360721442886,0.0036263220204436264,0.0770946409305049,1.3828614071460148,0.1382861407146014,9.22369016764769,-0.4985774982400313,0.003504294730512196,0.06768903110156066,1.2661201817920267,0.12661201817920262,9.407569822581086,-0.3918706778470302
35,10,Max diversity |rho|,0.08994014583324379,0.39380360721442886,-0.0008304722072756176,0.039573017934484346,1.2748648743564528,0.12748648743564525,9.785103257930432,-0.11112228373253182,0.005379627943718704,0.033646799669146,1.210713830092005,0.12107138300920042,9.823100653335183,-0.09314943686406153
35,10,Max diversity rho,0.08994014583324379,0.39380360721442886,-0.09782586275669468,0.3959146955260555,4.994836648584673,0.49948366485846735,3.42202673379871,-6.5135121540381675,-0.09831787971038176,0.38559031094174734,4.855900616665304,0.48559006166653046,3.554781398073505,-6.394902892027454
35,10,Log-det,0.08994014583324379,0.39380360721442886,-0.007536628052541229,0.04710671887660506,1.2982365043912407,0.12982365043912406,9.70951368093876,-0.15438643048743794,-0.004612728050491564,0.033330587634586586,1.2053955880828804,0.12053955880828807,9.844573557972222,-0.07849767647399349
35,10,Random,0.08994014583324379,0.39380360721442886,0.1797536572957173,0.2584580965289336,3.714959133521347,0.3714959133521348,5.1158214605609675,-3.417664517015764,0.15991592530443155,0.2505627550405534,3.5778808313059915,0.3577880831305993,5.335542718497743,-3.227404689432685
35,20,Paper (published),0.08994014583324379,0.39380360721442886,0.013470071032689539,0.08294781009831625,1.7303719685797212,0.08651859842898607,16.495657571001946,-2.5489255057714644,0.010619026629986822,0.08275993279062736,1.6815636345487992,0.08407818172743997,16.59484620703209,-2.557255094218676
35,20,Paper + swap,0.08994014583324379,0.39380360721442886,0.018546528797353176,0.08525953210040528,1.7951077390741024,0.0897553869537051,16.285001413188326,-2.6744276571134598,0.013202876012390117,0.08696782283264637,1.6615053645452436,0.08307526822726218,16.32929043356761,-2.7434482989230267
35,20,Max diversity |rho|,0.08994014583324379,0.39380360721442886,0.007532524692827865,0.062431805526944106,1.6858919860234813,0.08429459930117408,17.278089743338462,-1.77139445385949,0.010889977446372172,0.060889320476461846,1.7190648138229168,0.08595324069114585,17.390709507079666,-1.6585502513762276
35,20,Max diversity rho,0.08994014583324379,0.39380360721442886,-0.045897169150281115,0.32559436470907316,8.027134534871337,0.40135672674356665,5.0251713760121595,-16.85342486044004,-0.04604859049998761,0.3173231304896598,7.7909940801780895,0.38954970400890443,5.259157775027048,-16.46707393386108
35,20,Log-det,0.08994014583324379,0.39380360721442886,-0.0024503768150434093,0.07138185072622823,1.8116119910449928,0.09058059955224965,17.40782476625339,-1.4474659054652965,0.0019533765028948162,0.06603774544500088,1.6988652358754546,0.08494326179377276,17.839427187649058,-1.2079074081229866
35,20,Random,0.08994014583324379,0.39380360721442886,0.14514839343648533,0.22613847012786079,5.683652752463736,0.2841826376231868,7.716114036963795,-11.660578098237577,0.13295817042470626,0.22076849631634812,5.459222853886139,0.272961142694307,7.9677182703861655,-11.550912089089868
35,50,Paper (published),0.08994014583324379,0.39380360721442886,0.01624695462024998,0.09638256681597765,3.1527902783023736,0.06305580556604748,28.225460410212623,-19.774519598829528,0.017085378473954017,0.09605255444728286,2.8182641231951253,0.056365282463902495,28.418354154614438,-20.56959507285881
35,50,Paper + swap,0.08994014583324379,0.39380360721442886,0.016364007605045038,0.09667890690728262,3.066016442543823,0.06132032885087647,28.05639527637914,-20.42154963344552,0.017222203072807165,0.09689483490198014,2.7409858532910616,0.05481971706582123,28.086051296902788,-21.48037802834738
35,50,Max diversity |rho|,0.08994014583324379,0.39380360721442886,0.009282453499300423,0.08334278706779523,3.0989222896197575,0.06197844579239518,30.490262575268893,-14.374841731591317,0.012382224235203462,0.08266866497753231,2.9914830327964177,0.059829660655928374,30.83681478438326,-14.59254579710175
35,50,Max diversity rho,0.08994014583324379,0.39380360721442886,-0.017916572732900624,0.22784838591532675,12.729691741268073,0.25459383482536146,9.638616632937628,-60.147909930958726,-0.018340863522570507,0.2285088749210354,12.396806951891563,0.24793613903783127,9.778102549369253,-61.54098187448983
35,50,Log-det,0.08994014583324379,0.39380360721442886,0.004535668323914254,0.08736333703771526,3.5313030550337685,0.07062606110067537,30.943835206736768,-12.161112902065657,0.0062070669434111285,0.08827026924407057,3.5324548219169163,0.07064909643833832,31.04142197677524,-12.647538662742827
35,50,Random,0.08994014583324379,0.39380360721442886,0.0838591673260223,0.22139254770866867,14.40244699940748,0.2880489399881497,9.03586722967156,-47.1786080820645,0.08325470463298583,0.21949483922969992,14.061678311280328,0.2812335662256066,9.334566736559236,-47.260668763268896
36,10,Paper (published),0.05295525428276765,0.3824448897795591,0.0029846391073209246,0.07490802686320598,1.3982508649717325,0.13982508649717323,9.209963298750274,-0.5291696426406736,0.0006407879444946221,0.06455830800720024,1.342429751693189,0.13424297516931888,9.313104645666117,-0.46401795460704176
36,10,Paper + swap,0.05295525428276765,0.3824448897795591,-0.0019918404435939003,0.0747148518541228,1.4240203873861381,0.14240203873861373,9.320206155705106,-0.4072597880493508,-0.00821768817574399,0.06725487802585485,1.298887327732082,0.1298887327732082,9.413640469288616,-0.3598550784099666
36,10,Max diversity |rho|,0.05295525428276765,0.3824448897795591,0.016600731520671146,0.05726693457934871,1.3523152557967881,0.13523152557967882,9.560117152576742,-0.22308872564732946,0.012506294338708902,0.04124267647030436,1.2883388030128675,0.12883388030128676,9.72996659029418,-0.13836461736440153
36,10,Max diversity rho,0.05295525428276765,0.3824448897795591,-0.09419003815584348,0.1961817525987318,2.575273517332731,0.25752735173327307,6.420745197397285,-3.6829916611705307,-0.095600948958835,0.20068562898228734,2.537539729150078,0.2537539729150079,6.353373707817614,-3.8819623599832753
36,10,Log-det,0.05295525428276765,0.3824448897795591,0.01980617756184436,0.04751561945333935,1.3733921096666717,0.13733921096666718,9.66793799068366,-0.1681648727444361,0.013381845463589915,0.04653497689137736,1.3353336261214248,0.13353336261214252,9.719234620252074,-0.14218520401326754
36,10,Random,0.05295525428276765,0.3824448897795591,0.06822896902258162,0.1851554443873861,2.6888619435591865,0.2688861943559187,6.83583104360581,-1.8286289948378875,0.07343629355891096,0.1940623338254825,2.726152255532764,0.27261522555327644,6.681325864575302,-1.9812640711565963
36,20,Paper (published),0.05295525428276765,0.3824448897795591,0.013700197527584165,0.09781872516988344,1.9643147381349058,0.09821573690674527,15.565240452591958,-3.2520775068926175,0.015623687361559096,0.09576238914322475,1.8611863201424874,0.09305931600712439,15.64782104946485,-3.216339975514813
36,20,Paper + swap,0.05295525428276765,0.3824448897795591,0.0057472358029141074,0.09944951908762924,1.9478496596940413,0.09739248298470204,15.632620041601008,-3.350215030423788,0.007152295342710358,0.09748346598854839,1.7950472362522227,0.08975236181261112,15.730038456181887,-3.3052579862501856
36,20,Max diversity |rho|,0.05295525428276765,0.3824448897795591,0.00998832887835611,0.07428068269470355,1.7936728526744843,0.08968364263372423,17.10271719598169,-1.706602880631109,0.009977128544558438,0.06984648794780704,1.6892610451947638,0.08446305225973817,17.23341370967296,-1.714604646683202
36,20,Max diversity rho,0.05295525428276765,0.3824448897795591,-0.0439306819589503,0.1584570210820212,3.5755220742976124,0.17877610371488056,11.227554738998187,-7.730173462247154,-0.04531926814971576,0.16199166853063487,3.5756967625386133,0.17878483812693072,11.145127249200241,-8.100728311482376
36,20,Log-det,0.05295525428276765,0.3824448897795591,0.014202114568746706,0.07696914038716215,1.8793206306046808,0.09396603153023406,16.9803644196656,-1.744841396174852,0.00978881454505675,0.07536891059475417,1.9245028222945082,0.0962251411147254,17.175790287804624,-1.6145558287582111
36,20,Random,0.05295525428276765,0.3824448897795591,0.05846938834956635,0.16171640559813394,3.5855663880413315,0.17927831940206657,11.47627348437094,-6.18242006233035,0.05308131380134408,0.1624202110594111,3.608811050069335,0.18044055250346672,11.400239302201589,-6.4179484178673505
36,50,Paper (published),0.05295525428276765,0.3824448897795591,0.020580901053776857,0.11164749034469285,3.519045792221745,0.0703809158444349,25.50337894048304,-23.634352973529225,0.0192278561152146,0.11052487700119072,3.143738331033851,0.06287476662067701,25.815451578327956,-24.267340995797145
36,50,Paper + swap,0.05295525428276765,0.3824448897795591,0.019367878458360792,0.10933885850398917,3.3899928430921755,0.0677998568618435,25.78521049295215,-22.987315506141023,0.017500175095445852,0.10951012363867135,3.10326377195955,0.06206527543919099,25.858796062795246,-23.898168063816584
36,50,Max diversity |rho|,0.05295525428276765,0.3824448897795591,0.024683270697857907,0.09596472836750046,3.779721756778647,0.07559443513557294,28.126345185731424,-17.490033775761937,0.024391357468539848,0.09473143917913052,3.598515878249601,0.07197031756499202,28.343218875322012,-17.987913022786188
36,50,Max diversity rho,0.05295525428276765,0.3824448897795591,-0.017396351496512336,0.1767249077396341,7.974154454836118,0.15948308909672235,15.29659220358161,-43.38450185135058,-0.01817968432123217,0.18262520072119245,8.238432122974352,0.16476864245948705,14.637239805520942,-45.492439103868925
36,50,Log-det,0.05295525428276765,0.3824448897795591,0.025810022539257363,0.10822961629986821,5.423264081597106,0.1084652816319421,26.547640947662426,-14.650392136674583,0.027056356896737892,0.10783370141438624,5.3857764097734595,0.10771552819546916,26.7305400942094,-15.15636508662171
36,50,Random,0.05295525428276765,0.3824448897795591,0.04830383069464412,0.16085693271999252,7.281860319227958,0.1456372063845592,16.942309001598815,-36.162712902437946,0.0531323188830749,0.16735978587223527,7.877793215366523,0.15755586430733048,16.161527195391148,-37.97186972461871
37,10,Paper (published),0.17070274167201213,0.2989579158316633,0.0027400416180231833,0.053410607113518596,1.3505123241035606,0.13505123241035605,9.63187186192078,-0.1985933925192649,0.006926893849532644,0.04104464607177924,1.218387217644494,0.12183872176444943,9.752584890399685,-0.13869764111415483
37,10,Paper + swap,0.17070274167201213,0.2989579158316633,-0.0008342428070210016,0.05610188548749835,1.3490976710124905,0.13490976710124905,9.588975286898567,-0.22248339761438451,0.007796121977284116,0.04520570809089985,1.214862115258793,0.12148621152587931,9.688016192339113,-0.17769767514940935
37,10,Max diversity |rho|,0.17070274167201213,0.2989579158316633,-0.0004748628494925241,0.03405914138282476,1.2200483356861538,0.12200483356861538,9.825102524015316,-0.09000038853617065,0.005915633373696645,0.032557041501377004,1.1974377897642774,0.11974377897642771,9.836794250974428,-0.08430631652980515
37,10,Max diversity rho,0.17070274167201213,0.2989579158316633,-0.09620564276709209,0.4002522941520814,4.962923142123194,0.4962923142123194,3.397282889142919,-6.928056867742859,-0.09599211169042234,0.38127157381883775,4.682996805905169,0.468299680590517,3.643271764059876,-6.682026092502343
37,10,Log-det,0.17070274167201213,0.2989579158316633,0.005304685096063663,0.03905028999037991,1.2377681205139126,0.12377681205139124,9.789817802004581,-0.1077443327363243,0.0036790663100895165,0.03400795966176883,1.2239039100999693,0.12239039100999696,9.831642859830488,-0.08480508316188318
37,10,Random,0.17070274167201213,0.2989579158316633,0.1059048268032135,0.2347498972453634,3.500478067104379,0.35004780671043806,5.454333804205393,-3.014866615336696,0.10341742288027478,0.21261892452477602,3.216482322966065,0.32164823229660666,5.945961781309124,-2.541274702443929
37,20,Paper (published),0.17070274167201213,0.2989579158316633,0.007167294783399557,0.06178210315462088,1.6537275231861912,0.08268637615930959,17.775631561409373,-1.3283721241059832,0.010463253518772886,0.06216122054897342,1.601847534908055,0.08009237674540277,17.72493049408496,-1.3758118793563852
37,20,Paper + swap,0.17070274167201213,0.2989579158316633,0.007105209845537261,0.0629818476594957,1.7194833956000593,0.08597416978000297,17.693950452377685,-1.3673213025613877,0.011208167406302857,0.0628585279759341,1.529635840061678,0.07648179200308391,17.719656658107347,-1.3931656791301597
37,20,Max diversity |rho|,0.17070274167201213,0.2989579158316633,0.003274763098040934,0.05391725082074986,1.6228715214832357,0.08114357607416177,18.25440543459508,-0.9068182565502558,0.005333255027259296,0.05101781169478259,1.571423443987505,0.07857117219937522,18.265161377201455,-0.9442144001908359
37,20,Max diversity rho,0.17070274167201213,0.2989579158316633,-0.04420371907750575,0.2949185349013228,7.082618995618384,0.3541309497809193,5.631018789537003,-16.161000553691988,-0.04428046841250917,0.28464823203858436,6.598128239335487,0.32990641196677445,6.056367081063585,-15.617714476222124
37,20,Log-det,0.17070274167201213,0.2989579158316633,0.0005816021211416994,0.05618522610947825,1.6947757091580633,0.08473878545790317,18.174947658083518,-0.9449526773821212,0.00023750047092452087,0.052971028786179965,1.5954519855709235,0.07977259927854619,18.328754596605748,-0.9028527048832212
37,20,Random,0.17070274167201213,0.2989579158316633,0.19756393315413134,0.23986035436190747,6.191387020977444,0.30956935104887234,7.5622063091165685,-8.447152274795364,0.17715528230038471,0.22308849433890032,5.643424761695005,0.2821712380847503,8.37401913059847,-8.00903317060625
37,50,Paper (published),0.17070274167201213,0.2989579158316633,0.013269311596905928,0.08243848247627844,3.0830812771065728,0.061661625542131455,30.389922843995812,-15.326519554500912,0.013536992779849792,0.08430425895991421,2.851700214640667,0.05703400429281334,30.144395831020603,-16.401774390366946
37,50,Paper + swap,0.17070274167201213,0.2989579158316633,0.013968359029069035,0.08174060938006034,3.0910144306109544,0.06182028861221907,30.53167405496725,-15.505334936834512,0.013887125565340261,0.0841188496945347,2.7831025473776454,0.055662050947552916,30.14079932782347,-16.737011554800606
37,50,Max diversity |rho|,0.17070274167201213,0.2989579158316633,0.01170050797577988,0.07359869690926622,3.1161006258013937,0.06232201251602786,32.18614130036514,-12.179637169635948,0.012761965258449377,0.07710726236147426,3.043672065063603,0.060873441301272056,31.67441891963296,-13.203406085146842
37,50,Max diversity rho,0.17070274167201213,0.2989579158316633,-0.015054302990993026,0.19379336047624793,9.816598585968453,0.19633197171936906,12.053350977974684,-44.15310845760747,-0.016320546923851965,0.19224777037793084,8.990346722356641,0.17980693444713283,12.556573960376129,-45.08402428564337
37,50,Log-det,0.17070274167201213,0.2989579158316633,0.008073602783967019,0.08177797479574642,3.366208075861419,0.06732416151722838,32.73626303315396,-9.498766953453877,0.008684453229939281,0.08425467564904707,3.5630835923334345,0.0712616718466687,32.15498299498389,-10.322857430678226
37,50,Random,0.17070274167201213,0.2989579158316633,0.16404983167676884,0.24981048927480481,15.190500075274695,0.3038100015054939,8.348748383395643,-47.21690246247913,0.15564985188126068,0.23797102361072092,14.039433740632742,0.28078867481265485,9.19699804233604,-46.957894067929224
38,10,Paper (published),0.12334208420845003,0.23905410821643286,0.019871176136371765,0.07789840002803884,1.417825937137912,0.14178259371379123,9.180193669928169,-0.5742238000223077,0.011018576652524974,0.07926435379469457,1.3787656791056702,0.137876567910567,9.177357820086787,-0.5630454459274205
38,10,Paper + swap,0.12334208420845003,0.23905410821643286,0.002267519392117422,0.06524291125541769,1.3456694300376217,0.13456694300376218,9.444478884371195,-0.31700592448586035,0.003150570173770035,0.05984788376253794,1.2777090960274886,0.12777090960274887,9.549806094012697,-0.26196481853456927
38,10,Max diversity |rho|,0.12334208420845003,0.23905410821643286,0.0012556771494969773,0.061118506448288264,1.4018468340585966,0.14018468340585966,9.49300051833627,-0.2759402659121002,0.002960260958190525,0.04667197463324359,1.3512137761432292,0.1351213776143229,9.58821976062401,-0.22397847303190677
38,10,Max diversity rho,0.12334208420845003,0.23905410821643286,-0.09210382556167368,0.24839592044540934,3.26666137607309,0.32666613760730917,5.668056879362954,-3.627008414867233,-0.09418029326963889,0.25253575449340887,3.280054031052994,0.3280054031052995,5.627378284986944,-3.729550323385807
38,10,Log-det,0.12334208420845003,0.23905410821643286,0.0066505109346820905,0.053019284109620465,1.321818078319275,0.13218180783192748,9.652194844224434,-0.18294682265975168,0.0052608070308371195,0.048503090624169944,1.25255965720656,0.12525596572065603,9.726365219559577,-0.15074047330209495
38,10,Random,0.12334208420845003,0.23905410821643286,0.07017653384708941,0.20403452177022308,2.869164698175092,0.2869164698175092,6.512145059331191,-2.170105221110922,0.07186520804396684,0.2128160107062351,2.9622592722904773,0.2962259272290478,6.384751997420134,-2.222291979737393
38,20,Paper (published),0.12334208420845003,0.23905410821643286,0.010300177111217104,0.09581689188343133,1.9610411192686736,0.09805205596343367,15.635858207175373,-3.527641948829862,0.007102718598788322,0.09585552786286147,1.7864883338080464,0.08932441669040231,15.850092946430578,-3.3805039427925827
38,20,Paper + swap,0.12334208420845003,0.23905410821643286,0.018941973016843288,0.09506698607567257,1.8731010067890228,0.09365505033945115,15.615417320505903,-3.764822998739778,0.015194292738695376,0.09411816410892354,1.7127689695254487,0.08563844847627244,15.835822040663556,-3.6050282356086516
38,20,Max diversity |rho|,0.12334208420845003,0.23905410821643286,0.03436365788076921,0.0715839548231692,1.858351263089432,0.09291756315447162,17.05196014621099,-1.8831091992408007,0.037825612676672817,0.07135896180262391,1.909453681389048,0.09547268406945238,16.96074859315775,-1.9846970712114107
38,20,Max diversity rho,0.12334208420845003,0.23905410821643286,-0.044102862681259694,0.21545908466406377,4.8606649618287285,0.24303324809143642,8.906829258980311,-10.394982758656838,-0.04574429787238651,0.22225916595253647,4.997216761799203,0.24986083808996015,8.680207664356102,-10.760383365933185
38,20,Log-det,0.12334208420845003,0.23905410821643286,0.024747493058436452,0.08034923227984458,1.9808378613197364,0.09904189306598682,16.86951694843962,-1.8420748097456259,0.028265342113637557,0.07692901181413131,1.946425956975322,0.0973212978487661,16.954674848297767,-1.7970875405656495
38,20,Random,0.12334208420845003,0.23905410821643286,0.0964029699993356,0.17983185615260322,4.105239167493216,0.20526195837466074,10.245880257527505,-8.118356249752411,0.09983454226376144,0.18189667999479042,4.155221540086413,0.20776107700432073,10.108463941728138,-8.332810955204973
38,50,Paper (published),0.12334208420845003,0.23905410821643286,0.021951885791882925,0.11235542973786933,3.427243453519084,0.06854486907038168,25.158056271558163,-27.553043592611825,0.02194171624002749,0.11317214437182174,3.1578753138691407,0.06315750627738283,25.08744533867356,-28.61684439158833
38,50,Paper + swap,0.12334208420845003,0.23905410821643286,0.019957040699863815,0.11073471524766841,3.348264108189197,0.06696528216378395,25.381617522599644,-26.06731842574297,0.018458031089402503,0.1118597075886195,3.0288002434499783,0.06057600486899954,25.258928775234917,-27.24713150141072
38,50,Max diversity |rho|,0.12334208420845003,0.23905410821643286,0.041610811664455606,0.10088351722700083,4.116149803728003,0.08232299607456006,26.985013682037838,-20.323682522229294,0.042478420223178846,0.10090576488153337,4.0177036157424695,0.0803540723148494,26.88613047041011,-21.332713581144976
38,50,Max diversity rho,0.12334208420845003,0.23905410821643286,-0.017239734447880576,0.18628056598126913,9.201874272555518,0.18403748545111034,14.098234910154948,-45.51814546515591,-0.01794923806438721,0.190548456685871,9.419252223002573,0.1883850444600515,13.716018704846922,-47.15980976117572
38,50,Log-det,0.12334208420845003,0.23905410821643286,0.05831381182683177,0.11244010348425337,5.532742029108869,0.11065484058217737,25.284217962133184,-18.11686713527847,0.05748603710770004,0.11239781835816609,5.495898535592206,0.10991797071184409,25.287370579639774,-18.73484459498781
38,50,Random,0.12334208420845003,0.23905410821643286,0.14737817444605122,0.19117658493624973,10.257111191886782,0.20514222383773567,13.97484944489259,-38.71277608955629,0.15029828476287596,0.19482787994571013,10.41807289257848,0.20836145785156965,13.684437139644109,-39.99754629064025
39,10,Paper (published),0.08528068000030045,0.3709178356713427,-0.000415071595870102,0.06723294418712936,1.411204497758418,0.1411204497758418,9.364256884597195,-0.3444742017153367,0.004628992808601511,0.06799718199365068,1.4074012809238994,0.14074012809238998,9.317733320920816,-0.3866334229342002
39,10,Paper + swap,0.08528068000030045,0.3709178356713427,0.0008911966741084484,0.06180124129088507,1.3364837292999425,0.1336483729299942,9.467579629232013,-0.29859161576071586,-0.001145531352935444,0.06238143613414952,1.3127834205794788,0.1312783420579479,9.439696075710765,-0.32668869924914673
39,10,Max diversity |rho|,0.08528068000030045,0.3709178356713427,0.0035243214093073215,0.05231078988277389,1.3536194341793115,0.13536194341793117,9.578578865310087,-0.22590957916514773,0.009111899219732721,0.044023429847301336,1.2932485814082415,0.1293248581408242,9.63135625745841,-0.20202458960348835
39,10,Max diversity rho,0.08528068000030045,0.3709178356713427,-0.1025648680190473,0.4162025062899772,4.84502036180244,0.484502036180244,3.280500122696548,-10.280526358646659,-0.10323517736643306,0.4198930136381786,4.878136774364093,0.48781367743640935,3.251349165072133,-10.471583813538809
39,10,Log-det,0.08528068000030045,0.3709178356713427,0.009072495818568189,0.04976065476738955,1.3498410202849622,0.13498410202849626,9.64166242305191,-0.18464068768692465,0.012916275888104827,0.04483799223170969,1.283946703077495,0.1283946703077495,9.680485756404282,-0.17233353437473076
39,10,Random,0.08528068000030045,0.3709178356713427,0.19272010840935438,0.34772006742377987,4.210300825493766,0.42103008254937657,4.458175886880416,-3.7661103921405,0.17711462896599264,0.33346744949850327,4.095716415700985,0.4095716415700985,4.595207842953062,-3.764567384452316
39,20,Paper (published),0.08528068000030045,0.3709178356713427,-0.006985235361169047,0.09258996595431099,2.047529477113193,0.10237647385565965,15.600995146407309,-2.9010996804946663,-0.007324975722600271,0.09450436052731565,2.0482343022764855,0.1024117151138243,15.422149661340848,-3.030263795830994
39,20,Paper + swap,0.08528068000030045,0.3709178356713427,-0.012714003815458003,0.08761152822703515,2.0482069167584367,0.10241034583792188,15.947577646724147,-2.621957465214931,-0.012783765102749279,0.08782632703700635,1.8979493957033284,0.09489746978516642,15.86458645931125,-2.658495480477436
39,20,Max diversity |rho|,0.08528068000030045,0.3709178356713427,0.0017446703174872783,0.08055461467382855,2.1338162605130484,0.10669081302565242,16.524425567427354,-1.918208385504798,-0.00013769688581021,0.07741611029248911,2.0637934765011825,0.10318967382505914,16.52751127965294,-1.9753604043830186
39,20,Max diversity rho,0.08528068000030045,0.3709178356713427,-0.04764069249184892,0.36849761145050447,8.192162962833272,0.4096081481416635,4.418206193670701,-24.1461514346276,-0.04842856444212955,0.38083205685187166,8.47271170394513,0.42363558519725636,4.246664132069207,-24.650495470395374
39,20,Log-det,0.08528068000030045,0.3709178356713427,-0.008659721696222594,0.08163788556478296,2.2670673170431677,0.1133533658521584,16.637070275994674,-1.658487084831107,-0.009224825695173597,0.08146279836454307,2.230163093823281,0.11150815469116403,16.694083927445273,-1.6410515016821625
39,20,Random,0.08528068000030045,0.3709178356713427,-0.006221621013025309,0.29095313397560063,6.811368321178886,0.34056841605894433,6.257526493117577,-12.946528017521068,-0.00822384829154372,0.30086756137362625,7.035769150060515,0.35178845750302584,6.061492902001732,-12.970492160857805
39,50,Paper (published),0.08528068000030045,0.3709178356713427,0.013915237811434465,0.12694836852852645,5.213341802420027,0.10426683604840054,21.636543145910675,-21.024077852024092,0.013843846519621969,0.12784738936861273,5.121732861354329,0.10243465722708656,21.5450915027161,-22.034719082308484
39,50,Paper + swap,0.08528068000030045,0.3709178356713427,0.014495818259864164,0.12374582106934243,4.832699494766428,0.09665398989532858,22.442780584068142,-20.319889820628198,0.014325505193186582,0.12490299105591313,4.715650002478005,0.09431300004956006,22.289585404794067,-21.42943907432864
39,50,Max diversity |rho|,0.08528068000030045,0.3709178356713427,0.0038875942020847086,0.11286989905775112,5.501466003125444,0.11002932006250889,24.042234780390373,-16.872601543446432,0.004002109827298614,0.11488666092498506,5.508815771377467,0.11017631542754935,23.736835418470047,-17.97923899771959
39,50,Max diversity rho,0.08528068000030045,0.3709178356713427,-0.017769239489464954,0.3642722599046845,19.513546173935254,0.3902709234787052,5.3374389765387535,-75.63172436148936,-0.01862792004328377,0.377839886090535,20.217513272916037,0.40435026545832053,5.0757837314353695,-77.73643784282204
39,50,Log-det,0.08528068000030045,0.3709178356713427,0.020796586766075202,0.1284056466883613,7.262544990208644,0.14525089980417283,22.98130896436527,-12.028002576580256,0.020956491923751368,0.13093080335207488,7.360110814383262,0.14720221628766525,22.39430594607665,-13.316993278032358
39,50,Random,0.08528068000030045,0.3709178356713427,0.12927750546872213,0.30564941965019116,16.123967105667955,0.32247934211335905,7.154880644932223,-52.992790165370394,0.13523765069684024,0.31268704127122465,16.54210661338444,0.3308421322676889,6.917003306929979,-55.01037709790671
40,10,Paper (published),0.10251241398248706,0.36931462925851705,0.00019716892640971896,0.026181108584852206,1.197296638629832,0.11972966386298323,9.890251721834428,-0.05368747892580248,0.009182219090521835,0.0286299660751189,1.1417641053559575,0.11417641053559575,9.882025798114714,-0.061139531111188646
40,10,Paper + swap,0.10251241398248706,0.36931462925851705,-0.0026798499479973566,0.025369248578753636,1.1920022329899305,0.11920022329899302,9.89091879229408,-0.053787630163355124,0.005993220486715054,0.023573192106960524,1.1209985627025014,0.11209985627025017,9.91962759604924,-0.04095069000704554
40,10,Max diversity |rho|,0.10251241398248706,0.36931462925851705,0.004692389838127558,0.028115848361565516,1.2296232109705212,0.12296232109705212,9.875766165699913,-0.059855685616791936,0.000684463669519122,0.01752778366777373,1.1142104891284517,0.11142104891284517,9.940270375925476,-0.030359286627821683
40,10,Max diversity rho,0.10251241398248706,0.36931462925851705,-0.08290320508708876,0.2205806189175097,2.9621176725636325,0.2962117672563633,5.78366950950928,-4.007563881040552,-0.085474972053686,0.23736188156641805,3.1324924829660468,0.31324924829660455,5.556445051296797,-4.156290144811543
40,10,Log-det,0.10251241398248706,0.36931462925851705,-0.004829254544881817,0.025290846724611477,1.1883053142106175,0.1188305314210617,9.915859466150414,-0.04095077650529136,-0.003136939060666302,0.01838197567512009,1.1132535861067534,0.11132535861067532,9.948474641569359,-0.025809993103243452
40,10,Random,0.10251241398248706,0.36931462925851705,0.16529426734996683,0.2100792082583637,3.5781963844116706,0.357819638441167,5.429371256881221,-2.75078382148683,0.16527084198989875,0.21312715412268518,3.522527912570376,0.3522527912570377,5.5174868409775835,-2.697707097793779
40,20,Paper (published),0.10251241398248706,0.36931462925851705,-2.1229148987547247e-05,0.038171586471770574,1.4679915644787913,0.07339957822393958,18.98058762992043,-0.5646298047971856,0.003009397555513122,0.04358493069303796,1.4427300385261552,0.07213650192630777,18.803916735203313,-0.6726914212346743
40,20,Paper + swap,0.10251241398248706,0.36931462925851705,-0.0012423086053774143,0.0329414374237974,1.4090804253908256,0.07045402126954127,19.34843249017883,-0.3100190900575441,-0.0012706382834502998,0.0372419491688737,1.3215969410866533,0.06607984705433267,19.174917510616766,-0.4393936734608947
40,20,Max diversity |rho|,0.10251241398248706,0.36931462925851705,-0.002190018552407599,0.03090789831509535,1.4477078377172425,0.07238539188586215,19.357318656353602,-0.2969050133572911,-0.0005272860344669163,0.030748879583566435,1.358178681149698,0.06790893405748491,19.392272794914835,-0.3062854595464223
40,20,Max diversity rho,0.10251241398248706,0.36931462925851705,-0.034435044562178586,0.21090536829567355,4.988580301728305,0.24942901508641535,8.876619056971807,-9.073593717054637,-0.038292892984082345,0.22873602400546328,5.328140919110277,0.2664070459555138,8.244099767990635,-9.934747840602599
40,20,Log-det,0.10251241398248706,0.36931462925851705,0.00048200533541546583,0.03215051999103326,1.414875758937542,0.0707437879468771,19.360126660728646,-0.3008702086214875,0.0012167096033642226,0.03205615699926002,1.3580407920696722,0.06790203960348361,19.394296033019348,-0.30626359203504083
40,20,Random,0.10251241398248706,0.36931462925851705,0.10343422201836171,0.16512489282894602,5.0700018083599385,0.2535000904179968,8.995098252595678,-8.880651679324627,0.10853881475105721,0.16960749805215075,5.065894092351897,0.25329470461759496,8.922311543690617,-9.177687865638005
40,50,Paper (published),0.10251241398248706,0.36931462925851705,0.009274594084639135,0.0497560612218205,2.406955556508583,0.04813911113017166,37.839667178748776,-8.42950082190713,0.010329053381552353,0.05671355267333536,2.323599684429306,0.046471993688586115,36.610762594395915,-9.858165911069293
40,50,Paper + swap,0.10251241398248706,0.36931462925851705,0.008861976383594518,0.0489819783947998,2.4237047090155532,0.048474094180311074,38.14392968681503,-8.14580979254327,0.009550016714117843,0.05609812619765829,2.240286128643611,0.04480572257287223,36.90587724282698,-9.486540826705088
40,50,Max diversity |rho|,0.10251241398248706,0.36931462925851705,0.0075558915197206,0.043446471459055835,2.4011657917853406,0.04802331583570681,39.511591919396714,-6.516730204672412,0.008822292255382273,0.04954807233602449,2.357251729303347,0.04714503458606694,38.333885029644904,-7.764525605410767
40,50,Max diversity rho,0.10251241398248706,0.36931462925851705,-0.006390948640275086,0.16325752391957443,8.876934287932695,0.17753868575865397,16.157797506320954,-23.61457833383074,-0.011354697877024414,0.16982631360304415,9.118132424727541,0.18236264849455083,15.463946274291454,-26.06468185521942
40,50,Log-det,0.10251241398248706,0.36931462925851705,0.004554242741241225,0.05374333230122642,2.8963846175349066,0.05792769235069815,40.38543083312953,-4.05276187427984,0.004916026816329867,0.05668725581533986,2.73875045278452,0.054775009055690396,39.52204993853794,-5.135789059299626
40,50,Random,0.10251241398248706,0.36931462925851705,0.07115489449981559,0.1505938158861244,8.332341933782615,0.16664683867565233,16.11437790508143,-30.58994897988316,0.07213425355299556,0.1554578460067793,8.569340219808765,0.17138680439617535,15.717138590114402,-32.325585844273945
41,10,Paper (published),0.060367292202068414,0.4028056112224449,-0.02276912537498782,0.10298967216983478,1.5078826044998384,0.15078826044998384,8.682807956926975,-0.9674190695281562,-0.02350048705703742,0.10488424096575881,1.5453701367444348,0.15453701367444345,8.57805944040276,-1.078803293618494
41,10,Paper + swap,0.060367292202068414,0.4028056112224449,-0.013056433559201405,0.09369666282350891,1.5397799381155715,0.15397799381155713,8.761686672724812,-0.8754305388255375,-0.014448675196731391,0.09912213759389701,1.4923130737946886,0.1492313073794689,8.679784571165714,-0.9692026979682045
41,10,Max diversity |rho|,0.060367292202068414,0.4028056112224449,0.0294862755189642,0.06614164565037015,1.5299338345667932,0.15299338345667926,9.295280799860958,-0.3921355841695973,0.029944479885838964,0.06157492089983508,1.4383416218003118,0.14383416218003117,9.41814528463957,-0.32408343600888156
41,10,Max diversity rho,0.060367292202068414,0.4028056112224449,-0.10261379005687014,0.32549550947322575,3.9335411839944374,0.39335411839944373,4.313300553194113,-7.540280635178277,-0.10291336748871578,0.32356858362367624,3.93699694437417,0.39369969443741704,4.29800867802036,-7.758609034014397
41,10,Log-det,0.060367292202068414,0.4028056112224449,0.009271763986103566,0.06312873701789598,1.4915270596535986,0.14915270596535984,9.435182490375034,-0.2951621757685573,0.009270730571085767,0.059467337606143825,1.4151720027023296,0.14151720027023296,9.532154788744664,-0.24620760834068733
41,10,Random,0.060367292202068414,0.4028056112224449,0.033148473556577844,0.2640421697558919,3.4030609677626327,0.34030609677626333,5.138787188389789,-4.759848872732274,0.03563168192179719,0.262904524386653,3.448494886831087,0.3448494886831087,5.120239180542203,-4.679132464873826
41,20,Paper (published),0.060367292202068414,0.4028056112224449,-0.0018171871679087865,0.12040615285587151,2.2335367625109894,0.11167683812554945,13.719695063445393,-4.988077939236675,-0.0014988125256586203,0.12508364534839536,2.183729054812212,0.10918645274061063,13.561108922072833,-5.306450705380907
41,20,Paper + swap,0.060367292202068414,0.4028056112224449,-0.001082604353607973,0.10811112341489135,2.1607683560366326,0.10803841780183163,14.436698720352133,-4.251356574751589,0.000676004255315907,0.1135113046016897,2.0284536668958846,0.10142268334479425,14.260727113635928,-4.502140529500577
41,20,Max diversity |rho|,0.060367292202068414,0.4028056112224449,0.014619211555411443,0.10521766598283444,2.564176984519988,0.12820884922599937,14.642808444798023,-3.4426099760862927,0.013661782969844168,0.10045162208890192,2.210177131856325,0.11050885659281622,14.844825926854776,-3.524687832652673
41,20,Max diversity rho,0.060367292202068414,0.4028056112224449,-0.04838360243745905,0.31741357085617433,6.830082723704923,0.3415041361852461,5.636743837050969,-21.24187607896024,-0.04886971049361357,0.3145558216426643,6.799404347827043,0.3399702173913522,5.594719624555056,-21.98250329496472
41,20,Log-det,0.060367292202068414,0.4028056112224449,0.016200561139570885,0.11316232446539448,2.855706013079943,0.14278530065399717,14.786337496533907,-2.841209565381222,0.017586020166281528,0.11084205832655226,2.719252300998606,0.13596261504993032,14.901952345814989,-2.8966031340809675
41,20,Random,0.060367292202068414,0.4028056112224449,0.06896861186090712,0.24955517451550205,5.551882780228704,0.2775941390114351,7.4301404024523245,-12.62378229726402,0.06573697933140094,0.25024192499651304,5.477294542220015,0.2738647271110008,7.3728841011602295,-13.149968208586436
41,50,Paper (published),0.060367292202068414,0.4028056112224449,0.007325860407703284,0.1451784154974236,5.0149032049995075,0.10029806409999012,18.876616171630648,-28.1768426706135,0.005559638567573125,0.14811538320442247,4.699486736755368,0.09398973473510736,18.49592612399386,-29.955331933495753
41,50,Paper + swap,0.060367292202068414,0.4028056112224449,0.003235049151518908,0.14286116551953099,4.855718992704269,0.09711437985408537,19.184138162341824,-27.711351846469153,0.0023838921775015173,0.1447405597971866,4.429741510140278,0.08859483020280556,19.002282796743824,-29.346877465055996
41,50,Max diversity |rho|,0.060367292202068414,0.4028056112224449,0.03384831151598442,0.13337303022841118,5.75815904478946,0.1151631808957892,20.828028256356212,-21.273228541984146,0.032097775938540025,0.1325912581118119,5.248046092351684,0.10496092184703366,20.82617825158656,-22.808227342108857
41,50,Max diversity rho,0.060367292202068414,0.4028056112224449,-0.018147013140622503,0.31402604077115287,16.3339801713633,0.32667960342726604,6.6240437986651015,-77.27083429178404,-0.01872379041783761,0.3124727766490137,16.19659970834384,0.32393199416687685,6.628480806440092,-79.54348011362805
41,50,Log-det,0.060367292202068414,0.4028056112224449,0.01276425316339684,0.15264386384556095,8.164164324263536,0.1632832864852707,18.725905268410934,-18.475566262027506,0.0123013224377118,0.14778012944142724,7.520139493896812,0.15040278987793626,19.40684543802338,-19.632377160753208
41,50,Random,0.060367292202068414,0.4028056112224449,0.04552775367229067,0.2391499956765926,12.350105836556207,0.24700211673112413,9.844680793179668,-49.120951480091165,0.03958767543568225,0.2354527811500476,11.998281871195243,0.23996563742390492,9.990525603134396,-50.91620775397102
42,10,Paper (published),0.01271540488568763,0.48200400801603205,0.013190275185277722,0.06262614621732263,1.4050482642007078,0.1405048264200708,9.434186424725699,-0.32947057903893223,0.009071060212050055,0.06302605415439289,1.3588028340709308,0.1358802834070931,9.386292444181091,-0.38216325344406077
42,10,Paper + swap,0.01271540488568763,0.48200400801603205,0.004952813847960319,0.07869196466559682,1.3595222179981832,0.1359522217998183,9.21225088542681,-0.5258935800854084,0.006643166415525619,0.07587446108221661,1.314466194226478,0.13144661942264782,9.231949659659678,-0.5236490287184837
42,10,Max diversity |rho|,0.01271540488568763,0.48200400801603205,-0.0072646897822738685,0.04586925752525259,1.3073933094898118,0.13073933094898119,9.703196187953315,-0.15557144851984464,-0.00593311438841646,0.04057200163679876,1.2722144299826283,0.12722144299826282,9.699354289284962,-0.15905574566225714
42,10,Max diversity rho,0.01271540488568763,0.48200400801603205,-0.09310050461019481,0.2381504288410834,2.576747641768628,0.2576747641768628,5.754782618821033,-4.646940440267284,-0.0951193627512362,0.24680880272681233,2.534012661512793,0.2534012661512794,5.659618449527199,-4.895579421562433
42,10,Log-det,0.01271540488568763,0.48200400801603205,0.002901082794723685,0.05452749363284557,1.4794284322558748,0.14794284322558746,9.558976862089537,-0.21617725758492112,-0.003428543530774214,0.05170219602776239,1.3542277585077163,0.13542277585077162,9.662256068297339,-0.17429962604897659
42,10,Random,0.01271540488568763,0.48200400801603205,0.018893337686625423,0.15375967249911385,2.0859221939269372,0.20859221939269373,7.260073408240524,-2.292950008348782,0.0205612002794193,0.15751676095472764,2.15227021224692,0.21522702122469198,7.241977635900097,-2.2757782781325493
42,20,Paper (published),0.01271540488568763,0.48200400801603205,0.0020120635677932652,0.08981445157310265,1.8876671836896715,0.09438335918448362,15.8566081586857,-3.362099165038981,-0.0024240808714292156,0.09180820781269514,1.7757177740391896,0.08878588870195948,15.877147129799456,-3.3914942471870155
42,20,Paper + swap,0.01271540488568763,0.48200400801603205,0.0063341600905867535,0.09049950262105215,1.8892179240738347,0.09446089620369173,15.88914018311749,-3.264128507499189,-0.0009946048067084406,0.09285265296742937,1.7130583620034685,0.08565291810017342,15.851163969801041,-3.3505130706085517
42,20,Max diversity |rho|,0.01271540488568763,0.48200400801603205,0.008526828987303461,0.0713077509566627,1.830668968879991,0.09153344844399958,16.85857036959463,-1.9577274412177441,0.010867078736282254,0.06759702970763692,1.7559077002336907,0.08779538501168455,17.032983044741975,-1.8658846462441891
42,20,Max diversity rho,0.01271540488568763,0.48200400801603205,-0.04589832255370426,0.18387251036357766,3.6615112552783433,0.18307556276391718,10.06157507409565,-12.737301714878937,-0.046586557203816985,0.18168584182656747,3.4985301900578905,0.17492650950289448,10.094925042571338,-12.998627716538195
42,20,Log-det,0.01271540488568763,0.48200400801603205,-0.007747038833726728,0.07199883031155989,1.7802267219159091,0.08901133609579545,17.424738926701814,-1.5280250552754286,-0.010362141007103977,0.07386659868955812,1.7483670100544888,0.08741835050272445,17.294843967628356,-1.615330510722253
42,20,Random,0.01271540488568763,0.48200400801603205,-0.010293632886802073,0.19630872210594114,4.477545021343059,0.22387725106715298,9.11855104755183,-9.614362472676216,-0.015049976697691675,0.20750394668198355,4.707509079681207,0.23537545398406037,8.731612244762903,-9.90789682849489
42,50,Paper (published),0.01271540488568763,0.48200400801603205,0.0005476978221577444,0.11288947985939936,3.4929383846681707,0.06985876769336341,24.793950111051018,-25.074615710946443,0.0021142470709267242,0.11373220421558487,3.122310216045841,0.06244620432091682,24.85960356293087,-26.04272223676138
42,50,Paper + swap,0.01271540488568763,0.48200400801603205,-0.002011852239962576,0.10830592072153018,3.318658539549312,0.06637317079098622,25.54688140699808,-23.145719894655617,-0.0014629921861762383,0.11033512969283989,3.047974159625364,0.06095948319250729,25.395851703122933,-24.242104703502044
42,50,Max diversity |rho|,0.01271540488568763,0.48200400801603205,-0.0008017628497530294,0.0943572175779256,3.2328469757888003,0.06465693951577603,28.439989860335192,-16.27126498185726,-0.00027851885550180737,0.09547901994015064,3.439735617344514,0.06879471234689027,27.824482850871867,-17.485640170842476
42,50,Max diversity rho,0.01271540488568763,0.48200400801603205,-0.017645337673689723,0.19455081630173657,8.042713286534777,0.16085426573069556,12.559197556454768,-60.914190424884545,-0.01845185854120887,0.19776281519510236,8.043597486279003,0.16087194972558003,12.323155837504519,-62.92212481382373
42,50,Log-det,0.01271540488568763,0.48200400801603205,0.0010839274583576762,0.10009704447389929,3.662765213465481,0.07325530426930964,28.170150081608654,-15.125908737342229,0.0025757429336358394,0.10103783880557402,3.6725963793126297,0.0734519275862526,27.896539472911595,-15.997402215059905
42,50,Random,0.01271540488568763,0.48200400801603205,0.025730208977498968,0.16462762326762856,6.2169058403059845,0.12433811680611967,16.04307096689087,-44.086261699426124,0.029353111206786003,0.16683859922195324,6.456186228242974,0.1291237245648595,15.743119715592988,-45.71575524492023
43,10,Paper (published),0.009624924669680625,0.48432865731462926,0.0012215853740687901,0.043859555245870166,1.2694327840094186,0.12694327840094186,9.703009208405716,-0.15514735413385322,-0.008477056049206134,0.04693525753536162,1.274870974637967,0.12748709746379674,9.626679914071804,-0.203063866534205
43,10,Paper + swap,0.009624924669680625,0.48432865731462926,0.0056599430105617535,0.042450664294870856,1.329765749664993,0.1329765749664993,9.74859313151092,-0.12432159779279486,0.0038623458388339317,0.03811395658916141,1.1790051394468768,0.11790051394468767,9.790994781923864,-0.1111459172920453
43,10,Max diversity |rho|,0.009624924669680625,0.48432865731462926,-0.007927288958827808,0.028901643928059037,1.1840312350844975,0.11840312350844975,9.867611287624587,-0.06723794997755753,-0.004600398091574286,0.028192456167011326,1.1659090331910387,0.11659090331910385,9.894140530290073,-0.05398772055499946
43,10,Max diversity rho,0.009624924669680625,0.48432865731462926,-0.09447325495643977,0.2637964309673817,3.234526337158699,0.32345263371586985,5.206931769823984,-5.50191921351833,-0.09512527899769126,0.2732419114493801,3.3495902216189917,0.33495902216189916,5.053003352011617,-5.615167302622091
43,10,Log-det,0.009624924669680625,0.48432865731462926,0.003332152556701427,0.03362711412907692,1.2397791637001767,0.12397791637001762,9.841768983015738,-0.07662703594353168,0.0032943654597565974,0.029898979273325518,1.1710121714917865,0.11710121714917864,9.8890447606043,-0.05698313446044705
43,10,Random,0.009624924669680625,0.48432865731462926,0.0031285271623568544,0.18964005420279376,2.4319508857158434,0.24319508857158428,6.605244486850157,-2.549930323325197,-0.0012522110432787899,0.18719538441582909,2.2803194374339095,0.228031943743391,6.702775987422512,-2.4991432722833653
43,20,Paper (published),0.009624924669680625,0.48432865731462926,-0.0002683387018347723,0.06249192305701319,1.6972831653179288,0.08486415826589644,17.680158544954704,-1.3974330735167173,-0.002518786893597825,0.0653927929265711,1.6138392995378554,0.08069196497689277,17.54761618906186,-1.586066310608925
43,20,Paper + swap,0.009624924669680625,0.48432865731462926,0.003779183419782109,0.060601150604964314,1.6068650120132044,0.08034325060066023,17.885336282204317,-1.2840031512797263,0.0035044977072584806,0.06362088292989053,1.5326719628243604,0.07663359814121803,17.740341639091003,-1.4479046967834228
43,20,Max diversity |rho|,0.009624924669680625,0.48432865731462926,-0.00201227459411653,0.05158497656567661,1.678474357375911,0.08392371786879556,18.41807145181216,-0.8038320739823067,0.00030895707772511834,0.04831328923137755,1.601401675849481,0.08007008379247403,18.47867787335473,-0.8161311164804117
43,20,Max diversity rho,0.009624924669680625,0.48432865731462926,-0.04428849634904274,0.2482783059652441,4.616783343091411,0.2308391671545706,7.450704104806537,-15.040452320928054,-0.04503985980216272,0.24807365299878711,4.786990143206396,0.23934950716031977,7.353446546976901,-15.482760955337326
43,20,Log-det,0.009624924669680625,0.48432865731462926,0.00018081655289740493,0.047365888445313836,1.5956217650627313,0.0797810882531366,18.794498940842676,-0.5760767479566086,9.128945933591356e-05,0.05069901815843798,1.6307976579310903,0.08153988289655452,18.61232199068168,-0.6823193731911742
43,20,Random,0.009624924669680625,0.48432865731462926,0.033233181308648885,0.17757135648830447,3.9114011974067835,0.19557005987033915,10.535156583408225,-6.760952185192555,0.03200509287206014,0.17838103864243554,3.8452720918971157,0.1922636045948558,10.606074115516,-6.829845397199764
43,50,Paper (published),0.009624924669680625,0.48432865731462926,0.007785557996720958,0.07349464645696133,2.8176969205589404,0.05635393841117881,32.332696491522036,-12.354144696979791,0.006354788234911919,0.07703403849375616,2.68101056885389,0.0536202113770778,31.89537526344943,-13.427303902849097
43,50,Paper + swap,0.009624924669680625,0.48432865731462926,0.00871875258609319,0.07222595800938615,2.8522171370988363,0.05704434274197673,33.395466124973574,-11.041582582683205,0.007570452494557748,0.07552174161309921,2.626296577239196,0.05252593154478391,32.9249920494679,-12.101541996876282
43,50,Max diversity |rho|,0.009624924669680625,0.48432865731462926,0.004643778002423582,0.06479861383644589,3.022387998922456,0.06044775997844911,34.348487335130756,-10.24444538205605,0.005384433769205227,0.06911341557963083,2.9245127582734267,0.05849025516546853,33.527125757259675,-11.428225271364205
43,50,Max diversity rho,0.009624924669680625,0.48432865731462926,-0.015664578818650406,0.21206347931663921,9.585120361125913,0.19170240722251822,11.633867659912696,-43.29728272524831,-0.017502477061668166,0.21452352104451025,9.622441622713463,0.19244883245426933,11.494579924084977,-45.09422104779772
43,50,Log-det,0.009624924669680625,0.48432865731462926,0.0033888023023819977,0.07404014639224044,3.2339833900715584,0.06467966780143118,35.23544487678697,-6.672106143708844,0.004125494833187558,0.0786246303520985,3.2517966495994153,0.0650359329919883,34.27487863929467,-7.930934991442436
43,50,Random,0.009624924669680625,0.48432865731462926,0.007408385758785166,0.14784864783124071,6.334084748519894,0.12668169497039788,17.759097172602775,-28.26341533124297,0.006068884453043512,0.15071283712393524,6.5861756804814595,0.13172351360962922,17.387243299584867,-29.807811488924028
44,10,Paper (published),0.052037444012242286,0.4385891783567134,0.05760207955027566,0.07633688249846568,1.6199569657007384,0.16199569657007387,8.772830135017184,-0.6901534799655438,0.041749896833164,0.0718017402596956,1.5315372960711808,0.15315372960711804,9.018739636401135,-0.5402408092096902
44,10,Paper + swap,0.052037444012242286,0.4385891783567134,0.03408648572608942,0.06568800208248778,1.481374664439171,0.14813746644391715,9.170928547723317,-0.46332323563894884,0.028859770985495685,0.056773129447585696,1.321295159593392,0.13212951595933917,9.409327166128797,-0.3332399241595931
44,10,Max diversity |rho|,0.052037444012242286,0.4385891783567134,0.04091215616956549,0.04969915336637519,1.4374850958329894,0.1437485095832989,9.104290030697227,-0.5075012216729635,0.030353492984973925,0.04280012711689565,1.3749948829135226,0.13749948829135225,9.33799898797404,-0.3666757782786525
44,10,Max diversity rho,0.052037444012242286,0.4385891783567134,-0.09995666296254085,0.30037290459365357,4.053227657357186,0.40532276573571846,3.886310898506649,-9.87950659839861,-0.10039411512522864,0.3054577932706701,4.056167111270144,0.4056167111270143,3.878435738876187,-9.889814147361156
44,10,Log-det,0.052037444012242286,0.4385891783567134,0.025385424687013842,0.05812822309484083,1.594778432828079,0.15947784328280787,9.32829392968409,-0.3251096318732948,0.015717851079031474,0.05466057929725593,1.5152656478114808,0.1515265647811481,9.49814946065058,-0.2437734580750353
44,10,Random,0.052037444012242286,0.4385891783567134,0.058090741673432,0.19635199363596234,3.374136149822649,0.33741361498226485,5.556046244851708,-3.6437752970876227,0.05712541976954441,0.2005866225982882,3.2861744635736025,0.3286174463573604,5.684990243812435,-3.4903340867311647
44,20,Paper (published),0.052037444012242286,0.4385891783567134,0.05691749864635271,0.08611216757886743,2.2408909014751055,0.11204454507375528,14.62679242566989,-3.17053086267673,0.04867114473950785,0.08652058787219627,2.155335420037513,0.10776677100187566,14.957317636606609,-3.0645165059452024
44,20,Paper + swap,0.052037444012242286,0.4385891783567134,0.018130880463953718,0.07811876189736468,2.092343420728529,0.10461717103642647,15.500356173919325,-2.4855199904507312,0.013170244993324826,0.07799048378870387,1.9110637383553344,0.09555318691776674,15.808712216277849,-2.409972211935257
44,20,Max diversity |rho|,0.052037444012242286,0.4385891783567134,0.029131278085859743,0.06505200400509496,2.1047964825564436,0.10523982412782217,15.200322852984545,-2.6633633719633405,0.025357853905125696,0.06610176325370122,2.0510598357222984,0.10255299178611496,15.537087169879717,-2.5353192442411294
44,20,Max diversity rho,0.052037444012242286,0.4385891783567134,-0.04703560715361551,0.2745641089137806,5.439475179159019,0.2719737589579511,5.1510083796935575,-27.465288384393066,-0.047799618904934296,0.27614847875902404,5.67059086857193,0.2835295434285965,5.091012894218474,-27.92448340479818
44,20,Log-det,0.052037444012242286,0.4385891783567134,0.014776763508149287,0.07578085775628794,2.6130381498887765,0.1306519074944388,16.04165897619148,-1.7351860739632337,0.014896699284976878,0.07760945444347755,2.5022900887262445,0.12511450443631225,16.3989978916196,-1.613794660244851
44,20,Random,0.052037444012242286,0.4385891783567134,0.07805606724989139,0.2527597186005954,6.947944639410457,0.3473972319705227,5.734591178678486,-14.242169565917186,0.08303263482894184,0.26367196348395194,6.8901710324207315,0.3445085516210365,5.781869931765103,-14.455406487895567
44,50,Paper (published),0.052037444012242286,0.4385891783567134,0.019567628074172616,0.09356519141721151,4.440073389513212,0.08880146779026424,23.741289712009483,-13.902126754257447,0.01753149674951607,0.09764699574110892,4.151050436364478,0.08302100872728956,24.14303870135624,-14.843005943446727
44,50,Paper + swap,0.052037444012242286,0.4385891783567134,0.016505070825933808,0.08991775840727234,4.18498136605209,0.08369962732104179,25.412920133971614,-12.00698385245361,0.014512947815781366,0.09496779271584872,3.9309942214712947,0.07861988442942588,25.462815539744124,-13.20757415085052
44,50,Max diversity |rho|,0.052037444012242286,0.4385891783567134,0.027205118403482685,0.078092133005569,4.308258922681167,0.08616517845362336,25.40897972214464,-11.722629495974482,0.025768574388158213,0.08461532655339926,4.311469909710615,0.0862293981942123,25.65066633336167,-12.728022257137907
44,50,Max diversity rho,0.052037444012242286,0.4385891783567134,-0.017299271413741376,0.2584487304499878,12.131294854161675,0.24262589708323348,6.693543714097061,-77.03547195077951,-0.018307176328249554,0.26390265429132953,12.811680923210238,0.2562336184642048,6.538809300097428,-79.23925093306427
44,50,Log-det,0.052037444012242286,0.4385891783567134,0.03042811489114942,0.10096179931465295,6.160784252577586,0.1232156850515517,25.230014620545777,-9.875357543471567,0.028671362584735793,0.10329096032423422,6.105077931924852,0.12210155863849702,25.6595554460492,-10.632558653593398
44,50,Random,0.052037444012242286,0.4385891783567134,0.07668844016581892,0.20116680233816253,11.509560362411912,0.23019120724823833,10.057918285412374,-38.21666662688382,0.07841902311454059,0.20740902923550333,11.284646550186924,0.22569293100373844,9.997132431085062,-39.8160720480078
45,10,Paper (published),0.03850406415075516,0.41491783567134266,-0.0041721404682113225,0.05376051081897396,1.3201601604280562,0.13201601604280558,9.606838693612053,-0.22422719789232667,0.0016828729127570993,0.05621323706729875,1.2907175504814397,0.129071755048144,9.552699022825516,-0.26660145759187887
45,10,Paper + swap,0.03850406415075516,0.41491783567134266,-0.001966859440383098,0.05430743721293098,1.2856846186665822,0.1285684618666582,9.58807138985035,-0.24631751873511581,0.0014535311438729276,0.05807477292297155,1.2596073967314425,0.1259607396731442,9.539631595739376,-0.2932046229959148
45,10,Max diversity |rho|,0.03850406415075516,0.41491783567134266,-0.004620177725583775,0.046093787233870365,1.3373468647107698,0.133734686471077,9.640258524131225,-0.18231441653601943,-0.0008840271705496245,0.039951218613129065,1.3275779204115048,0.13275779204115046,9.724434253252099,-0.13882672070301794
45,10,Max diversity rho,0.03850406415075516,0.41491783567134266,-0.08765680245379309,0.18046386409405066,2.3018837818906723,0.23018837818906715,7.05607454989203,-2.455608241057491,-0.09074041686689541,0.18365255263422803,2.2760635795260176,0.22760635795260184,7.003881068946168,-2.6219241454236113
45,10,Log-det,0.03850406415075516,0.41491783567134266,-0.0036038797309572985,0.04187133011587096,1.2764949495143982,0.1276494949514398,9.750341177824197,-0.13116646692486952,-0.006079860729292023,0.040629067393775635,1.2436748657796137,0.12436748657796137,9.748222806034946,-0.1361658592858585
45,10,Random,0.03850406415075516,0.41491783567134266,-0.00920946515930904,0.14628968377862425,2.073720695919875,0.20737206959198753,7.596115399668194,-1.7704417743540177,-0.009906209451375504,0.15613952746864285,2.0459357312497035,0.20459357312497034,7.37227274039326,-2.0111290099948707
45,20,Paper (published),0.03850406415075516,0.41491783567134266,0.0006312086542255913,0.08013279934437051,1.7876693008496993,0.08938346504248496,16.771133978697264,-2.3061052452498094,0.00555121994149989,0.07905916130755831,1.6801842146946278,0.08400921073473137,16.841561525813834,-2.350796524129097
45,20,Paper + swap,0.03850406415075516,0.41491783567134266,-0.0033899613836002244,0.07578300583887193,1.69006631507463,0.08450331575373149,16.95903997130786,-2.0777145969481188,1.1933353497539948e-05,0.07608413678559157,1.5992754681747656,0.07996377340873828,16.958526457976635,-2.166363569781888
45,20,Max diversity |rho|,0.03850406415075516,0.41491783567134266,0.0054792852953171175,0.06804947517157761,1.799666799602034,0.08998333998010169,17.39601141210709,-1.5259877434486204,0.0018974005538806502,0.06431404201702441,1.76040840990238,0.08802042049511902,17.398461672233893,-1.5382961768848766
45,20,Max diversity rho,0.03850406415075516,0.41491783567134266,-0.04442008961955606,0.1976194120158893,4.401004195692129,0.22005020978460643,9.096027509270652,-10.929998738808512,-0.046005006389848245,0.210136180557004,4.6756788063511445,0.23378394031755723,8.729981545877479,-11.798931789601212
45,20,Log-det,0.03850406415075516,0.41491783567134266,0.0014851316120739842,0.061485970581910035,1.7204186030433737,0.08602093015216865,17.802586653929506,-1.2761259620179553,0.0022337983201057092,0.06602341920488125,1.7344745198603917,0.08672372599301963,17.684615971804945,-1.3523777943459883
45,20,Random,0.03850406415075516,0.41491783567134266,0.04718740881441767,0.1565343840877591,3.4012844068020858,0.17006422034010432,11.646795385917134,-6.559257575880386,0.04698257120218344,0.15478484718495084,3.3919127005740908,0.1695956350287046,11.668872072539543,-6.736579957374591
45,50,Paper (published),0.03850406415075516,0.41491783567134266,0.011679905570980361,0.09409619130180381,3.1348508913323165,0.06269701782664634,29.264084354482286,-17.97930670528028,0.010564032986001387,0.09683450518653099,2.8036134062802507,0.056072268125605014,28.75989395885977,-19.458393756655315
45,50,Paper + swap,0.03850406415075516,0.41491783567134266,0.010606642519678043,0.09369260165607989,3.1023636158153822,0.06204727231630765,29.403274723376846,-17.368286809241667,0.009740120829586418,0.09721853215207867,2.7725269054731037,0.05545053810946207,28.81847317976899,-18.927021552142165
45,50,Max diversity |rho|,0.03850406415075516,0.41491783567134266,0.01611725145172519,0.08528442806307641,3.0987878220189673,0.06197575644037936,31.133415971433397,-14.04982661230997,0.013775822639657298,0.08723986429477013,3.0547601381501233,0.061095202763002475,30.53530233476033,-15.54725825591264
45,50,Max diversity rho,0.03850406415075516,0.41491783567134266,-0.01719092849177656,0.16682334532908888,6.890859143772715,0.13781718287545433,16.03218754528313,-43.35641429255911,-0.017770321257314137,0.17371067886373925,7.260249668370513,0.14520499336741025,15.284668746797012,-45.85186819999362
45,50,Log-det,0.03850406415075516,0.41491783567134266,0.01716474426869431,0.0901948192952302,3.577524093196013,0.07155048186392025,30.676912262797494,-12.543087874503788,0.014298406291351172,0.0924736390309621,3.3732847981575396,0.06746569596315077,30.383902371694628,-13.430498044911522
45,50,Random,0.03850406415075516,0.41491783567134266,0.036758469055070006,0.1449617376622339,5.683714804114303,0.1136742960822861,19.38878218095688,-31.413302325046903,0.036829021372617905,0.14465552893616854,5.562029516038762,0.11124059032077524,19.31098561293165,-32.78601984000801
46,10,Paper (published),0.0288778402860255,0.45016432865731465,0.008109935259335744,0.07686730892535781,1.448352626487916,0.1448352626487916,9.23515461688519,-0.46272010633852856,0.0030470482565062183,0.06765437668179701,1.38187210944925,0.138187210944925,9.331210546198418,-0.4149788158714285
46,10,Paper + swap,0.0288778402860255,0.45016432865731465,0.0021193446017334057,0.0819715148198237,1.5035015271393304,0.15035015271393304,9.177987741777018,-0.5202757118549262,0.0009748929984005407,0.07453519634042974,1.320172967658365,0.13201729676583648,9.305158776095876,-0.4738385195156135
46,10,Max diversity |rho|,0.0288778402860255,0.45016432865731465,0.0021501781492223775,0.05969542203712936,1.4554509922076104,0.1455450992207611,9.487830036295799,-0.26298227082164405,0.0020514204972148847,0.04776463606916935,1.3474884702172116,0.1347488470217212,9.652639394351816,-0.1791159789852337
46,10,Max diversity rho,0.0288778402860255,0.45016432865731465,-0.09745342838872717,0.19613286980123654,2.444329360297036,0.24443293602970365,6.575934852330653,-3.415420331031814,-0.0985235079758179,0.21100098388165162,2.7520901100663,0.27520901100663003,6.261868719908974,-3.6378550432933894
46,10,Log-det,0.0288778402860255,0.45016432865731465,0.013770536028260259,0.05556859948980361,1.3854906559340066,0.1385490655934006,9.611844565393461,-0.20282404529208226,0.015490866230414138,0.050447097192364294,1.383452491179717,0.1383452491179717,9.662122534354555,-0.1716161354965441
46,10,Random,0.0288778402860255,0.45016432865731465,0.045984471469428606,0.18311932222879032,2.195499157953729,0.21954991579537292,6.527298165209731,-3.146929271382283,0.04898325797134578,0.19231503899710173,2.187851735591474,0.2187851735591475,6.4018062519455645,-3.3717484700032148
46,20,Paper (published),0.0288778402860255,0.45016432865731465,0.011063815154846576,0.10876077649737617,2.0579767634774946,0.1028988381738747,14.671180345963885,-4.906495559857883,0.008238402130184647,0.10338036927942115,1.8725415201895863,0.09362707600947927,14.862842850603386,-4.880466808053626
46,20,Paper + swap,0.0288778402860255,0.45016432865731465,0.015607508034232873,0.11476658154973197,2.088778768970842,0.10443893844854213,14.469169361240597,-5.060168971242086,0.014584591137730595,0.10883189262114222,1.838296387885135,0.0919148193942568,14.684417721114695,-5.00099465261162
46,20,Max diversity |rho|,0.0288778402860255,0.45016432865731465,0.0026636954211573228,0.07946933060729268,1.86097199661873,0.09304859983093648,16.346873463399945,-2.6954254347077025,0.000921326651404822,0.07932353096934884,1.7803484544934618,0.08901742272467307,16.52417682256176,-2.614464578803168
46,20,Max diversity rho,0.0288778402860255,0.45016432865731465,-0.04719825951266801,0.22947642481418437,4.404721314644904,0.22023606573224516,8.09965243444195,-15.299694952177818,-0.04754641985344194,0.2396573155939745,4.611368627910904,0.23056843139554523,7.6670427150484945,-16.247045301845485
46,20,Log-det,0.0288778402860255,0.45016432865731465,0.006882871647835179,0.08444886038700695,1.874891431000577,0.09374457155002888,16.428819143403615,-2.3539097808811653,0.006103474044032334,0.08426684288544159,1.929575078555444,0.09647875392777219,16.41587759750122,-2.3567713029606066
46,20,Random,0.0288778402860255,0.45016432865731465,0.03558887310955172,0.16239664635930723,3.499924046591223,0.17499620232956117,10.777202636449143,-9.317937401323876,0.037729740084352155,0.16615990563794578,3.615350545587053,0.1807675272793527,10.568412385647683,-9.665788230739569
46,50,Paper (published),0.0288778402860255,0.45016432865731465,0.015742192745665903,0.12494546867360042,3.550453581891503,0.07100907163783007,22.598189955310016,-30.67174575755861,0.014915060229818356,0.12508633358382956,3.40785925549908,0.06815718510998159,22.366256128470923,-32.39255126907367
46,50,Paper + swap,0.0288778402860255,0.45016432865731465,0.007699758727893293,0.12376857726062519,3.8224304244353946,0.07644860848870788,22.886159931709283,-29.185957314599992,0.007545800608789249,0.12315247052347851,3.317598131530469,0.06635196263060937,22.798449678799507,-30.70489661059522
46,50,Max diversity |rho|,0.0288778402860255,0.45016432865731465,0.009997829914777056,0.10587454486704666,3.452750716207168,0.06905501432414335,25.496733899077334,-21.556031838998518,0.009376028134863622,0.10608096814898955,3.4684391597428563,0.06936878319485713,25.279898275900443,-22.700636827771323
46,50,Max diversity rho,0.0288778402860255,0.45016432865731465,-0.017767786192151573,0.17777030766080237,6.601733084462791,0.13203466168925584,14.404590997020629,-58.425462979353576,-0.018339300443317504,0.1794490280501265,6.37952133387532,0.12759042667750642,14.334012241480373,-60.641861193988944
46,50,Log-det,0.0288778402860255,0.45016432865731465,0.022721168293976166,0.11129512787778893,4.054649433277475,0.08109298866554951,25.50377637807391,-18.787111545755597,0.02386151354905612,0.11378887333607847,4.180806259531789,0.08361612519063581,25.060185861948963,-19.924814444696963
46,50,Random,0.0288778402860255,0.45016432865731465,0.03559203357968593,0.16558303491756257,6.339508940702878,0.12679017881405755,15.4990577633071,-45.62354352897766,0.03442111286749954,0.1715667657184411,6.708485818124748,0.13416971636249497,14.875008250233167,-47.86649606049764
47,10,Paper (published),0.14102742432774734,0.32690180360721444,-0.042291524678718086,0.12795742024035445,1.8112005106900189,0.1811200510690019,8.244284725152628,-1.163508104565203,-0.043083616298018816,0.12019784977663585,1.6618676368149137,0.16618676368149138,8.421542304116116,-1.066587888519448
47,10,Paper + swap,0.14102742432774734,0.32690180360721444,-0.017991443858345387,0.11232933221846138,1.5972768663307055,0.15972768663307055,8.634241784898638,-0.8278648646202426,-0.026633279428300717,0.10377662682378357,1.509400902187045,0.15094009021870455,8.809992443396048,-0.7391361339113474
47,10,Max diversity |rho|,0.14102742432774734,0.32690180360721444,0.0015711101855423297,0.0857625911446764,1.618990255445095,0.1618990255445095,9.113998243849663,-0.46667188590619235,-0.004439713083621174,0.07903179524408793,1.5969447225346007,0.1596944722534601,9.174843736495031,-0.4421002525738664
47,10,Max diversity rho,0.14102742432774734,0.32690180360721444,-0.10428270923527486,0.5937921445952258,6.383414192042385,0.6383414192042386,2.2699901411669954,-12.544532498738521,-0.10428507006962379,0.5834370506544894,6.29692574618217,0.629692574618217,2.3148855959679353,-12.766953792128625
47,10,Log-det,0.14102742432774734,0.32690180360721444,-0.023973057087621284,0.08420217613098192,1.4874565788754766,0.14874565788754765,9.200258192679499,-0.4272719322911601,-0.026805475920157088,0.08398151305545197,1.4449482773395703,0.14449482773395703,9.240653577893626,-0.41236584703059065
47,10,Random,0.14102742432774734,0.32690180360721444,0.25162204730078036,0.365419253582244,4.384420487103309,0.438442048710331,4.214182410740377,-3.9410767564303666,0.2523619708282978,0.36075283117971413,4.327759238721379,0.4327759238721379,4.27917918456369,-3.8648333525388696
47,20,Paper (published),0.14102742432774734,0.32690180360721444,-0.010919715681597575,0.13883716428233692,3.0753004418001053,0.15376502209000525,12.829557803893664,-4.605654233639693,-0.012161663689944936,0.13369795418951963,2.841539999077374,0.14207699995386872,12.949160167889016,-4.7357028132153225
47,20,Paper + swap,0.14102742432774734,0.32690180360721444,0.005514438168308285,0.137319813514118,2.7624575706853656,0.13812287853426827,12.701254550911552,-5.156180117546539,-0.000368270658741765,0.1337220040007803,2.5414072031296966,0.12707036015648482,12.770819723353956,-5.347818041199252
47,20,Max diversity |rho|,0.14102742432774734,0.32690180360721444,0.005424262412110457,0.12165115914889277,3.024244888572399,0.15121224442861997,13.964340944281219,-3.4648167589577024,0.001505273164370025,0.11365699712551298,2.73830408496367,0.13691520424818354,14.379652771526848,-3.364055864059444
47,20,Max diversity rho,0.14102742432774734,0.32690180360721444,-0.047919801790082935,0.5630524120964175,11.991474732555861,0.5995737366277928,2.6060911473774175,-27.406650765519597,-0.0487517293358271,0.5573396428675307,11.878605113861706,0.5939302556930852,2.634096885097387,-28.00804688532946
47,20,Log-det,0.14102742432774734,0.32690180360721444,0.05214806468025277,0.1328561461935607,3.4891175322879926,0.17445587661439965,13.771982046609256,-2.7354368083955767,0.045625205130533524,0.129574870465291,3.3650787689234383,0.16825393844617184,14.034210443567627,-2.7074646313332282
47,20,Random,0.14102742432774734,0.32690180360721444,0.23480154694610214,0.4323776329241265,9.47973425111308,0.4739867125556538,3.984977639791257,-15.711570822548827,0.23288816907953433,0.42122206089954795,9.256604202278819,0.46283021011394104,4.124440107311193,-15.774391993645311
47,50,Paper (published),0.14102742432774734,0.32690180360721444,0.009318034280962995,0.1768837340360452,8.223559625234701,0.16447119250469402,14.839762740854738,-29.114891933783827,0.006902334355245652,0.17484644928612975,7.602856035366662,0.1520571207073332,14.908118989628031,-30.68487149796104
47,50,Paper + swap,0.14102742432774734,0.32690180360721444,0.03309834661141137,0.17686536093768002,7.719696921837322,0.15439393843674643,14.697776625706316,-29.110718299882492,0.029435750286674063,0.1770310221793698,7.26664548231753,0.14533290964635062,14.565183337439553,-30.833748171334943
47,50,Max diversity |rho|,0.14102742432774734,0.32690180360721444,0.02874290395686851,0.15979009994520676,8.438296698228706,0.16876593396457412,17.641432280361585,-19.800073452596344,0.025419588425025976,0.15701968221007997,8.059338173362715,0.16118676346725433,17.90265665089533,-21.18634927399683
47,50,Max diversity rho,0.14102742432774734,0.32690180360721444,-0.018269496663347155,0.4869427750780832,25.357819539163593,0.5071563907832717,3.506650957185272,-86.34058888124514,-0.018802935877399285,0.4738384160767857,24.727644466803653,0.49455288933607305,3.6335099600851932,-87.98467200925289
47,50,Log-det,0.14102742432774734,0.32690180360721444,0.04358925797433526,0.19205844625970075,10.810665789039437,0.21621331578078867,15.086433490910016,-16.314993362757917,0.03965770274020301,0.18728360558948706,10.446962384820036,0.20893924769640076,15.600972014906048,-17.18709234743361
47,50,Random,0.14102742432774734,0.32690180360721444,0.08991324457774673,0.40474454887289074,21.889441982048183,0.4377888396409636,4.727491064677892,-51.71889969863976,0.09163564130123557,0.4012580572644328,21.641781625634216,0.43283563251268425,4.805506807431288,-52.93837715854143
48,10,Paper (published),0.05917605879009359,0.3677755511022044,0.01757019325753532,0.07656312591340837,1.4923789059803134,0.14923789059803128,9.233180348059019,-0.45189221234944404,0.009881292309831926,0.06088193629692588,1.3592805856035102,0.13592805856035103,9.410002645331614,-0.3549627513090493
48,10,Paper + swap,0.05917605879009359,0.3677755511022044,0.020860695520881933,0.09747855373759222,1.4325535100901432,0.14325535100901432,8.94644647057408,-0.7355568255892921,0.00907590299915236,0.08404293244673612,1.3176682351189957,0.1317668235118996,9.11353732582433,-0.6295763788026165
48,10,Max diversity |rho|,0.05917605879009359,0.3677755511022044,-0.007197960685517113,0.061978387915605344,1.379013832774229,0.13790138327742285,9.429579463829144,-0.3189360439471294,-0.011494037155638239,0.04833528128459642,1.31700183850585,0.13170018385058493,9.616389092927031,-0.20740202458529522
48,10,Max diversity rho,0.05917605879009359,0.3677755511022044,-0.09282367037078498,0.2116243894392909,2.738130607501578,0.27381306075015777,6.266344103340396,-3.291689374509394,-0.09366974610840494,0.22031983384068604,2.8041760462197303,0.28041760462197307,6.1898553042847535,-3.3979606459563736
48,10,Log-det,0.05917605879009359,0.3677755511022044,0.0059869309714058435,0.05139775447574933,1.3389117980132335,0.1338911798013233,9.625243692695062,-0.19833506951800706,-0.001910171251690635,0.051011689966972786,1.3188725053423618,0.13188725053423617,9.666889167940923,-0.17305865178240132
48,10,Random,0.05917605879009359,0.3677755511022044,0.11833256609222143,0.16749499338859722,2.2652395327593378,0.22652395327593378,7.319431974078178,-1.7977457344964822,0.12168021284081587,0.16991510680951902,2.339665720555077,0.23396657205550775,7.251237794022776,-1.8507196102451902
48,20,Paper (published),0.05917605879009359,0.3677755511022044,0.014439439651584205,0.10103940163835082,1.9790336145908416,0.09895168072954212,15.128025547448075,-3.7975634813631087,0.011718403000716712,0.09600679474978858,1.8610386234839986,0.09305193117419995,15.381275720710658,-3.71777314729993
48,20,Paper + swap,0.05917605879009359,0.3677755511022044,0.012346200437605835,0.10355241717476513,2.0000827919228157,0.10000413959614075,15.001105123687658,-4.01820578223553,0.01000503678787528,0.1003253867170836,1.79856624568882,0.08992831228444101,15.186526153644222,-3.9978112090476206
48,20,Max diversity |rho|,0.05917605879009359,0.3677755511022044,0.00911785353758699,0.07702924739581288,1.8985179369830767,0.09492589684915381,16.726971369204975,-2.0798344236803157,0.009708923644225856,0.07709824495078361,1.8416072540245498,0.09208036270122752,16.682648078010594,-2.208981681423157
48,20,Max diversity rho,0.05917605879009359,0.3677755511022044,-0.04529409501183124,0.208924143255349,4.893925077110234,0.24469625385551166,9.263859369839093,-9.155208534882695,-0.046356386540557376,0.21054397972745725,4.894989903616848,0.2447494951808425,9.115571633908983,-9.573390992411822
48,20,Log-det,0.05917605879009359,0.3677755511022044,0.00790560540730736,0.08639361989434498,2.1195003497264997,0.105975017486325,16.365034936143964,-2.2566038366996906,0.013655724882444414,0.08325838397616615,2.1649403102797207,0.10824701551398605,16.50852670673204,-2.0907384690459514
48,20,Random,0.05917605879009359,0.3677755511022044,0.03267305928721592,0.1773103170977819,4.001463766853872,0.20007318834269358,10.70639210581486,-8.133272087561533,0.0367855961516289,0.17938039265181752,4.047253351465082,0.20236266757325416,10.483173203030697,-8.831589949419879
48,50,Paper (published),0.05917605879009359,0.3677755511022044,0.013854226451556132,0.12062080159481879,3.748814291660222,0.07497628583320443,23.7017934697431,-30.480577497407157,0.012102406390316697,0.11885700022382846,3.2619699521217616,0.06523939904243524,23.916377159646714,-31.40720776605987
48,50,Paper + swap,0.05917605879009359,0.3677755511022044,0.01634539929845506,0.12179803921470903,3.7134577645576585,0.07426915529115317,23.507544733678422,-30.12324743801883,0.014575464885876226,0.11993976425766853,3.213495900729821,0.06426991801459642,23.706816745945577,-31.001121473364698
48,50,Max diversity |rho|,0.05917605879009359,0.3677755511022044,0.02668809059196699,0.10649014938318904,4.20727177925689,0.08414543558513778,25.92930592364183,-21.840868038985857,0.02727132087792297,0.10413221114443849,3.935139458369207,0.07870278916738414,25.991601782352816,-22.970684115814315
48,50,Max diversity rho,0.05917605879009359,0.3677755511022044,-0.018176607706589114,0.16999550457977322,7.656886261843528,0.15313772523687058,15.976850306267192,-46.04508813683064,-0.01859433425726234,0.17213938529010522,7.4371247855620055,0.14874249571124012,15.769007548329672,-47.95994040068961
48,50,Log-det,0.05917605879009359,0.3677755511022044,0.054674213405785,0.11810410354592783,5.486226243809963,0.10972452487619927,24.75822486359727,-18.91264074617656,0.05580033901383769,0.11737043672911315,5.386607833949039,0.10773215667898081,24.876788685627364,-19.44130569906177
48,50,Random,0.05917605879009359,0.3677755511022044,0.035346014019178314,0.15590176681118617,6.627755634484627,0.13255511268969256,17.437071367907237,-40.12483191381943,0.031474108732822234,0.15722969856331856,6.593282116514455,0.13186564233028916,17.270526213711232,-41.78031140256399
49,10,Paper (published),0.028249186093754132,0.46480160320641284,-0.002491830861729807,0.05105607685643886,1.251861739275667,0.1251861739275667,9.649945222113132,-0.19263139149375713,-0.004013915473375225,0.049139445940375996,1.2598353393457606,0.12598353393457606,9.661734505793422,-0.18586909171188026
49,10,Paper + swap,0.028249186093754132,0.46480160320641284,-0.019322286924100138,0.05648821658008499,1.307860237980198,0.1307860237980198,9.576646379676513,-0.23200707075838056,-0.02143517794637088,0.05429325199880005,1.2289104619624291,0.12289104619624289,9.63890540745006,-0.20011098533326377
49,10,Max diversity |rho|,0.028249186093754132,0.46480160320641284,0.0005030736482784495,0.04736538896656023,1.3206520210924126,0.13206520210924125,9.64734107443018,-0.18660659701293233,0.0014780594720612055,0.039497186636770605,1.2503784900643635,0.12503784900643636,9.765906901606563,-0.12197724890220207
49,10,Max diversity rho,0.028249186093754132,0.46480160320641284,-0.09973265585413939,0.21024615007406486,2.353253680481352,0.23532536804813517,6.297419473217237,-4.564833441337724,-0.09942116158851473,0.21229046926174663,2.417111430771888,0.2417111430771889,6.263993509004333,-4.616607521214774
49,10,Log-det,0.028249186093754132,0.46480160320641284,0.010758172719458788,0.05309189063385169,1.2643588984871317,0.12643588984871318,9.617556122865205,-0.21816325803767272,0.010893929752590611,0.045159415621459024,1.2685506405197269,0.12685506405197267,9.723510740075561,-0.14615913285979504
49,10,Random,0.028249186093754132,0.46480160320641284,0.06107377234650509,0.17590921541376778,2.3160975628301896,0.23160975628301897,6.917174002377037,-2.6036365337151137,0.05528998672183274,0.17671961599816452,2.3513559718682364,0.2351355971868237,6.893452828778474,-2.668993113013401
49,20,Paper (published),0.028249186093754132,0.46480160320641284,0.0204490890441839,0.08194894827967275,1.8139664003528833,0.09069832001764418,16.438309850344183,-2.4491120619005615,0.018235458989091183,0.07900501530533047,1.6989284227404438,0.08494642113702221,16.68382205776965,-2.4120477403488123
49,20,Paper + swap,0.028249186093754132,0.46480160320641284,0.02990980656075738,0.0779578915277769,1.8236004343647014,0.09118002171823507,16.774991216423537,-2.0663339800344276,0.02317524468949807,0.07520647028629587,1.6076267521118488,0.0803813376055924,16.990898911916705,-2.0561807107242567
49,20,Max diversity |rho|,0.028249186093754132,0.46480160320641284,0.010170807619811342,0.0691870394257527,1.9027265441764396,0.09513632720882198,16.83012370339435,-1.9552758714923946,0.008439214229499467,0.06460073919696034,1.7312672024035392,0.08656336012017697,17.14588309296299,-1.7989302787998296
49,20,Max diversity rho,0.028249186093754132,0.46480160320641284,-0.04638286868465796,0.26883561585136706,6.385390267878249,0.3192695133939124,5.99417218264134,-17.93543881649413,-0.04745790095663857,0.2731220467569512,6.46933954248798,0.323466977124399,5.858866380342554,-18.67199396611475
49,20,Log-det,0.028249186093754132,0.46480160320641284,0.010116097808707805,0.0662645166501682,1.7864165086302892,0.08932082543151446,17.408578290407885,-1.479370803737007,0.006522799275176542,0.06580900196955428,1.7270063720707287,0.08635031860353644,17.65277990932589,-1.3760291932446216
49,20,Random,0.028249186093754132,0.46480160320641284,0.12464192950900779,0.2627593542576694,6.736801684263629,0.33684008421318146,6.293317586178935,-12.5293220315167,0.13402115760645608,0.2662819823372359,6.860181069035116,0.34300905345175586,6.142485374256487,-12.989295792341029
49,50,Paper (published),0.028249186093754132,0.46480160320641284,0.01043401310330503,0.1037703731539204,3.2495993494202553,0.0649919869884051,26.634526462311975,-18.53704840649942,0.01028145527500214,0.10214973796439238,3.0360558912353,0.06072111782470601,26.83599378517576,-19.496210772258937
49,50,Paper + swap,0.028249186093754132,0.46480160320641284,0.011759889914821013,0.10411485263601256,3.3249970090613337,0.06649994018122668,26.56255812288162,-18.404862579960838,0.011718490945121538,0.10267995837393883,2.9974261874563095,0.05994852374912619,26.702334355656518,-19.492578427276516
49,50,Max diversity |rho|,0.028249186093754132,0.46480160320641284,0.015764943167588058,0.09084203458751373,3.2230687220355527,0.06446137444071104,29.177228135392372,-13.370475350618007,0.013961874118536857,0.08959055577551706,3.2034565115823854,0.0640691302316477,29.260627052910593,-14.291927958728722
49,50,Max diversity rho,0.028249186093754132,0.46480160320641284,-0.017561061982257927,0.3419913708681816,19.5291692909926,0.3905833858198519,5.436233394899402,-68.58074911753137,-0.018257370946581548,0.3512378219019421,20.117276388629286,0.40234552777258575,5.203856288072216,-70.7423237755439
49,50,Log-det,0.028249186093754132,0.46480160320641284,0.01456011257301416,0.09676792559137003,3.6646229205020284,0.07329245841004056,29.173773556637485,-11.991060676777549,0.01227574304882285,0.09574906453211678,3.466077115959633,0.06932154231919264,29.55608543471492,-12.492105650723717
49,50,Random,0.028249186093754132,0.46480160320641284,0.044904143359476414,0.18972827152275754,10.526324067531423,0.21052648135062843,11.987226060988702,-40.679768463039906,0.05100218184277763,0.1910164140708245,10.886943766847594,0.21773887533695194,11.694468680302847,-42.228792616617014
50,10,Paper (published),0.3185838996942445,0.1772745490981964,0.016557790643889705,0.09793579105622957,1.821580144469468,0.18215801444694676,8.432292953390084,-0.9517723867839156,0.020762419982737788,0.10672870022532574,1.7604066699072554,0.17604066699072551,8.386197319673268,-1.0247057895175473
50,10,Paper + swap,0.3185838996942445,0.1772745490981964,0.018054019976488398,0.0811167684130629,1.5106027278938146,0.15106027278938144,9.163768851407792,-0.44501288107589987,0.024334346068800142,0.08772736038805477,1.496623225809271,0.14966232258092715,9.06684050529894,-0.5266645610094391
50,10,Max diversity |rho|,0.3185838996942445,0.1772745490981964,0.01829846958480053,0.07643860610828136,1.5857734622791493,0.15857734622791494,9.197490359791482,-0.4018794459067152,0.022521014519472804,0.08350073246350215,1.5603567052846725,0.1560356705284673,9.096566594003479,-0.4838308018173658
50,10,Max diversity rho,0.3185838996942445,0.1772745490981964,-0.10147276360428624,0.6604084209852296,6.985986723311397,0.6985986723311396,1.977451116498993,-11.233722590794269,-0.1028207323182356,0.6714190882198422,7.0800220415681,0.7080022041568101,1.9312112378897064,-11.554506457665921
50,10,Log-det,0.3185838996942445,0.1772745490981964,0.024068164032961775,0.07824686063709836,1.6109482942755653,0.1610948294275566,9.201448243165807,-0.39044888787174503,0.02898278432719204,0.08466039760367303,1.5594226985256576,0.15594226985256576,9.151809365574312,-0.44294691311977874
50,10,Random,0.3185838996942445,0.1772745490981964,0.30982773190631857,0.46949076002654466,5.312707839866404,0.5312707839866403,3.1970564973557187,-5.350186645422059,0.3170633013503953,0.47259890976194674,5.3505657481463995,0.53505657481464,3.148212082689752,-5.654881325015314
50,20,Paper (published),0.3185838996942445,0.1772745490981964,0.06234718908441159,0.13103620584221368,3.1609360879880217,0.15804680439940114,13.142484845919423,-4.082126532300693,0.06124539810492559,0.1351474885911998,3.0946116020998082,0.15473058010499044,13.01107429578372,-4.265170344521134
50,20,Paper + swap,0.3185838996942445,0.1772745490981964,0.05432123649168435,0.12634962003373024,2.7916507336500405,0.13958253668250198,13.766264589994726,-3.7248627914462853,0.05220036932932953,0.12766754950451786,2.6774412542044783,0.13387206271022392,13.700708008852303,-3.8550513508171513
50,20,Max diversity |rho|,0.3185838996942445,0.1772745490981964,0.05684005136505186,0.11839044191141712,2.8666660639744834,0.14333330319872417,14.206230510458397,-3.292682725825359,0.057532771949651465,0.12006219969552867,2.87355620301866,0.143677810150933,14.048182988897027,-3.460864989157244
50,20,Max diversity rho,0.3185838996942445,0.1772745490981964,-0.047043946916685515,0.6059141709645096,12.742077046603324,0.6371038523301663,2.3682219294373477,-26.397304057458285,-0.048388415680308994,0.61360089779453,12.86498136248641,0.6432490681243205,2.32612651008096,-26.916192540350316
50,20,Log-det,0.3185838996942445,0.1772745490981964,0.028952820046625628,0.13229913724452116,3.6175028154066347,0.18087514077033168,13.735304614062521,-2.5601373189444785,0.03204824799603851,0.13715517189299464,3.688186798789837,0.18440933993949185,13.487356209316825,-2.756855671942199
50,20,Random,0.3185838996942445,0.1772745490981964,0.45058329461589464,0.4606458802293386,10.420828857112152,0.5210414428556076,3.439390457515631,-15.680678517771412,0.4559092604570648,0.4645530241493999,10.52794814244887,0.5263974071224437,3.376556596292256,-16.161838634497112
50,50,Paper (published),0.3185838996942445,0.1772745490981964,0.06120804206868028,0.18443901272005903,9.803360613106854,0.19606721226213703,15.047793952995079,-22.879475273125244,0.06006577904170855,0.18587441236210547,9.744391018240002,0.1948878203648,14.842641679813367,-24.356479826830018
50,50,Paper + swap,0.3185838996942445,0.1772745490981964,0.057959581929858,0.17997897422826098,9.413504404719706,0.18827008809439413,15.61074769110983,-22.535569874926953,0.05668244793507591,0.1810123593712433,9.323985405970877,0.18647970811941753,15.41048254276217,-24.063828418213273
50,50,Max diversity |rho|,0.3185838996942445,0.1772745490981964,0.08268284842684867,0.17662683390476308,9.552438963322533,0.19104877926645064,16.319558885527318,-20.51436460085847,0.08265778091869748,0.17804528518364943,9.537602651792632,0.1907520530358527,16.085585229437342,-21.90409903754782
50,50,Max diversity rho,0.3185838996942445,0.1772745490981964,-0.017528732333365316,0.5682450074928114,29.38741744542581,0.5877483489085163,2.788625231189074,-75.06102625606937,-0.018420833926450792,0.5737284533077008,29.69696933528631,0.5939393867057262,2.730841923557022,-77.89201500710247
50,50,Log-det,0.3185838996942445,0.1772745490981964,0.11471212186195669,0.20919559155018566,11.719558874943939,0.23439117749887875,13.801326340231045,-16.505305452341805,0.1179372052920715,0.21430749411233238,12.010419396215891,0.24020838792431778,13.26909649678228,-17.905174354961648
50,50,Random,0.3185838996942445,0.1772745490981964,0.3081296873061466,0.47703688956282625,25.36637898247475,0.507327579649495,3.690531735064884,-57.95400812822722,0.3066222483952028,0.4806902600604331,25.53819188747015,0.5107638377494029,3.6409534689378247,-60.406618129479455
51,10,Paper (published),0.007261021233072945,0.48804008016032063,-0.007738202483008135,0.07299699367585107,1.4527266100813256,0.14527266100813258,9.310349476480413,-0.41784772537847464,-0.00631214877160482,0.06930404764075668,1.338406991574178,0.1338406991574178,9.386965254468274,-0.3825446505926483
51,10,Paper + swap,0.007261021233072945,0.48804008016032063,-0.004345716413480871,0.06359865321569026,1.3459421196400483,0.13459421196400484,9.411760096426823,-0.3560949193708214,-0.012475067817800115,0.05904288603554339,1.2720239438024756,0.12720239438024755,9.490004887679069,-0.3275954001231437
51,10,Max diversity |rho|,0.007261021233072945,0.48804008016032063,0.011097968005661162,0.04756311278764282,1.318210681761464,0.1318210681761464,9.712706851840865,-0.14804510907850765,-0.0001232690098174382,0.0314400903363199,1.2045779197596738,0.12045779197596736,9.855905120369666,-0.07402954820775066
51,10,Max diversity rho,0.007261021233072945,0.48804008016032063,-0.09396833154823059,0.28263315395927724,3.3621004381658124,0.3362100438165813,4.972008176229644,-5.043005429776989,-0.09637350834201532,0.2962335013592004,3.5106344238885256,0.35106344238885256,4.7799352167644,-5.396455054863264
51,10,Log-det,0.007261021233072945,0.48804008016032063,0.011097968005661162,0.04756311278764282,1.318210681761464,0.1318210681761464,9.712706851840865,-0.14804510907850765,-0.0001232690098174382,0.0314400903363199,1.2045779197596738,0.12045779197596736,9.855905120369666,-0.07402954820775066
51,10,Random,0.007261021233072945,0.48804008016032063,-0.040347859837020585,0.17171910122805378,2.075083970490261,0.20750839704902596,7.224663190873801,-2.1325195407787625,-0.0364364159923366,0.17247103216850743,2.1255998185034275,0.21255998185034283,7.19740388113683,-2.201832538575127
51,20,Paper (published),0.007261021233072945,0.48804008016032063,0.011441975146893234,0.08844839268926462,1.8420992082052239,0.0921049604102612,16.196341808335404,-2.909056447606221,0.007582122253873821,0.0864842012998076,1.710342246041424,0.08551711230207121,16.324628799440926,-2.8780980979501423
51,20,Paper + swap,0.007261021233072945,0.48804008016032063,0.016827770453353638,0.0878866667238698,1.8498132555671618,0.0924906627783581,16.30207452564648,-2.724111733371932,0.013734350765981899,0.0853797256905036,1.6380531454557028,0.08190265727278516,16.45420234330671,-2.7043188794804696
51,20,Max diversity |rho|,0.007261021233072945,0.48804008016032063,0.010744325730728334,0.06350556081896419,1.7823703260704922,0.0891185163035246,17.471085011000614,-1.4792846825362576,0.007848803840635058,0.05967831353349292,1.7014398865805258,0.08507199432902626,17.576867609206577,-1.4567031602548073
51,20,Max diversity rho,0.007261021233072945,0.48804008016032063,-0.04733509773893759,0.23989272992849167,5.815810478906351,0.2907905239453176,6.988199254381021,-17.313194329285857,-0.047878304873047985,0.24404442035858176,5.8107901104065025,0.2905395055203252,6.924058880505869,-17.725495841272764
51,20,Log-det,0.007261021233072945,0.48804008016032063,0.018296468981005714,0.06162876251439458,1.7732592531644518,0.08866296265822261,17.808000604017863,-1.2384039400948677,0.012125631476327165,0.06415280271073384,1.7706281643182677,0.08853140821591342,17.73889822535715,-1.2690675647288931
51,20,Random,0.007261021233072945,0.48804008016032063,0.009852278366307874,0.16708959877452226,3.304736171512044,0.16523680857560222,11.058241995096727,-8.282964616375143,0.005259495852473348,0.16910260448156406,3.4858589560657087,0.17429294780328547,10.91002005221773,-8.384698018751564
51,50,Paper (published),0.007261021233072945,0.48804008016032063,0.012252019460963048,0.09754246587036944,3.1779960984054303,0.06355992196810861,27.07030001537401,-20.83286502557731,0.010065753297405854,0.09784745736426688,2.929816487847132,0.05859632975694264,27.28737733925714,-21.35691227988543
51,50,Paper + swap,0.007261021233072945,0.48804008016032063,0.014991746177014507,0.09811209380216425,3.323248581153274,0.06646497162306549,27.036550233294893,-20.456629577625574,0.01205987694727967,0.09818141858987003,2.899164918264151,0.057983298365283036,27.292852071419016,-21.03187438032979
51,50,Max diversity |rho|,0.007261021233072945,0.48804008016032063,0.007596731670584843,0.0847198835607513,3.2433696298458132,0.06486739259691625,29.87827182446649,-14.534244478870708,0.005754170880073104,0.08583035852715165,3.386899899909468,0.06773799799818936,29.63178793500488,-15.471783493913277
51,50,Max diversity rho,0.007261021233072945,0.48804008016032063,-0.0176188616193028,0.20732209619578687,8.689595096647073,0.17379190193294144,11.25595020760247,-59.85628818722857,-0.018495919012910523,0.20920682530751353,8.755040323384536,0.17510080646769072,11.160526481766754,-61.47188699809237
51,50,Log-det,0.007261021233072945,0.48804008016032063,0.01003772143930495,0.0904542755971164,3.6728234940335187,0.07345646988067038,30.38216444519796,-11.889240706655784,0.008097661914582272,0.09246701721210988,3.7078046509615907,0.07415609301923182,30.014438290579,-12.800671576357711
51,50,Random,0.007261021233072945,0.48804008016032063,0.014187762575656394,0.15686022692126397,7.283927796425203,0.14567855592850404,15.748620995006608,-38.918437234452576,0.012809679534560282,0.15664911583689878,7.2569212507590155,0.14513842501518026,15.691341377553504,-40.172134300186116
52,10,Paper (published),0.0717940711828842,0.42401603206412825,0.0006261211846220562,0.01638165408526219,1.153287979400286,0.11532879794002858,9.964023888352681,-0.01699568364273788,0.006317132541221745,0.01778348295253645,1.0914229169605256,0.10914229169605257,9.952167059137471,-0.02445879202246395
52,10,Paper + swap,0.0717940711828842,0.42401603206412825,0.005814584377277089,0.015931493646387535,1.1659143741212898,0.11659143741212899,9.963448246694051,-0.017075724567822893,0.003707497826763476,0.015715653045551257,1.0819319486797259,0.10819319486797259,9.96189539974226,-0.019473466498079035
52,10,Max diversity |rho|,0.0717940711828842,0.42401603206412825,0.007068149437330521,0.013832748414499656,1.1041133926594666,0.11041133926594668,9.97400590625469,-0.012598797441967728,0.0027020678462923993,0.01075963063463588,1.0624883237199978,0.10624883237199978,9.982084610744323,-0.008944260392581239
52,10,Max diversity rho,0.0717940711828842,0.42401603206412825,-0.10057721552188949,0.28092870940390663,4.323512011094583,0.4323512011094583,3.751441894968182,-10.79320577204366,-0.10192120199959077,0.28662787498183306,4.277373241257687,0.42773732412576865,3.7654214551670866,-10.972038919781097
52,10,Log-det,0.0717940711828842,0.42401603206412825,0.00225184627513612,0.01237683834144777,1.0925710976087029,0.10925710976087029,9.974938283994678,-0.012310570222974233,-0.0015083391144651093,0.011775364114526683,1.0750483485759492,0.1075048348575949,9.979312343566757,-0.010297053630568266
52,10,Random,0.0717940711828842,0.42401603206412825,0.06256181618854662,0.10642427663773038,2.485665352510326,0.24856653525103253,7.499491216174865,-1.4846397695098992,0.06402936756987579,0.12597700620512775,2.591196652576027,0.25911966525760277,7.2399619810684035,-1.6786471463650385
52,20,Paper (published),0.0717940711828842,0.42401603206412825,0.00252989637908964,0.019345658229051897,1.4047373649626684,0.07023686824813342,19.713459351266813,-0.13044635771652022,0.0009269274275188642,0.02548966014593719,1.2196111461358516,0.06098055730679258,19.611890157272523,-0.20507303226866747
52,20,Paper + swap,0.0717940711828842,0.42401603206412825,-0.0005821132452421163,0.01626729225352731,1.295222823789222,0.06476114118946111,19.815197003142714,-0.0871400659752154,-0.0017676112484323392,0.02527125568837605,1.173888141837365,0.05869440709186826,19.627332034212824,-0.2011469470334911
52,20,Max diversity |rho|,0.0717940711828842,0.42401603206412825,-0.000749690945330018,0.011262420792973574,1.2016450972452695,0.060082254862263484,19.912638721867218,-0.04066333198894495,-0.0036654303925731965,0.019351920766304275,1.1792040226988751,0.05896020113494377,19.781708978628032,-0.11175131282209393
52,20,Max diversity rho,0.0717940711828842,0.42401603206412825,-0.04517895470592438,0.2654067198412391,8.300369482331831,0.4150184741165915,4.717475571442608,-21.273675764367862,-0.04596473888141189,0.274276194953248,8.27586566048975,0.4137932830244877,4.7221725141663216,-21.45855856128997
52,20,Log-det,0.0717940711828842,0.42401603206412825,-0.00030110487041925117,0.013024665449306878,1.2451959110266406,0.06225979555133203,19.881690526747757,-0.05447329538221993,7.178793165094417e-05,0.020007793638814927,1.1939475473031342,0.05969737736515671,19.774290239382136,-0.11335988153842474
52,20,Random,0.0717940711828842,0.42401603206412825,0.06153676131312362,0.09935052986196412,4.421325896350693,0.2210662948175345,11.292882713955352,-5.432375333375436,0.06176698752542251,0.11341973945831697,4.495420736095649,0.22477103680478244,11.006773045842243,-5.817013123100301
52,50,Paper (published),0.0717940711828842,0.42401603206412825,0.005258660882540424,0.026310851165936417,1.9361244637861903,0.03872248927572379,44.665812542398015,-3.0877041684711806,0.003436314933891898,0.03770974674519491,1.8163282868988835,0.03632656573797766,42.927575713088,-4.4693341242940425
52,50,Paper + swap,0.0717940711828842,0.42401603206412825,0.005428992082754883,0.0247192494278204,1.9038992069449734,0.038077984138899464,44.72314500174518,-3.0100380680948557,0.003910034828276064,0.03621007823400052,1.749744063691264,0.034994881273825273,43.18270004399573,-4.195152675077532
52,50,Max diversity |rho|,0.0717940711828842,0.42401603206412825,0.006454475383876766,0.023068081860091915,2.0112867580686418,0.04022573516137284,44.4119214159566,-3.3398437640418486,0.004951742014689149,0.03279267012976262,1.8893865460802481,0.03778773092160497,43.22803034687,-4.3315112240588265
52,50,Max diversity rho,0.0717940711828842,0.42401603206412825,-0.016960158958107853,0.243302635554271,18.307412709643906,0.3661482541928781,6.34936341771304,-61.32731629667066,-0.017877020950308607,0.2481710950514596,18.268262064057943,0.3653652412811589,6.356269001212744,-62.701359878685224
52,50,Log-det,0.0717940711828842,0.42401603206412825,0.0024149782034066244,0.02374417054860735,1.9686158559161098,0.0393723171183222,47.39817131603151,-1.0484388113013552,0.00018616825828995706,0.03637851009796991,2.068555479201862,0.041371109584037245,45.1967182855837,-2.393041922547334
52,50,Random,0.0717940711828842,0.42401603206412825,0.09299085861589658,0.17807189934012077,14.587399939446282,0.2917479987889256,9.55815172467064,-33.664552443068246,0.0999384375356284,0.1848120702316683,14.630273593400702,0.29260547186801406,9.477685632517101,-35.05641083742763
53,10,Paper (published),0.011804713870250168,0.47742685370741483,0.007749140842874492,0.03496072905063903,1.3006932830129223,0.1300693283012922,9.840245698605912,-0.07496022609497581,-0.0011114897606653137,0.019607559607292484,1.1245293449163334,0.11245293449163334,9.940466706456654,-0.03015602683914187
53,10,Paper + swap,0.011804713870250168,0.47742685370741483,0.0009374265170150254,0.026564269695241925,1.1986389629091245,0.1198638962909125,9.894405893297703,-0.05098542420540941,-0.005016225083040047,0.018035178088835535,1.0966053650226908,0.10966053650226908,9.950911837966988,-0.02503430478625389
53,10,Max diversity |rho|,0.011804713870250168,0.47742685370741483,0.0023535564483757637,0.02711530724427694,1.2501543097129872,0.12501543097129872,9.897953203929173,-0.04796748277240291,0.005030917030138147,0.013089728536318979,1.082299633029955,0.1082299633029955,9.97609251820222,-0.011877880996538519
53,10,Max diversity rho,0.011804713870250168,0.47742685370741483,-0.09538462306352195,0.22673418931970346,3.0404438810406775,0.3040443881040677,5.190874475704655,-6.7140926753614885,-0.09613738502710018,0.23509914952816768,3.176629639827986,0.31766296398279864,5.056052660464244,-6.764717344018187
53,10,Log-det,0.011804713870250168,0.47742685370741483,-0.000504896277845329,0.025358640796749488,1.2162829222893818,0.12162829222893819,9.913181762746543,-0.041012887271635004,0.0015535905878926231,0.016585410836222315,1.0870656394772382,0.10870656394772381,9.966500496692726,-0.01684051362833487
53,10,Random,0.011804713870250168,0.47742685370741483,-0.01615070702028999,0.17909735172700816,2.7157576404208172,0.2715757640420817,7.186121567466728,-1.5333866269765495,-0.013117415917067148,0.188973593226851,2.8274950667326824,0.28274950667326826,6.922629906371468,-1.7522929992846654
53,20,Paper (published),0.011804713870250168,0.47742685370741483,0.007398619695770085,0.03566721309704279,1.5308328930384962,0.07654164465192484,19.32618061296819,-0.30131599346222937,0.0025338589569577734,0.029495678033539804,1.291383631639998,0.0645691815819999,19.462877497593606,-0.2797767400588608
53,20,Paper + swap,0.011804713870250168,0.47742685370741483,0.007131908299615562,0.03462846657869974,1.521721771047853,0.07608608855239264,19.359099500375994,-0.28755033452815665,0.0028374748560854217,0.030342887051632936,1.2717027947655684,0.06358513973827842,19.44524979945315,-0.29015002371702986
53,20,Max diversity |rho|,0.011804713870250168,0.47742685370741483,0.0038283203625086226,0.026133144290791124,1.3900452763465259,0.0695022638173263,19.620917806666803,-0.17218604565780896,0.003048240823585543,0.024549094740461727,1.2378611220521536,0.06189305610260767,19.621071607749936,-0.19846805756497765
53,20,Max diversity rho,0.011804713870250168,0.47742685370741483,-0.04488947611130882,0.37081619061706206,8.737392387382439,0.4368696193691218,4.309925245116351,-21.162906943070542,-0.045636354132162826,0.3715842035272926,8.765374340196072,0.4382687170098036,4.296468984420079,-21.25111357771783
53,20,Log-det,0.011804713870250168,0.47742685370741483,0.008329857377553635,0.026308868559904837,1.407214159062281,0.07036070795311404,19.597519201260177,-0.18218684588304743,0.005091506254422685,0.025602497076485112,1.3016098484183327,0.06508049242091665,19.615426081893226,-0.19201068510181077
53,20,Random,0.011804713870250168,0.47742685370741483,-0.002203127370288137,0.18445471093614557,4.1170716297918535,0.20585358148959268,10.132585648206817,-6.832220051757844,-0.0036190901734014327,0.18180071709132245,4.136683691006045,0.20683418455030228,10.199401115520523,-6.797956058956489
53,50,Paper (published),0.011804713870250168,0.47742685370741483,0.008346043198677388,0.0364279769067068,2.25660365636371,0.0451320731272742,43.94769160485319,-2.8310050062613157,0.006350137138910733,0.04021475375217956,1.876949242816003,0.03753898485632007,43.24071410395525,-3.727259893014925
53,50,Paper + swap,0.011804713870250168,0.47742685370741483,0.008159776158524642,0.0348958101333977,2.184125781188444,0.043682515623768896,44.36794871302751,-2.6257040476924614,0.007467072411580138,0.03913871769217986,1.806495769846416,0.036129915396928315,43.66709755456967,-3.4886009598125187
53,50,Max diversity |rho|,0.011804713870250168,0.47742685370741483,0.005598756925192916,0.03214265197402882,2.1486064614827662,0.042972129229655334,45.354758585446824,-2.0359307194871,0.004263374819625758,0.036192301403978215,1.9090799761840382,0.03818159952368077,44.50262535668868,-2.92304486552275
53,50,Max diversity rho,0.011804713870250168,0.47742685370741483,-0.015917988511922495,0.2950526189018904,15.728419551617183,0.3145683910323438,6.874957982850227,-58.5421401124708,-0.017363068539360583,0.2984170392212279,15.952789842332443,0.31905579684664875,6.7811943423190835,-59.9171567973243
53,50,Log-det,0.011804713870250168,0.47742685370741483,0.0057569608335787305,0.03482434936496034,2.341929030245642,0.04683858060491284,45.633767939091335,-1.6837508383917195,0.005681716748247519,0.03794831629174891,2.0472143379933008,0.04094428675986602,44.96594524490897,-2.48860144515581
53,50,Random,0.011804713870250168,0.47742685370741483,0.014886494750147927,0.14069830548570697,8.393799314120848,0.1678759862824169,18.453835325274248,-19.531679273891083,0.012106963310022232,0.14246507921482568,8.316317084765004,0.16632634169530008,18.349814793182592,-20.836374442900162
54,10,Paper (published),0.06757421141028039,0.3602565130260521,-0.004080701706211077,0.06716540796461852,1.3374600605807554,0.13374600605807554,9.351702745796832,-0.4274170452735492,0.003256844474492288,0.07080976204170548,1.3518990418963164,0.13518990418963167,9.322026962447694,-0.45930882557441477
54,10,Paper + swap,0.06757421141028039,0.3602565130260521,-0.00843280537792357,0.0635172002434321,1.3568462561226962,0.1356846256122696,9.419648111739276,-0.35274934111956513,-0.0010296965673107525,0.0664658281308287,1.3124332177606448,0.1312433217760645,9.422901432520701,-0.3549793545004139
54,10,Max diversity |rho|,0.06757421141028039,0.3602565130260521,0.0010894872210215124,0.047977622445925086,1.3280259907664844,0.1328025990766484,9.62224250684235,-0.21439113264698084,-0.0010905173214505552,0.04651162910379999,1.2295106104667801,0.12295106104667804,9.662139416506278,-0.1922130227287372
54,10,Max diversity rho,0.06757421141028039,0.3602565130260521,-0.09562985779855011,0.2808662477739873,3.5310328943282054,0.35310328943282054,5.254435139333851,-3.990981573894278,-0.0967298979632988,0.29267315909553093,3.6665957121904897,0.36665957121904913,5.074863050308322,-4.167108482956157
54,10,Log-det,0.06757421141028039,0.3602565130260521,0.007410344215050319,0.05454959014163908,1.4067254890008853,0.14067254890008857,9.613110768062214,-0.19828112680517207,0.008552234365251384,0.04781741430759647,1.2841256804408074,0.12841256804408077,9.718466288591731,-0.14704177230408563
54,10,Random,0.06757421141028039,0.3602565130260521,0.18010833190851316,0.19851162088967295,2.850149186805148,0.2850149186805147,6.622800212124042,-2.1265897786939107,0.18929659111595365,0.21303881155152207,2.9348717111590723,0.2934871711159073,6.439772278098525,-2.2268406004419754
54,20,Paper (published),0.06757421141028039,0.3602565130260521,0.005358962973680454,0.09420054455234841,1.9512387686984534,0.09756193843492268,15.859993531854126,-3.302732352772572,0.003200102584740762,0.09320574956929785,1.7861287201088394,0.08930643600544196,15.891316006607827,-3.4650953327611944
54,20,Paper + swap,0.06757421141028039,0.3602565130260521,0.006572663088831572,0.09272677516636825,1.8531725099312037,0.09265862549656022,15.928892490455636,-3.19151029146227,0.006980081589259113,0.09374750859465561,1.7243132531232592,0.08621566265616296,15.89151970878884,-3.337567861043635
54,20,Max diversity |rho|,0.06757421141028039,0.3602565130260521,0.013825624190391654,0.07612947692253925,1.7887596844080538,0.08943798422040265,16.960396870512614,-1.973696264312708,0.01139092419405594,0.07393230608997864,1.8215777713104149,0.09107888856552077,17.136471594390724,-1.8564378307921334
54,20,Max diversity rho,0.06757421141028039,0.3602565130260521,-0.04535797061908249,0.22625049474249032,5.166255217708363,0.2583127608854182,8.61457899614006,-10.07381849432365,-0.04625099066230535,0.2283020529597064,5.236402656806568,0.26182013284032835,8.533377939859626,-10.340874247406655
54,20,Log-det,0.06757421141028039,0.3602565130260521,0.015156226098693855,0.07929300449369031,2.0489864034188807,0.10244932017094403,16.74132086521615,-1.9185837897920421,0.012465078532929387,0.0785081908058985,2.0582094029380187,0.10291047014690095,16.756910830607474,-1.8791596188044366
54,20,Random,0.06757421141028039,0.3602565130260521,0.02654269939964274,0.2005188206667203,4.9264178646541525,0.24632089323270767,9.637506585710247,-7.2015622600897355,0.023174841651807453,0.20125331583842132,4.86730689786529,0.2433653448932645,9.691127826982179,-7.247207318980708
54,50,Paper (published),0.06757421141028039,0.3602565130260521,0.003873467136721301,0.11446593992168819,3.357122251967356,0.0671424450393471,25.222591337195713,-26.871877696934636,0.0026406121120078753,0.11444637769620647,3.1316068520755715,0.06263213704151145,25.316307025027815,-27.97669195811493
54,50,Paper + swap,0.06757421141028039,0.3602565130260521,0.0025597943390308214,0.11242812306395016,3.3515398266656007,0.06703079653331201,25.489123747823225,-26.632827496394913,0.0014577712473694206,0.1119740346527692,3.0503554820803505,0.061007109641607,25.680242007977203,-27.505318148446534
54,50,Max diversity |rho|,0.06757421141028039,0.3602565130260521,0.008540007285772689,0.10321362229213825,3.909106118554674,0.07818212237109345,26.97882373015893,-21.191075143712435,0.008092017184514601,0.101827105847213,3.631074445459425,0.0726214889091885,27.1862475864725,-21.934575771786808
54,50,Max diversity rho,0.06757421141028039,0.3602565130260521,-0.01780411803721125,0.20273676493272474,10.711972300653127,0.2142394460130625,12.68803214641168,-44.06709774123746,-0.01829152209809893,0.2065071910830794,10.995706681016774,0.21991413362033552,12.30803347288166,-45.618165693325764
54,50,Log-det,0.06757421141028039,0.3602565130260521,0.009404802536247092,0.11668759077031236,5.799324809429031,0.1159864961885806,25.138728025948463,-17.00856405339387,0.007908799419557688,0.11535305147470559,5.444221426121423,0.10888442852242847,25.514102197422257,-17.724223616230052
54,50,Random,0.06757421141028039,0.3602565130260521,0.06568899090997941,0.20284647896589603,10.747187028204568,0.2149437405640913,12.796486513025592,-41.95893674383045,0.06258084039469528,0.20673702087612592,10.860364557897942,0.21720729115795892,12.453873253805382,-44.38058397654038
55,10,Paper (published),0.26652572415171066,0.25247294589178354,-0.013336326545713892,0.0869206148422793,1.4983047171462922,0.1498304717146292,9.029600537253241,-0.5762595221174832,-0.014558511309605573,0.08671180323868649,1.458953897301412,0.14589538973014118,8.92109213613053,-0.6868785791088667
55,10,Paper + swap,0.26652572415171066,0.25247294589178354,-0.017368719796789413,0.09086168049272564,1.4967404887176212,0.1496740488717621,8.819412651927486,-0.814451304558145,-0.012144500952336773,0.09699325889768323,1.4390300933710511,0.14390300933710512,8.794311638265361,-0.8458591698730848
55,10,Max diversity |rho|,0.26652572415171066,0.25247294589178354,-0.0021419179058709123,0.07542576309603945,1.4574831724824377,0.1457483172482438,9.246361014361135,-0.41578553136293694,-0.001534776538210678,0.07026866408320911,1.4280227101383973,0.14280227101383974,9.262981344829706,-0.41008485449061144
55,10,Max diversity rho,0.26652572415171066,0.25247294589178354,-0.10524366410967395,0.6568090603346637,6.959626198947319,0.6959626198947316,1.9757829385384507,-13.66026211741954,-0.10554785450750698,0.6592096730181068,6.985795577309014,0.6985795577309012,1.9660945122492595,-13.609011121501052
55,10,Log-det,0.26652572415171066,0.25247294589178354,-0.0021802029119982144,0.07152527791115919,1.5018957750255106,0.15018957750255107,9.384748899798815,-0.31518291209717286,-0.005435036763641808,0.07163893466953217,1.4974702838411253,0.14974702838411252,9.363317696531997,-0.3403813751221235
55,10,Random,0.26652572415171066,0.25247294589178354,0.4482261394843245,0.4811502746470052,5.540602230272739,0.554060223027274,2.929393695318905,-6.793390367089573,0.4588629001696874,0.49068751560848456,5.646794262219488,0.5646794262219487,2.8384381442516733,-7.024294296789632
55,20,Paper (published),0.26652572415171066,0.25247294589178354,-0.010141125292304817,0.11898048832091102,2.331171235841106,0.1165585617920553,13.464135476424543,-5.03930684148407,-0.010982978816771918,0.12259289320388221,2.227260315356755,0.11136301576783778,13.309758723068336,-5.365512252942017
55,20,Paper + swap,0.26652572415171066,0.25247294589178354,0.0017561624516850625,0.12332484413646369,2.3220779066225994,0.11610389533112997,13.403782183994023,-5.105102234462603,0.003648729077166205,0.12667609075025552,2.215952537858545,0.11079762689292728,13.240007107358723,-5.374004806644831
55,20,Max diversity |rho|,0.26652572415171066,0.25247294589178354,0.007555461487598221,0.10196761128378565,2.3541224724758787,0.11770612362379393,14.042659554051484,-4.560160980779339,0.009191854813865424,0.10652475923258847,2.285752741069481,0.11428763705347407,13.901869337105278,-4.758614270282784
55,20,Max diversity rho,0.26652572415171066,0.25247294589178354,-0.04967138548847866,0.5944302364868095,12.484803843470146,0.6242401921735075,2.420095043264749,-33.7203427711001,-0.050212311583573546,0.5976503875935023,12.51891862206464,0.6259459311032316,2.4079281124265663,-34.28483598545715
55,20,Log-det,0.26652572415171066,0.25247294589178354,-0.008521638661400112,0.11446903250893102,2.61262180529852,0.13063109026492603,14.188885014090928,-3.444019708049255,-0.008043770263418008,0.11555712669817415,2.470431573173488,0.12352157865867441,14.18765223443376,-3.4951589419951685
55,20,Random,0.26652572415171066,0.25247294589178354,0.22688972669342417,0.38855925068540104,9.222028629794139,0.4611014314897068,4.005664236063644,-18.87006795096397,0.22482447841076741,0.3921250430917932,9.307816666068877,0.46539083330344394,3.9610837269278907,-19.142759292404445
55,50,Paper (published),0.26652572415171066,0.25247294589178354,0.011100473305942488,0.16064113431406649,5.504254846891623,0.11008509693783247,16.331527294884538,-33.57167385382675,0.010939514064594745,0.16077425483534788,5.295034615822598,0.10590069231645197,16.42015068720784,-34.22553028958684
55,50,Paper + swap,0.26652572415171066,0.25247294589178354,0.0010384287746291342,0.16432212113406294,5.385222389015858,0.10770444778031717,15.989054940652885,-35.32661114423136,0.00037612585439907655,0.164570401721687,5.020478566829151,0.10040957133658301,16.042512709199617,-36.12013779012488
55,50,Max diversity |rho|,0.26652572415171066,0.25247294589178354,0.015393999183768456,0.1509241052102578,6.177498198821222,0.12354996397642447,17.244848461178204,-28.755865380334523,0.015987373815022066,0.15179744583298435,6.047472787156881,0.12094945574313763,17.283743091710953,-29.800131911802268
55,50,Max diversity rho,0.26652572415171066,0.25247294589178354,-0.018592555872010582,0.505109771794627,26.920234668995683,0.5384046933799135,3.1627311757157366,-96.71411650466848,-0.019033649367384265,0.5106188120779684,27.16138428428502,0.5432276856857002,3.1090536561680673,-98.53327390005462
55,50,Log-det,0.26652572415171066,0.25247294589178354,0.03415761722354424,0.1778939533338061,9.679500603125494,0.19359001206250984,14.867614486203976,-23.40931807188026,0.035890441379681344,0.17899974388305107,9.614183121799357,0.19228366243598713,14.799329639751386,-24.5930029449773
55,50,Random,0.26652572415171066,0.25247294589178354,0.3149037082831472,0.4888569724229874,26.322997961480603,0.5264599592296121,3.412344321063558,-70.73630499715327,0.3186021705468928,0.4914864363548017,26.512411308751147,0.530248226175023,3.3637852306638933,-73.02333949118369
56,10,Paper (published),0.05791578937870802,0.4283687374749499,0.009116560440914979,0.04800956620523949,1.30760761984421,0.13076076198442102,9.65599368489862,-0.18825537847984125,0.010270376972557766,0.04418506997337828,1.2290145831401438,0.12290145831401436,9.717559717917215,-0.15445730461247176
56,10,Paper + swap,0.05791578937870802,0.4283687374749499,0.005296578125049967,0.04286863116854736,1.2486545092946733,0.12486545092946737,9.734281867074424,-0.1429291184466811,0.0032077575831031286,0.038646485296960846,1.1598725650527277,0.11598725650527283,9.800485066767312,-0.10812786744614938
56,10,Max diversity |rho|,0.05791578937870802,0.4283687374749499,-0.002502900969595075,0.03914044846343898,1.2871814555226,0.12871814555225997,9.769557754695473,-0.11814000697496606,-0.0020898996537692277,0.031300823763110164,1.2200514039645627,0.1220051403964563,9.86297012799127,-0.06945534332160459
56,10,Max diversity rho,0.05791578937870802,0.4283687374749499,-0.10188702284362133,0.3217921497608973,4.635336663111659,0.4635336663111659,3.608968058636025,-7.916883419668405,-0.10264354158494618,0.33715736178671296,4.777736091983047,0.4777736091983048,3.4544164896532212,-8.475202632763578
56,10,Log-det,0.05791578937870802,0.4283687374749499,-0.004342280069983718,0.04652408808578438,1.2884072052141131,0.1288407205214113,9.725430786438647,-0.13985089351219449,0.002339069731928332,0.033162670320826045,1.1808351668642934,0.11808351668642936,9.85316546311098,-0.07588109732725407
56,10,Random,0.05791578937870802,0.4283687374749499,0.05918126311585972,0.15545186907866815,2.178584036312406,0.21785840363124062,7.119133557098509,-2.571291881538234,0.06368466843717392,0.15707054568244008,2.1806756632464688,0.2180675663246469,7.046921281020544,-2.7383809176993217
56,20,Paper (published),0.05791578937870802,0.4283687374749499,0.0049417069061370375,0.07253042124161733,1.7146063458513752,0.0857303172925688,17.23753549960455,-1.6916070182741016,0.006873235448223886,0.06758779214871452,1.6073354148319667,0.08036677074159837,17.451469682409297,-1.6145666665154066
56,20,Paper + swap,0.05791578937870802,0.4283687374749499,0.0009355626733339883,0.06998040450183056,1.719039275775384,0.08595196378876922,17.31924901529238,-1.5934749397796741,0.0037867119004642356,0.06689874065282278,1.595834044513081,0.07979170222565404,17.4367231961114,-1.5767602571691641
56,20,Max diversity |rho|,0.05791578937870802,0.4283687374749499,0.004419473680926759,0.05945821706002707,1.6028978923860495,0.08014489461930248,17.84213892516996,-1.2701814738406692,0.004561446658922967,0.055817598002332575,1.574938883389904,0.07874694416949521,17.964613462561825,-1.2090239888299747
56,20,Max diversity rho,0.05791578937870802,0.4283687374749499,-0.04672152533595589,0.21234251230610293,4.452058409253915,0.22260292046269584,7.713776155885936,-19.77944100126942,-0.04741778891865525,0.21484757903192844,4.562021335980979,0.22810106679904898,7.592791506647416,-20.204009124458594
56,20,Log-det,0.05791578937870802,0.4283687374749499,0.004963933489557976,0.06056614548571103,1.6815540737200287,0.08407770368600144,17.911730832595076,-1.0925027575523891,0.005237448206650568,0.05761037171811014,1.6412732889407173,0.08206366444703586,18.16786192807299,-0.9728362255583944
56,20,Random,0.05791578937870802,0.4283687374749499,0.07288633560156069,0.1929255102834497,4.768375339761116,0.23841876698805592,8.45592574001203,-12.761623422912544,0.06987060611840772,0.1923639695233701,4.871520392058358,0.2435760196029178,8.354319179268881,-13.050632638719177
56,50,Paper (published),0.05791578937870802,0.4283687374749499,0.010775223592165031,0.0875237203158973,3.057471180662143,0.061149423613242854,30.339590424117205,-13.149027173382079,0.010510640489079173,0.08884790380608482,2.8711005023787175,0.057422010047574336,29.840906204369084,-14.517284683358005
56,50,Paper + swap,0.05791578937870802,0.4283687374749499,0.013541398410164473,0.089670946941341,3.016061805316162,0.060321236106323235,29.809504541352272,-14.095043656359115,0.01191219048064783,0.09077370981088237,2.7813024955283767,0.05562604991056753,29.40924248393266,-15.467720828785744
56,50,Max diversity |rho|,0.05791578937870802,0.4283687374749499,0.013216733399914318,0.07827662326279763,3.0270975434926672,0.060541950869853374,31.488974242553358,-11.366846009076669,0.012551324554418743,0.07876037149615378,3.0359077066683104,0.0607181541333662,31.188303810628632,-12.587491696914446
56,50,Max diversity rho,0.05791578937870802,0.4283687374749499,-0.016606759644348393,0.23420699033155779,13.847891243889904,0.27695782487779813,8.325622325003346,-62.438279102363445,-0.01772046864144639,0.2407213038310519,14.326446231600407,0.2865289246320081,7.958953559668623,-65.50758931141625
56,50,Log-det,0.05791578937870802,0.4283687374749499,0.021036860762375546,0.08275371719307964,3.346742125018792,0.06693484250037583,32.21008186834675,-9.472932249170617,0.018374667586229736,0.08418597983597077,3.3210305984607085,0.06642061196921417,31.830117799194834,-10.43217684379309
56,50,Random,0.05791578937870802,0.4283687374749499,0.07485969728323462,0.19608435337530447,10.002292584033075,0.20004585168066147,11.577997741271314,-51.66082140538535,0.07459110830851347,0.19938831272911273,10.219271854720539,0.20438543709441076,11.231440719189536,-53.66880346846342
57,10,Paper (published),0.003779978532994279,0.4942044088176353,0.011177973310883906,0.050277186389211775,1.3257741158007124,0.13257741158007122,9.633496010658826,-0.1948682885240104,0.011799571225774547,0.05121761717859292,1.284127507097968,0.12841275070979685,9.636442400898048,-0.1992707428015824
57,10,Paper + swap,0.003779978532994279,0.4942044088176353,0.005380962079722402,0.05718567451632782,1.3408774742051055,0.13408774742051055,9.559604278154469,-0.2418390939416909,0.015173955578163777,0.05335266335384644,1.187299109599336,0.11872991095993361,9.671666635858347,-0.19794083984169894
57,10,Max diversity |rho|,0.003779978532994279,0.4942044088176353,-0.010273106236883402,0.041256935705341655,1.2705047905451112,0.1270504790545111,9.766160963514977,-0.11973975245119202,-0.004529984284652608,0.03097278808159076,1.2101673045016725,0.12101673045016725,9.861749613546463,-0.06926020137843346
57,10,Max diversity rho,0.003779978532994279,0.4942044088176353,-0.10057227357258768,0.2801830711929243,3.4024932830336843,0.34024932830336857,4.662857202875078,-7.640277561373513,-0.10097104893676902,0.2855017291378286,3.385567445835223,0.33855674458352236,4.621931099353688,-7.701084540468321
57,10,Log-det,0.003779978532994279,0.4942044088176353,0.0003954758057163612,0.03472372692804781,1.2445999436735768,0.1244599943673577,9.829316231038533,-0.08518399689506215,-0.0029491092254412513,0.030601318722945952,1.1907879213962673,0.11907879213962672,9.87838621244737,-0.06215650880776655
57,10,Random,0.003779978532994279,0.4942044088176353,0.08192816188632508,0.2143056011916466,2.748737245728081,0.27487372457280823,6.437414584842312,-2.634404601898638,0.06599843082176365,0.21429892006763435,2.7760298359667743,0.27760298359667746,6.376529123848507,-2.7254214484241395
57,20,Paper (published),0.003779978532994279,0.4942044088176353,0.005915144746225679,0.06570654923036168,1.745835970825081,0.08729179854125405,17.259019881112874,-1.7304214248219059,0.006837387477130138,0.06623040572064727,1.6408495072659322,0.08204247536329659,17.260939746631816,-1.8001077387711888
57,20,Paper + swap,0.003779978532994279,0.4942044088176353,0.010411635004730002,0.07099846733298565,1.8265784273623686,0.09132892136811842,16.86211690446017,-2.0609605893319864,0.00995360313434238,0.06961389751293265,1.605330435959618,0.0802665217979809,16.995878756026105,-2.090065269033757
57,20,Max diversity |rho|,0.003779978532994279,0.4942044088176353,0.003975936838141039,0.05177932338133592,1.6248625937560783,0.08124312968780394,18.50716948001653,-0.7495750631283167,0.005378448499601711,0.051341359273330764,1.5106758958929882,0.07553379479464943,18.490075426675862,-0.7935310836030818
57,20,Max diversity rho,0.003779978532994279,0.4942044088176353,-0.04727369861917053,0.1940755719901229,3.73686021732574,0.18684301086628693,9.160736135320073,-16.05536574878042,-0.04770035150675975,0.1951076341376292,3.810787702932874,0.19053938514664367,9.082571055361406,-16.047855848578482
57,20,Log-det,0.003779978532994279,0.4942044088176353,0.0005812211317741946,0.053029106183338996,1.7109980011580703,0.08554990005790353,18.5088696795853,-0.7011227150891102,-0.00042150118537913654,0.05241136635352611,1.6538507846011177,0.08269253923005587,18.473619936897553,-0.7501856266521113
57,20,Random,0.003779978532994279,0.4942044088176353,0.021256901432632303,0.17742951821032668,4.069697243607291,0.20348486218036452,10.470923117828589,-6.9466501580990165,0.021018573101234457,0.1793374102645511,4.093946573680025,0.20469732868400123,10.398494458846596,-7.060886408265943
57,50,Paper (published),0.003779978532994279,0.4942044088176353,0.0015333736003028328,0.0850192488025626,3.016876328600839,0.06033752657201678,29.831617655404514,-16.531569102628673,0.001223514268979375,0.08745504274805918,2.9081781510795617,0.05816356302159125,29.180030791683425,-18.277558830970477
57,50,Paper + swap,0.003779978532994279,0.4942044088176353,0.005895756208255737,0.08302644330478705,3.1259505096500497,0.06251901019300099,30.42020909745585,-15.29316509802052,0.005322546825957242,0.08522726035518773,2.806246553006721,0.05612493106013443,29.896076932353115,-16.94863765658537
57,50,Max diversity |rho|,0.003779978532994279,0.4942044088176353,0.00499109267495497,0.07272487004704213,2.892959865866205,0.05785919731732408,33.10200767915833,-10.641289406207937,0.006839635793144704,0.07622532183772324,2.9653294108521724,0.05930658821704345,32.26153023485581,-12.223165506665321
57,50,Max diversity rho,0.003779978532994279,0.4942044088176353,-0.01785239226708159,0.21464050450668834,8.776436734373796,0.17552873468747593,11.306225930138291,-61.506797484837605,-0.018420552712868344,0.21536563636633052,8.677748948765052,0.17355497897530112,11.261829531016298,-63.140611636939255
57,50,Log-det,0.003779978532994279,0.4942044088176353,0.004814361826879301,0.08320823217441711,3.864291408578427,0.07728582817156855,32.10284000468377,-8.941436053751666,0.006523578766590083,0.084237293594521,3.8633356116120474,0.07726671223224096,31.902408054173403,-9.893136264151257
57,50,Random,0.003779978532994279,0.4942044088176353,0.007508631670554538,0.1536408717521247,6.8518428271220575,0.13703685654244116,17.184130997909804,-30.242370553553204,0.009136068478080751,0.155571375286308,6.727767042831844,0.1345553408566369,17.068936193588403,-31.480122859595973
58,10,Paper (published),0.015323873789336735,0.4700200400801603,0.02599590940016377,0.062374116345792444,1.3430696887424183,0.13430696887424184,9.45633608427697,-0.30993272218447404,0.016895333488981416,0.0519353551131873,1.2881234560788577,0.12881234560788574,9.554112779762004,-0.2539837691582288
58,10,Paper + swap,0.015323873789336735,0.4700200400801603,0.0033737676128622242,0.06232537770513422,1.3645241880698844,0.13645241880698844,9.458894878718278,-0.3062755272963419,0.0028492219300324424,0.05820940366371319,1.2778731957999914,0.12778731957999914,9.499950676335839,-0.2960722066164738
58,10,Max diversity |rho|,0.015323873789336735,0.4700200400801603,0.008966831617428712,0.03955440073270169,1.251719016304197,0.1251719016304197,9.758909664005378,-0.12793194680545908,0.004139420449923758,0.03305880408058911,1.1973332667002023,0.11973332667002023,9.832527919913497,-0.08729066226812965
58,10,Max diversity rho,0.015323873789336735,0.4700200400801603,-0.0959967088903182,0.22586902172345502,2.8820137889072774,0.2882013788907277,5.944644762502705,-4.391253389532428,-0.09628396093426653,0.22326402529252956,2.826330364275028,0.2826330364275028,5.990390441500708,-4.514123982893729
58,10,Log-det,0.015323873789336735,0.4700200400801603,0.003627966279398276,0.049744709372614444,1.3180065058166799,0.13180065058166796,9.676908203114841,-0.16395525575769518,0.0026446740016585857,0.03953314598930121,1.21969977159781,0.121969977159781,9.778815581376119,-0.11438492815844653
58,10,Random,0.015323873789336735,0.4700200400801603,0.020929405672999068,0.10873493735578632,1.7118778105945534,0.17118778105945534,8.685483674777526,-0.8299475465243339,0.018074966844095226,0.10981541899860671,1.704121680429044,0.17041216804290443,8.62256936613516,-0.8998477531825665
58,20,Paper (published),0.015323873789336735,0.4700200400801603,0.009319722094298042,0.07875078522983357,1.8600912255672986,0.09300456127836493,16.845473597806393,-2.0636982824408143,0.009233283662390755,0.07731999353349073,1.6374003448756527,0.08187001724378264,16.908465388666027,-2.090101836599605
58,20,Paper + swap,0.015323873789336735,0.4700200400801603,0.009319722094298042,0.07875078522983357,1.8600912255672986,0.09300456127836493,16.845473597806393,-2.0636982824408143,0.009233283662390755,0.07731999353349073,1.6374003448756527,0.08187001724378264,16.908465388666027,-2.090101836599605
58,20,Max diversity |rho|,0.015323873789336735,0.4700200400801603,0.0061598173736919105,0.06305813653825691,1.6806970152819087,0.08403485076409545,17.77631528487238,-1.2993881538885834,0.006169871783155932,0.05993943578466607,1.5936163383502424,0.07968081691751214,17.831483085958464,-1.3173547771142322
58,20,Max diversity rho,0.015323873789336735,0.4700200400801603,-0.044664400672790656,0.1993012291623384,3.5677718007174644,0.17838859003587318,9.587903226987896,-12.53531215532196,-0.04597898605373054,0.19949995217660618,3.4495985761849903,0.1724799288092495,9.604953961051411,-12.982779369889698
58,20,Log-det,0.015323873789336735,0.4700200400801603,0.0020622681610996973,0.060113619871383896,1.5488021432014727,0.07744010716007364,18.05645701501157,-1.0890466585359349,0.003299860568498732,0.061263222427680605,1.697903426562446,0.0848951713281223,18.01497747104743,-1.1030680080877258
58,20,Random,0.015323873789336735,0.4700200400801603,0.009291187638930182,0.15264796879242287,3.0089558888493255,0.1504477944424663,11.74731623044753,-6.602449003252952,0.010211474011278648,0.15537888952333703,3.1434053261610453,0.15717026630805228,11.469234236313662,-6.931650688408419
58,50,Paper (published),0.015323873789336735,0.4700200400801603,0.01724045006887954,0.0954433325288207,3.0589717852007268,0.06117943570401454,28.883153832322986,-17.509793782355224,0.019056923757988235,0.09664350770162417,2.873833626168557,0.05747667252337113,28.535268937888173,-18.780232565026374
58,50,Paper + swap,0.015323873789336735,0.4700200400801603,0.017318482786699212,0.09531218614234678,3.070425563638254,0.061408511272765066,28.91814292879509,-17.564700714174826,0.018823939712606944,0.09649725097525515,2.829658349815177,0.05659316699630355,28.567131852370547,-18.817760384771585
58,50,Max diversity |rho|,0.015323873789336735,0.4700200400801603,0.0100632455926821,0.08407558572330194,3.026269967015858,0.06052539934031716,31.376011749791648,-13.819495457318544,0.010966640158290363,0.08405655083659441,2.9037922119196797,0.0580758442383936,31.247857048563365,-14.629822817010194
58,50,Max diversity rho,0.015323873789336735,0.4700200400801603,-0.016250882440828982,0.16588113607367716,6.021713487333143,0.12043426974666281,15.902568441247478,-40.74593138372957,-0.017612946579204782,0.1686046788756825,5.952220093833263,0.11904440187666523,15.558588808637621,-43.19614013559981
58,50,Log-det,0.015323873789336735,0.4700200400801603,0.019064713553814512,0.09062112046531694,3.477920835914406,0.06955841671828811,31.030877507844423,-10.914706983849635,0.01971480919421338,0.09196347317293348,3.470349171829393,0.06940698343658785,30.567182611185565,-11.996040920638455
58,50,Random,0.015323873789336735,0.4700200400801603,0.013258870188671848,0.1530501477294886,5.830437368540245,0.11660874737080494,17.967206057509202,-31.44145099161704,0.012080931971197046,0.15788931086891247,6.345154879437966,0.1269030975887593,17.297615220402673,-33.778709243654426
59,10,Paper (published),0.0036663533294072053,0.4944128256513026,0.012512279587311293,0.05155908363658958,1.296713467893127,0.1296713467893127,9.655093426174686,-0.18521146215887288,0.009387891948087725,0.04456699255475984,1.2540537885581253,0.12540537885581254,9.686600976100415,-0.1702653581383286
59,10,Paper + swap,0.0036663533294072053,0.4944128256513026,0.003327707933407613,0.058519392467292236,1.2985701264617442,0.1298570126461744,9.568098927286275,-0.23993706522777342,0.005367559162738935,0.05085201189472162,1.2411174818438868,0.12411174818438868,9.604354246033962,-0.2234207244675066
59,10,Max diversity |rho|,0.0036663533294072053,0.4944128256513026,0.013168841759971763,0.05727664145876938,1.3684431228500558,0.13684431228500563,9.616998476214114,-0.2009191065833167,0.004853847722842006,0.04033379333549618,1.2636777937175,0.12636777937175006,9.742048726629541,-0.13659373425588361
59,10,Max diversity rho,0.0036663533294072053,0.4944128256513026,-0.09349313838298214,0.22699668560481762,3.0386652267923315,0.30386652267923314,5.542533857902849,-4.902609942693216,-0.09624813244975064,0.2347524052117917,3.1454768723493634,0.3145476872349363,5.345565401030538,-5.337239574122836
59,10,Log-det,0.0036663533294072053,0.4944128256513026,0.00976256479942153,0.04959124813689134,1.3024261532414998,0.13024261532414996,9.61801830664586,-0.2095960809607941,0.013730592855069999,0.043867864604267656,1.2986708169437873,0.12986708169437874,9.733051274075297,-0.14261061185183788
59,10,Random,0.0036663533294072053,0.4944128256513026,0.0582767287188184,0.17540831727208542,2.2854394191269924,0.22854394191269917,6.983448996202044,-2.4692337735563212,0.06375124284633184,0.17336087760066857,2.306487223767305,0.23064872237673048,6.979741905454345,-2.464741165732283
59,20,Paper (published),0.0036663533294072053,0.4944128256513026,-0.009624658474178259,0.07762307984576093,1.751282300530144,0.08756411502650718,16.648925834257238,-2.528951447867434,-0.011073360455524305,0.07715924745920748,1.6716333829810928,0.08358166914905465,16.613887966126967,-2.6430807334907898
59,20,Paper + swap,0.0036663533294072053,0.4944128256513026,-0.0077614041785685345,0.07958062420774104,1.7335019588355869,0.08667509794177934,16.572267321229837,-2.626897321242602,-0.009512263609161081,0.07826539943499691,1.6259308692081478,0.0812965434604074,16.567527974794693,-2.737924821376888
59,20,Max diversity |rho|,0.0036663533294072053,0.4944128256513026,-0.0010248489384839272,0.06734203909200977,1.8062397915073451,0.09031198957536728,17.223958492632896,-1.7450611173799326,0.0025983910962774338,0.06564668181028566,1.8208754368518116,0.0910437718425906,17.24931536138681,-1.788057432684845
59,20,Max diversity rho,0.0036663533294072053,0.4944128256513026,-0.04538899543563176,0.1843631231035612,3.9329899850251353,0.19664949925125674,10.04992102541685,-10.827994770289873,-0.04632910703698777,0.18405573079768162,3.792175142691064,0.18960875713455322,10.018896404662367,-11.103309508797933
59,20,Log-det,0.0036663533294072053,0.4944128256513026,0.002393862820077926,0.0729641089608367,1.9178368242465051,0.09589184121232522,17.28810110322427,-1.5220542967941741,0.001036007069848359,0.07187141396398175,1.8342477100541523,0.09171238550270762,17.410824488133557,-1.4915560231719969
59,20,Random,0.0036663533294072053,0.4944128256513026,-0.0014335076846650867,0.1428461111473665,2.634032221882242,0.1317016110941121,12.33859877344601,-7.558017809504443,-0.0034928413869921497,0.14676946903370194,2.822785537173665,0.14113927685868324,12.139332330482773,-7.779596980090708
59,50,Paper (published),0.0036663533294072053,0.4944128256513026,0.0016004950785207144,0.10166566253248417,3.2234488979075686,0.06446897795815139,27.03951608115803,-21.734240331853623,-0.00016539102530215507,0.10058604787150993,2.8409628837259127,0.05681925767451825,27.24230018834064,-22.53972971105729
59,50,Paper + swap,0.0036663533294072053,0.4944128256513026,0.0014781729113915133,0.1024835137754241,3.21523283057661,0.06430465661153219,26.81981787232027,-22.100014047819375,0.00038084677141689256,0.10163853827303068,2.803264662963114,0.056065293259262274,26.997507656636518,-22.97518219774009
59,50,Max diversity |rho|,0.0036663533294072053,0.4944128256513026,-0.00326733690324847,0.09237189531348533,3.5180918898445173,0.07036183779689036,29.129339880976193,-16.397234019366735,-0.0025898906177679103,0.08991404932607909,3.0641652791012066,0.06128330558202413,29.45492479565586,-17.302798646443765
59,50,Max diversity rho,0.0036663533294072053,0.4944128256513026,-0.017781894917935536,0.17579697321940296,7.0611853583753295,0.1412237071675066,14.69228306775067,-57.82386812400647,-0.01843259818526876,0.1776072020692159,7.009140025875164,0.1401828005175033,14.365359648859334,-60.05454066050261
59,50,Log-det,0.0036663533294072053,0.4944128256513026,0.005309511633263431,0.0965215438405585,3.689748081166001,0.07379496162332001,29.133091354200698,-14.944516234149988,0.006006923842610844,0.09635830645453088,3.4743021817555975,0.06948604363511195,29.139232542049726,-15.656299583724685
59,50,Random,0.0036663533294072053,0.4944128256513026,0.011810428715818973,0.14474107525131424,5.141223233890333,0.10282446467780668,19.01156330961408,-35.40968869378389,0.013151224772111548,0.14617561895565262,5.135086388196292,0.10270172776392586,18.8146434439993,-37.230342260682825
60,10,Paper (published),0.03717996804804026,0.45561523046092184,-0.006942567667912493,0.020375646857716288,1.136231414908494,0.11362314149084934,9.931545567453561,-0.03430820076315549,-0.006181093880160049,0.02237978470998132,1.1174133183179498,0.11174133183179502,9.925373900966838,-0.038613072955636187
60,10,Paper + swap,0.03717996804804026,0.45561523046092184,-0.007464163688914528,0.020789157276974755,1.131869326452542,0.11318693264525419,9.929372523045208,-0.03542061810628354,-0.0072499521913863664,0.026943354233549096,1.1132380710794911,0.11132380710794909,9.903160880291802,-0.05079382834486387
60,10,Max diversity |rho|,0.03717996804804026,0.45561523046092184,0.00353829234591736,0.021833850248300445,1.1653202273645376,0.11653202273645376,9.931434630877824,-0.03359173915603063,0.0009733958104103448,0.016321687312242802,1.1061703777645222,0.11061703777645222,9.951383056025243,-0.024712250655734718
60,10,Max diversity rho,0.03717996804804026,0.45561523046092184,-0.09811347869921883,0.3206837964400116,4.2254395389744195,0.42254395389744187,4.163790391840714,-6.8841944773335975,-0.09982906741116829,0.3207277244056184,4.213576571286904,0.42135765712869044,4.156845230184987,-7.302683637413501
60,10,Log-det,0.03717996804804026,0.45561523046092184,-0.001417432606329823,0.015180984437998443,1.1280134530946835,0.11280134530946835,9.966388281577956,-0.016337578300041684,-0.003996110033619798,0.015634812825602456,1.1248831576441605,0.11248831576441609,9.965357512177189,-0.017115780811906182
60,10,Random,0.03717996804804026,0.45561523046092184,0.08227928038423575,0.36549422426163497,4.90961927594665,0.49096192759466495,3.5815503417876413,-5.020240986753842,0.0781766315837195,0.3896586488390138,5.074548831553303,0.5074548831553304,3.398354481505522,-5.395825578844614
60,20,Paper (published),0.03717996804804026,0.45561523046092184,-0.004371767166671788,0.028683433286696907,1.363806003824812,0.0681903001912406,19.363217459489263,-0.31751720979317083,-0.0032253748816250907,0.03499353181361139,1.360938617279739,0.06804693086398697,19.16860424281688,-0.4457954545397294
60,20,Paper + swap,0.03717996804804026,0.45561523046092184,-0.004905915759775849,0.027016868123204477,1.3438449833616433,0.06719224916808217,19.40195541809083,-0.30062863803216283,-0.004743550137021106,0.03430423153047179,1.3456183202069525,0.06728091601034758,19.187713965652005,-0.43140302825059595
60,20,Max diversity |rho|,0.03717996804804026,0.45561523046092184,0.0015307698675231418,0.02185194460542223,1.3314848465500055,0.06657424232750027,19.67476068099492,-0.15140953018587844,0.004886232219004697,0.02898975732744538,1.3237519796822699,0.0661875989841135,19.4804457707142,-0.27016655098422754
60,20,Max diversity rho,0.03717996804804026,0.45561523046092184,-0.04699770614793399,0.41169085252888454,9.84531839161485,0.4922659195807425,3.695222028095505,-21.272345955705838,-0.04781652708924216,0.42003176721540103,10.026415661965522,0.5013207830982763,3.580311034372204,-22.005092021639637
60,20,Log-det,0.03717996804804026,0.45561523046092184,-0.0004127717869682519,0.021463708130377932,1.3537746742007264,0.06768873371003632,19.681566653542053,-0.14702378889797063,0.0005515059540913745,0.030631587901743536,1.3583336527100198,0.06791668263550098,19.45682298760725,-0.2759951152769859
60,20,Random,0.03717996804804026,0.45561523046092184,0.0721209329052942,0.1844531592078547,5.2237362383631005,0.26118681191815507,8.571016945777538,-9.992521135988161,0.08053212067050107,0.19140398107731096,5.394012401276084,0.26970062006380424,8.303122628814107,-10.420396448002398
60,50,Paper (published),0.03717996804804026,0.45561523046092184,-0.0002808606185271175,0.047970302031902806,2.431869586071632,0.04863739172143263,36.70024725683531,-8.85719140886795,0.0002555867010138944,0.055582568791754404,2.2727754207548294,0.045455508415096595,36.06269687741165,-9.88582736016611
60,50,Paper + swap,0.03717996804804026,0.45561523046092184,-0.002266363906193759,0.04939706638661063,2.471245775098998,0.04942491550197995,36.604740705367036,-8.728802088845915,-0.0018191239551188973,0.05635905870457721,2.266220058384122,0.04532440116768245,36.04169383493001,-9.676491976378998
60,50,Max diversity |rho|,0.03717996804804026,0.45561523046092184,0.004334304013876034,0.043193142350637426,2.5583283143271505,0.05116656628654301,37.52991584445478,-8.412750351876172,0.004925518870314469,0.05084946450603858,2.3974555464107294,0.04794911092821459,36.85383789493752,-9.432742833610238
60,50,Max diversity rho,0.03717996804804026,0.45561523046092184,-0.017327483272203664,0.34168299661714024,20.207587715389444,0.40415175430778894,5.310451365391496,-64.37777048742345,-0.01824879326748626,0.34688272606442827,20.46087584079236,0.4092175168158473,5.196818073007223,-66.83461189854569
60,50,Log-det,0.03717996804804026,0.45561523046092184,-0.0011485948818653327,0.05520169725635038,2.9917322245255713,0.05983464449051143,39.258516875983595,-4.534837879150689,-0.000691422125372469,0.06088357841946042,3.1576161403350014,0.06315232280670002,38.17230993604097,-5.709328484940064
60,50,Random,0.03717996804804026,0.45561523046092184,0.03941892670649837,0.17518119191825038,10.276697819400542,0.2055339563880109,13.283558705117468,-34.859935262972776,0.04217653975284157,0.1794907211084293,10.527291975660262,0.21054583951320524,12.80150260392409,-37.08231822240881
61,10,Paper (published),0.034642051712051855,0.44218837675350703,-0.006954243058554921,0.04299942588897869,1.2422248671649643,0.12422248671649642,9.764495157787644,-0.12734029793774615,-0.003406688041476443,0.037521025952382256,1.1948244349276111,0.11948244349276116,9.790605244366162,-0.1132751919008104
61,10,Paper + swap,0.034642051712051855,0.44218837675350703,-0.005426599210492445,0.04496919978590209,1.234006117721952,0.12340061177219515,9.745006599456445,-0.1413008371393463,-0.0016753489478793552,0.04034205947862043,1.181677297488411,0.11816772974884104,9.764003653289867,-0.1298026249329469
61,10,Max diversity |rho|,0.034642051712051855,0.44218837675350703,-0.00918337557927629,0.03003212217370265,1.1812043586675052,0.11812043586675051,9.871818064313855,-0.06505515681744865,-0.010628789271484598,0.02736356538970445,1.1693238729695792,0.11693238729695798,9.90694796055809,-0.047566386595448304
61,10,Max diversity rho,0.034642051712051855,0.44218837675350703,-0.09432366893721891,0.21698775870445075,2.813016611182553,0.28130166111825533,5.996447387132297,-4.22961979649476,-0.09567192994347956,0.22276271597463,2.8222101120494942,0.2822210112049494,5.920113730527861,-4.491414304965088
61,10,Log-det,0.034642051712051855,0.44218837675350703,-0.004751249915098916,0.03243972693579108,1.2172628838504487,0.12172628838504491,9.849623444612341,-0.07675178327040194,-0.00984129319832487,0.028633182919901145,1.1584040471125479,0.1158404047112548,9.890986781386696,-0.055268905049732045
61,10,Random,0.034642051712051855,0.44218837675350703,0.008039643919255319,0.16927924056332547,2.3481274456154946,0.23481274456154946,6.977503151903034,-2.301293416427002,0.002591404443089989,0.16339049671862016,2.337028442884558,0.2337028442884558,7.053185662097958,-2.273099214239498
61,20,Paper (published),0.034642051712051855,0.44218837675350703,0.004010293474781958,0.056588597925777896,1.6434486701756326,0.08217243350878164,18.140825319043266,-1.0647063072176206,0.004750472071735442,0.05604831969612297,1.5607773100692925,0.07803886550346462,18.15612681139694,-1.0865530400811714
61,20,Paper + swap,0.034642051712051855,0.44218837675350703,0.00676055499423443,0.05630168019969228,1.543826755948699,0.07719133779743491,18.183106191816204,-1.0346788254115427,0.004079897502115113,0.056771176132043556,1.4975205577340671,0.07487602788670338,18.159749050754275,-1.090349961338549
61,20,Max diversity |rho|,0.034642051712051855,0.44218837675350703,-0.0013717594106467236,0.04437595504237255,1.524413991539395,0.07622069957696974,18.74302747278615,-0.641161532112828,-0.002707200064623158,0.04465565511592688,1.5053280996000833,0.07526640498000418,18.696810029658828,-0.6866825142816432
61,20,Max diversity rho,0.034642051712051855,0.44218837675350703,-0.04612378475800198,0.28575929698083863,5.759495846285265,0.2879747923142632,6.433406902269666,-19.13184691418239,-0.04711741643698022,0.2861424650406076,5.781739760763019,0.28908698803815086,6.440596151962664,-19.26435565301383
61,20,Log-det,0.034642051712051855,0.44218837675350703,-0.003930540519032001,0.047214577872669014,1.6398241904418251,0.08199120952209123,18.690172082544304,-0.6355096434565891,-0.0006599214390449567,0.04592093015613642,1.5022469222577526,0.0751123461128876,18.77033023150986,-0.6319141261907941
61,20,Random,0.034642051712051855,0.44218837675350703,0.05646643632429765,0.16689814367767847,3.62507992435185,0.18125399621759247,10.937176050416264,-7.02350667478323,0.058862030311409665,0.16532951258775172,3.5518200682465615,0.17759100341232809,11.003312795168105,-7.038997430414522
61,50,Paper (published),0.034642051712051855,0.44218837675350703,0.008428172785205261,0.07483311668826705,2.8051106813728377,0.056102213627456765,33.46301562837201,-12.205630419118313,0.008207059442843,0.07617950523860298,2.5471141569869635,0.05094228313973928,33.21550414250552,-13.008769386442395
61,50,Paper + swap,0.034642051712051855,0.44218837675350703,0.006945095314985296,0.07397902286505723,2.751467054958692,0.05502934109917385,33.871203208732766,-11.302216586785217,0.0073646071615660336,0.07572501232523612,2.4958694957550005,0.04991738991510001,33.48882522613633,-12.28565373226413
61,50,Max diversity |rho|,0.034642051712051855,0.44218837675350703,0.003670896620430533,0.06683581078241578,2.858752772459101,0.05717505544918203,34.8256130791803,-10.31550753819525,0.0038710231053123764,0.06838433960945889,2.6126851863320555,0.05225370372664111,34.4624400639087,-11.392388623306127
61,50,Max diversity rho,0.034642051712051855,0.44218837675350703,-0.01733598013914098,0.22654263986577378,11.047873993791143,0.22095747987582276,10.302772108315592,-56.46380996612711,-0.018076581995803177,0.2282638871507334,11.08372094996136,0.22167441899922727,10.268504410283152,-58.11191186827018
61,50,Log-det,0.034642051712051855,0.44218837675350703,0.00019856442752546772,0.07568656093999114,3.314128918818813,0.06628257837637627,34.8241239498226,-7.519883692724839,-0.0010257393813524964,0.07640836149810959,3.182516371047823,0.06365032742095644,34.65869575318358,-8.30075307380725
61,50,Random,0.034642051712051855,0.44218837675350703,0.05937199563581952,0.16394661586067236,8.128088216987017,0.16256176433974037,15.585171275950023,-36.4570311056291,0.056201474939420355,0.16459477551692603,8.069893077470518,0.16139786154941035,15.558164318212873,-38.02781810765084
62,10,Paper (published),0.050068208488130136,0.41263326653306615,-0.015783480735126625,0.06199169029723382,1.4044547870477535,0.14044547870477536,9.482488666409438,-0.280351031042748,-0.01109070051341635,0.055688631441715056,1.2644209572740581,0.12644209572740578,9.571468365731851,-0.2489466911716985
62,10,Paper + swap,0.050068208488130136,0.41263326653306615,0.013023574483006513,0.05404614820368964,1.2862945835778714,0.1286294583577871,9.595591982223361,-0.22579720443050805,0.007343525731740902,0.051941689298070415,1.2198171925478474,0.12198171925478477,9.638672224081189,-0.210099877199882
62,10,Max diversity |rho|,0.050068208488130136,0.41263326653306615,0.0006640245138878372,0.04855005989207507,1.2639270283805022,0.1263927028380502,9.691782872251798,-0.1681276659678061,0.002163296829928825,0.04144044323770524,1.2271262586661684,0.12271262586661684,9.72742879497758,-0.1462855347044072
62,10,Max diversity rho,0.050068208488130136,0.41263326653306615,-0.09759353960320435,0.32384404975315995,4.03172044128074,0.40317204412807406,4.540368603467323,-4.944872947027017,-0.09804964598353139,0.3202292354050394,3.994429905838622,0.39944299058386235,4.592498430751938,-4.976110753851591
62,10,Log-det,0.050068208488130136,0.41263326653306615,0.019300034820845562,0.049447357435513435,1.3286582197726577,0.1328658219772658,9.655421778268535,-0.19089765847730292,0.006696702626999023,0.045725843355174836,1.2228571878857333,0.12228571878857333,9.751897887376712,-0.13801150947529658
62,10,Random,0.050068208488130136,0.41263326653306615,0.1281071132210316,0.2969044002236575,3.8712181585427743,0.3871218158542774,4.869491735411804,-3.8182407375277476,0.13521075979506555,0.31190641729196666,3.97485730191888,0.39748573019188804,4.6931697098742085,-4.00280480368868
62,20,Paper (published),0.050068208488130136,0.41263326653306615,0.00464179516744673,0.0855207042887951,1.7923406287325303,0.08961703143662651,16.559426076825215,-2.622830772372931,0.0027746868499369253,0.0843149173280924,1.6937193643377593,0.084685968216888,16.590518300583575,-2.692652328368582
62,20,Paper + swap,0.050068208488130136,0.41263326653306615,0.004607766733340861,0.08366624867026169,1.745242747172155,0.08726213735860774,16.626174403322565,-2.4819044090691507,0.004363731787491997,0.08328032295968463,1.6320320924373284,0.08160160462186639,16.698355403568105,-2.5081588441298557
62,20,Max diversity |rho|,0.050068208488130136,0.41263326653306615,-0.0007022859339645314,0.07415762897497159,1.7567281143655078,0.08783640571827539,16.936262650296264,-1.9977046615453502,-0.0014818853024764478,0.06906291165050386,1.7856690695624677,0.08928345347812337,17.074373887865466,-1.9493966996795937
62,20,Max diversity rho,0.050068208488130136,0.41263326653306615,-0.04687098268892686,0.25062017570217626,5.8059493127493,0.2902974656374649,7.411018640038627,-13.525477992238566,-0.04768679235062411,0.24920696514535945,5.870624904456774,0.2935312452228387,7.413267585093707,-13.896029557866685
62,20,Log-det,0.050068208488130136,0.41263326653306615,-0.003359359545269221,0.07512484481778728,1.7993642253463766,0.08996821126731883,17.144175765014598,-1.7665381601507797,-0.003322906893878156,0.07197444367905409,1.797796367769845,0.08988981838849226,17.279252338565293,-1.672864457623609
62,20,Random,0.050068208488130136,0.41263326653306615,0.007979266878738163,0.20721169114322502,5.032332860410529,0.25161664302052655,8.94010797924474,-9.616158572336765,0.009216060546099714,0.2060511170671921,5.023260822533651,0.25116304112668264,8.967280802611178,-9.777240481891727
62,50,Paper (published),0.050068208488130136,0.41263326653306615,0.005125184842891252,0.10824731581032332,3.2069023373925987,0.06413804674785198,26.37855425388898,-23.69375593548906,0.005417597618454128,0.10849603759667296,3.0113289568263237,0.06022657913652648,26.258295274089285,-25.04845474241794
62,50,Paper + swap,0.050068208488130136,0.41263326653306615,0.006107810660669975,0.10993630290915235,3.316090485409167,0.06632180970818333,25.947418825330445,-25.49448091350075,0.006618105112330791,0.11000019896361103,2.939027728408573,0.058780554568171474,25.864568794294833,-26.683380972863706
62,50,Max diversity |rho|,0.050068208488130136,0.41263326653306615,0.0039917073706809605,0.09772591352210006,3.2814554698638214,0.06562910939727644,28.126826100525594,-19.09084279324696,0.004597259522143178,0.09815443925169587,3.16036785444797,0.06320735708895941,27.866783798469378,-20.266977883819717
62,50,Max diversity rho,0.050068208488130136,0.41263326653306615,-0.01857784782415375,0.28814841207514874,15.846684329640532,0.3169336865928106,7.776134126751435,-65.23755687927739,-0.018905897048889623,0.29054246861816474,15.975888172653871,0.3195177634530775,7.6974376922113015,-67.42218928029313
62,50,Log-det,0.050068208488130136,0.41263326653306615,0.007320011134427491,0.10444578235374738,3.9146755108372178,0.07829351021674433,27.332322299932333,-17.303200073661255,0.007695795384044748,0.10538389855726035,3.86068777091535,0.07721375541830701,26.907549006435378,-18.386108797231884
62,50,Random,0.050068208488130136,0.41263326653306615,0.10722952849585451,0.23683953928811644,13.376429594566691,0.2675285918913338,10.115737032298998,-48.64568660964095,0.10826334009496136,0.24141460731884123,13.669538154822934,0.27339076309645866,9.810379259603911,-50.719014350808344
63,10,Paper (published),0.05103071330369063,0.4297394789579158,0.020603296750929236,0.08217390153317429,1.4116571871575319,0.14116571871575317,9.22432489473609,-0.5191466307927164,0.011316645376277546,0.07310443455661793,1.3670786273247288,0.13670786273247287,9.333621069170244,-0.44241879157414865
63,10,Paper + swap,0.05103071330369063,0.4297394789579158,0.015169462124914797,0.057683087344869564,1.3662532207578046,0.13662532207578043,9.524987609800702,-0.26077670422329774,0.019485832303759994,0.06079064177298126,1.2952694796212145,0.12952694796212144,9.473968126641877,-0.3056975972034921
63,10,Max diversity |rho|,0.05103071330369063,0.4297394789579158,-0.006477966405657378,0.057714379280342315,1.3551522760850157,0.13551522760850154,9.565656341866594,-0.23992083191879585,-0.0006493596986472636,0.04700923388961907,1.2983707754048321,0.12983707754048326,9.640347575146013,-0.19337321598670834
63,10,Max diversity rho,0.05103071330369063,0.4297394789579158,-0.09928684723034503,0.3317403221268757,4.159608296295738,0.41596082962957387,4.33291610593967,-5.723242227989893,-0.1000340435019136,0.3387686071018444,4.174836334024337,0.41748363340243383,4.289818021118353,-5.910138742998713
63,10,Log-det,0.05103071330369063,0.4297394789579158,-4.6054960244099055e-05,0.054615209664027504,1.3171401898231956,0.13171401898231958,9.62437997266235,-0.20381764831497817,0.002365162909880212,0.051768847318502176,1.3366886912392568,0.1336688691239257,9.662749309541317,-0.17596183161105586
63,10,Random,0.05103071330369063,0.4297394789579158,-0.03838352177837321,0.22335555794819884,3.290181474438258,0.3290181474438257,5.880422171166215,-2.6197365629703286,-0.0398025355719098,0.22962303959667926,3.3572841667868056,0.33572841667868053,5.730288101820047,-2.8062478875219474
63,20,Paper (published),0.05103071330369063,0.4297394789579158,0.013080205642276042,0.09612527613781967,1.9711164082080408,0.09855582041040202,15.828950080660247,-3.185148807048896,0.014460023975723716,0.09349964845865198,1.8055589656124162,0.0902779482806208,15.930568719230427,-3.282103892227207
63,20,Paper + swap,0.05103071330369063,0.4297394789579158,0.012018099969694706,0.093149941510579,1.9130401414433147,0.09565200707216572,15.934830594001081,-3.0590316538399205,0.015107509298582065,0.09091893293578815,1.7475862873624952,0.08737931436812478,16.039297566433373,-3.1058211152199524
63,20,Max diversity |rho|,0.05103071330369063,0.4297394789579158,-0.004533764845640185,0.0842224828509981,1.9373029107576778,0.09686514553788389,16.030572866031818,-2.7869300922881703,-0.004523758316209274,0.08038550485956136,1.9096775077869712,0.0954838753893486,16.110072025191066,-2.74874407149503
63,20,Max diversity rho,0.05103071330369063,0.4297394789579158,-0.04835833695274937,0.4913006267570426,10.414815991357823,0.5207407995678911,3.4032616224896994,-20.225792733956624,-0.04887329474865202,0.49820586664259264,10.549516545547984,0.5274758272773993,3.3349217183919375,-20.6540953566396
63,20,Log-det,0.05103071330369063,0.4297394789579158,0.0017060072670933744,0.08483088419038583,1.9638177385156992,0.09819088692578494,16.37338984341701,-2.349141328294783,0.0015422293654563017,0.08494463513177929,1.9663875670697495,0.09831937835348752,16.465083103091782,-2.3082203297436115
63,20,Random,0.05103071330369063,0.4297394789579158,0.01608583453399369,0.33324404609789243,7.837050337932128,0.39185251689660633,5.29011617349224,-14.11188987988277,0.014599699392398002,0.3319394180228724,7.806808095154111,0.3903404047577055,5.303800786975524,-14.509536945478459
63,50,Paper (published),0.05103071330369063,0.4297394789579158,0.0010625578138792717,0.11897426221863361,3.520851152992285,0.07041702305984571,23.69014237118028,-29.06625032206174,0.0020868342314736225,0.12090612304756147,3.3587875469841433,0.06717575093968285,23.326238877859833,-30.893152821018603
63,50,Paper + swap,0.05103071330369063,0.4297394789579158,0.008245183962466533,0.11830180090033604,3.375052905685397,0.06750105811370793,23.785793948821766,-29.25824838084614,0.009636895716739332,0.12142725958750537,3.2978967377322133,0.06595793475464425,23.2965108711406,-31.21020264227825
63,50,Max diversity |rho|,0.05103071330369063,0.4297394789579158,0.00013778883899020878,0.11100039608231146,3.5588772206989643,0.07117754441397928,24.67545278330392,-25.875550530656653,0.0007599318892587047,0.11159522338512237,3.6167523392562337,0.07233504678512466,24.425112174276745,-27.190419599120982
63,50,Max diversity rho,0.05103071330369063,0.4297394789579158,-0.01873819847086744,0.3737084988384555,20.574962185788117,0.41149924371576235,5.215165627340864,-72.67892297554523,-0.018957165664570244,0.3763784059910529,20.75497993473603,0.4150995986947207,5.124729776459979,-75.49846199114047
63,50,Log-det,0.05103071330369063,0.4297394789579158,0.004651951847028843,0.11833791089675563,4.8986017154572785,0.09797203430914554,24.024467785731776,-20.906423262082082,0.006011424914088515,0.12145146431517015,5.003259973759507,0.1000651994751901,23.541255748046304,-22.037892113320744
63,50,Random,0.05103071330369063,0.4297394789579158,0.09798844287057284,0.2979422742134894,16.865853203785257,0.337317064075705,7.151972556506601,-57.53357114302218,0.09543149155892025,0.2993648617123974,16.863633993518743,0.3372726798703746,7.118859949464072,-60.087549281770585
64,10,Paper (published),0.008158636840296989,0.4894909819639279,-0.00949482994370793,0.05277433379727552,1.3504906541307304,0.13504906541307307,9.661272256977401,-0.17791745948109047,-0.009631066926097725,0.043651678691270256,1.2128005352252962,0.12128005352252962,9.744043582530269,-0.14056994184229404
64,10,Paper + swap,0.008158636840296989,0.4894909819639279,-0.004569580509742576,0.04981092470282464,1.2855379232806168,0.1285537923280617,9.688938391539992,-0.16727541119079756,-0.006384366893627849,0.042185270549367666,1.205782629409923,0.12057826294099228,9.743778445273861,-0.14066835945362605
64,10,Max diversity |rho|,0.008158636840296989,0.4894909819639279,-0.0004531513836746426,0.03515568673902644,1.2677330670572182,0.1267733067057218,9.829670093643154,-0.08515834234696987,-0.008669257955952612,0.026816780617515877,1.1616569958957148,0.11616569958957146,9.902328225137351,-0.048587360726828004
64,10,Max diversity rho,0.008158636840296989,0.4894909819639279,-0.09552938958323456,0.24036769309288242,3.011701459340786,0.3011701459340786,5.666516035345866,-4.236434519595075,-0.0951836844150243,0.23907549261673963,3.0396660185044886,0.3039666018504488,5.686886726861176,-4.141389670462966
64,10,Log-det,0.008158636840296989,0.4894909819639279,0.0019110948842327373,0.04080264336243207,1.2396769876819684,0.12396769876819684,9.787425096762812,-0.1122433167200412,-0.002449422447914887,0.02394456016123494,1.1673001204964608,0.11673001204964609,9.906547412207335,-0.046529955037811675
64,10,Random,0.008158636840296989,0.4894909819639279,0.03354414556427591,0.12236300328312576,2.1132495509842326,0.21132495509842322,8.099107547627833,-1.0931227428494983,0.03290263405556404,0.12441781609317024,2.0567731132856597,0.205677311328566,8.08927965061477,-1.14257829953607
64,20,Paper (published),0.008158636840296989,0.4894909819639279,-0.006014595821493199,0.05715566483769114,1.6525642377029246,0.08262821188514621,18.21903731748828,-1.0032973957483118,-0.005822309709841578,0.056877564085489385,1.5240980575347471,0.07620490287673738,18.233334378373023,-1.040098092216833
64,20,Paper + swap,0.008158636840296989,0.4894909819639279,-0.008033253311882541,0.05782570022669806,1.606708889638163,0.08033544448190816,18.04826514613947,-1.1562592924034851,-0.00865456132333564,0.05714467240642247,1.4948761051872208,0.07474380525936104,18.083858885380472,-1.1775933447034646
64,20,Max diversity |rho|,0.008158636840296989,0.4894909819639279,0.0070011771558197,0.047819732000215415,1.5340651660228657,0.07670325830114326,18.656894081071403,-0.7196994966072005,0.0022117764907133497,0.04467774095519264,1.4842548263243487,0.07421274131621745,18.674399157200344,-0.7359148722852141
64,20,Max diversity rho,0.008158636840296989,0.4894909819639279,-0.04450617236410531,0.16480388237510302,3.311116314171985,0.16555581570859926,10.807716908963545,-10.030096907802633,-0.04553630549465261,0.16743802203316666,3.363396354580316,0.16816981772901582,10.63215954382055,-10.462036602781778
64,20,Log-det,0.008158636840296989,0.4894909819639279,-0.003508075517314934,0.05242494067907799,1.653931566619509,0.08269657833097546,18.51684096447144,-0.752864602081087,-0.0029376226157874414,0.049991632130407734,1.5041586089671997,0.07520793044835997,18.68821380188711,-0.6792797466905612
64,20,Random,0.008158636840296989,0.4894909819639279,-0.009521926284805719,0.12740900151502707,2.6798755071829885,0.13399377535914941,13.016466105917234,-5.343926228789855,-0.009000617735740226,0.12673763261958873,2.610454093594855,0.13052270467974275,13.132380254104808,-5.242197883990903
64,50,Paper (published),0.008158636840296989,0.4894909819639279,0.0050662844134794546,0.07381315735546247,2.754945043480053,0.055098900869601064,32.8578205136227,-12.58333320316347,0.00501251982475729,0.0751741499675457,2.479180861960343,0.049583617239206866,32.8077774889345,-13.470987455430668
64,50,Paper + swap,0.008158636840296989,0.4894909819639279,0.008634577350050148,0.07506714639453511,2.7679068484829488,0.05535813696965896,32.48067428995998,-12.944718967926917,0.007946130125758016,0.07646028765235392,2.465398722909492,0.04930797445818984,32.49968144537067,-13.752758055603215
64,50,Max diversity |rho|,0.008158636840296989,0.4894909819639279,0.007196835377655194,0.06370960392764896,2.7204642644595403,0.054409285289190805,34.85848568980877,-10.16029922234301,0.0053888277576181415,0.06561654524676072,2.703714980812054,0.054074299616241085,34.30801636302466,-11.187978415524185
64,50,Max diversity rho,0.008158636840296989,0.4894909819639279,-0.016605454070931284,0.15545876593693314,5.6523981700812325,0.11304796340162467,16.486953720712357,-46.23892397374753,-0.017735100427940912,0.15588457397670064,5.673814188064309,0.11347628376128621,16.35924978534468,-47.72504804237161
64,50,Log-det,0.008158636840296989,0.4894909819639279,0.0050562077683253435,0.07152777203110715,3.326510666769349,0.066530213335387,35.26621957888886,-7.659067088270499,0.003808122785011325,0.07260671474155922,3.054172444123969,0.06108344888247937,35.290982043404206,-8.33719032236114
64,50,Random,0.008158636840296989,0.4894909819639279,0.008366253107032406,0.15006346998269832,6.107277693413835,0.12214555386827668,17.957535455743198,-33.438435534427036,0.007220085528457262,0.15122901248488235,6.327738264761537,0.12655476529523077,17.76125651101874,-34.350714609936134
65,10,Paper (published),0.015450938978865677,0.4661563126252505,0.004205353531507727,0.034195685856644,1.225290801457262,0.12252908014572624,9.827129829956277,-0.08529918675506791,-0.0004066095044333557,0.029558433373563196,1.1899074780647347,0.11899074780647345,9.852478467836697,-0.07608680889404948
65,10,Paper + swap,0.015450938978865677,0.4661563126252505,-0.006179557751656617,0.02661473595608252,1.2405708035589018,0.1240570803558902,9.889702396462434,-0.05233118691491339,0.0026193282047720875,0.022194645671382206,1.109135825049828,0.11091358250498276,9.926381052983984,-0.03857862760901268
65,10,Max diversity |rho|,0.015450938978865677,0.4661563126252505,-0.002789464024769925,0.021698146533008056,1.1511161802314498,0.11511161802314494,9.928233077621565,-0.035618866494250695,-0.0018566433297735987,0.016856756728234924,1.1100622638890567,0.11100622638890568,9.950281791291667,-0.025097934997203704
65,10,Max diversity rho,0.015450938978865677,0.4661563126252505,-0.09374227203802851,0.2592336934146451,2.8205287237574526,0.28205287237574533,4.932101721065693,-7.002070564716668,-0.09543837749062664,0.26266018635254185,2.876930519490683,0.2876930519490683,4.897536500349936,-7.201866290525615
65,10,Log-det,0.015450938978865677,0.4661563126252505,0.002727927995445137,0.026317305711292125,1.2030829788324655,0.12030829788324655,9.893320543444311,-0.05165529350098991,0.004960185187047261,0.0188572610740443,1.1239675209259388,0.11239675209259392,9.950884094945508,-0.02467713423256508
65,10,Random,0.015450938978865677,0.4661563126252505,-0.03014724673688847,0.22225613743137365,2.852154767141933,0.2852154767141934,6.1862548418976875,-2.588647631732618,-0.03501055548508179,0.22888616349472105,2.8831121808280167,0.28831121808280163,6.1395350655585945,-2.6674905766952604
65,20,Paper (published),0.015450938978865677,0.4661563126252505,0.0063119570837604985,0.04304693989780357,1.5795410509909087,0.07897705254954542,18.659750455609796,-0.6955116028739692,0.0033466042970262677,0.04266263336011555,1.4654706259555774,0.07327353129777887,18.638826638490002,-0.7659019297233394
65,20,Paper + swap,0.015450938978865677,0.4661563126252505,-0.00107791276456559,0.03975212530867829,1.489929251008109,0.07449646255040544,18.845243399379797,-0.5922785394446521,0.000311110945596446,0.04201416541599355,1.4103018264482436,0.07051509132241221,18.762731409383115,-0.6871418474087542
65,20,Max diversity |rho|,0.015450938978865677,0.4661563126252505,0.00405718221168095,0.029536390948689633,1.432623736955548,0.0716311868477774,19.400683159570438,-0.2839354567008696,0.002574912466124359,0.031646022055248156,1.398294130356611,0.06991470651783056,19.319480499201376,-0.3532827469397367
65,20,Max diversity rho,0.015450938978865677,0.4661563126252505,-0.043452929518893,0.23687859825124385,4.384019473084849,0.2192009736542424,7.711399133927677,-15.396887843833284,-0.04521922314595487,0.24395919211444766,4.58858540029146,0.22942927001457286,7.475914816648822,-15.985131373552777
65,20,Log-det,0.015450938978865677,0.4661563126252505,0.00753205629874869,0.029984627577346032,1.4603181004551495,0.07301590502275748,19.4273944896275,-0.2651346023333983,0.004609438453304013,0.03473288577832017,1.4675075942261704,0.07337537971130854,19.281894021908972,-0.3574081403671344
65,20,Random,0.015450938978865677,0.4661563126252505,0.02458247144742991,0.20614593782661442,4.648511847669859,0.23242559238349295,9.103915571201817,-8.473539998955594,0.026698926276101414,0.20756305345316794,4.5667567443364865,0.22833783721682432,9.061032892427646,-8.846365718916415
65,50,Paper (published),0.015450938978865677,0.4661563126252505,0.0051591047900039055,0.05521097201706527,2.6500256377282825,0.05300051275456565,38.353566745964066,-6.103052420819726,0.004675061646035301,0.059672591203888625,2.491617740177885,0.049832354803557716,37.5100788752519,-7.256207591830725
65,50,Paper + swap,0.015450938978865677,0.4661563126252505,0.003204426830119506,0.0529105113085904,2.5871091353499933,0.051742182706999866,38.927978284395195,-5.7882208342599135,0.0016839407466456746,0.057740527913666385,2.3712640318432556,0.04742528063686511,38.09971273753534,-6.952818228556836
65,50,Max diversity |rho|,0.015450938978865677,0.4661563126252505,0.0021340460586633373,0.04793292955877455,2.652240202433952,0.053044804048679055,39.78991641985691,-5.586580583895013,0.0036482824993827865,0.05277007181893712,2.5033788536820905,0.05006757707364181,39.051227299198786,-6.608315161195071
65,50,Max diversity rho,0.015450938978865677,0.4661563126252505,-0.016220777084608975,0.21558620840762133,9.382288967983701,0.18764577935967403,10.775614361640608,-53.64028788530509,-0.017635900416416352,0.22158473822922262,9.850471975951322,0.1970094395190264,10.343085157399964,-55.89871557426946
65,50,Log-det,0.015450938978865677,0.4661563126252505,0.003938869101803242,0.0523221825340672,3.09168583131303,0.0618337166262606,40.65201783696075,-3.6684119135309134,0.004005033834903759,0.05775081781177628,2.9170559926994146,0.05834111985398831,39.442668227108776,-4.920540421255318
65,50,Random,0.015450938978865677,0.4661563126252505,0.005986571635180202,0.15018541386205994,8.044537364669347,0.16089074729338693,17.50807554022112,-21.31602629293072,0.007588423775407162,0.15696123717810323,8.309016840462306,0.16618033680924613,16.726561635671967,-23.487590718540275
66,10,Paper (published),0.0491258425564126,0.4195190380761523,-0.0009696287647881435,0.030630930864117042,1.2115618089851417,0.12115618089851414,9.856712344715378,-0.07305877977259845,-0.003801103175565025,0.030099257635027514,1.1784999206558193,0.11784999206558189,9.864291064929853,-0.0685148570902732
66,10,Paper + swap,0.0491258425564126,0.4195190380761523,-0.0014417124557079466,0.01839864755421629,1.1633690358657622,0.11633690358657624,9.94800181905126,-0.025019459560028216,-0.005771757304078324,0.027373912044175323,1.114813510389972,0.11148135103899721,9.899127070407694,-0.053208148172968095
66,10,Max diversity |rho|,0.0491258425564126,0.4195190380761523,0.013830128061074682,0.022611989233922703,1.2045388541213258,0.12045388541213257,9.908043346710329,-0.04497106305636249,0.006543080697761862,0.01554793654491123,1.1181451700037044,0.11181451700037044,9.959307843845133,-0.020327631086329706
66,10,Max diversity rho,0.0491258425564126,0.4195190380761523,-0.09340732692404298,0.3182014154423507,3.944213491213703,0.3944213491213704,4.552055412500743,-5.602367220833299,-0.0945131139396732,0.303136660522097,3.8209254213179964,0.3820925421317995,4.6737442621172285,-5.682250581770591
66,10,Log-det,0.0491258425564126,0.4195190380761523,0.006176214602589396,0.018903781692829788,1.1463662552597436,0.11463662552597435,9.945573856610853,-0.026615482389879173,-0.0016691477405119488,0.017578511647294494,1.1090589239838025,0.11090589239838025,9.94717401184117,-0.026708729445385236
66,10,Random,0.0491258425564126,0.4195190380761523,0.05048133950715168,0.12229713912508057,2.1694836307069827,0.21694836307069823,8.058510675029222,-1.0596658718115162,0.05987467802572223,0.1308226972981582,2.184645717976553,0.21846457179765527,7.984355283930686,-1.1035214973542313
66,20,Paper (published),0.0491258425564126,0.4195190380761523,0.013605549467734589,0.036803577418843644,1.5065364632752352,0.07532682316376174,18.69949874180781,-0.6977031315995575,0.01337733001522982,0.04236115503434792,1.4766606832525724,0.07383303416262862,18.667685688712183,-0.7230443368281699
66,20,Paper + swap,0.0491258425564126,0.4195190380761523,0.011437628991425853,0.031464147946386446,1.4256335093386894,0.07128167546693447,19.293389348338106,-0.3400338509557137,0.012123276943804377,0.03698195153448344,1.3654107082178806,0.06827053541089403,19.17251034196443,-0.4303212225945602
66,20,Max diversity |rho|,0.0491258425564126,0.4195190380761523,0.0111806663689854,0.029548586994487185,1.5007573110979133,0.0750378655548957,19.078602573646087,-0.48299708843827927,0.007100495024187906,0.03149180680212878,1.4271870498139436,0.07135935249069716,19.137150144939813,-0.4718955523489435
66,20,Max diversity rho,0.0491258425564126,0.4195190380761523,-0.044049029653799594,0.21416049051547417,3.9996817678268184,0.1999840883913409,7.905613809339421,-17.34044000107667,-0.0445999478171659,0.21954196797279443,4.271813465441465,0.21359067327207315,7.804325957083857,-17.236010145039998
66,20,Log-det,0.0491258425564126,0.4195190380761523,0.0063290817328024605,0.031017299626570762,1.5084597984259565,0.07542298992129784,19.286268047659377,-0.3428811789565699,0.0009739659613992089,0.03280722283788525,1.4306956018266357,0.0715347800913318,19.315468724433988,-0.3499346079279691
66,20,Random,0.0491258425564126,0.4195190380761523,0.0962599065167252,0.16770550629601222,3.8448149180584172,0.1922407459029209,10.801670016545746,-7.164741557176716,0.09865900459357259,0.16930634732170025,3.8617984400399528,0.19308992200199768,10.753287551156802,-7.355868738761445
66,50,Paper (published),0.0491258425564126,0.4195190380761523,0.01771668183087338,0.05245393673747196,2.527821282254282,0.05055642564508564,36.08278277802362,-8.58284378376236,0.01605463808219938,0.05780014793980928,2.3937368456993204,0.047874736913986415,35.34291868968034,-9.825716570194098
66,50,Paper + swap,0.0491258425564126,0.4195190380761523,0.01693773177843486,0.052323911934615844,2.478992635958773,0.04957985271917546,36.68180591763527,-7.90426962041644,0.015722969266586784,0.05780241183783338,2.3290511921439814,0.04658102384287965,36.034791721873745,-9.0015089984028
66,50,Max diversity |rho|,0.0491258425564126,0.4195190380761523,0.016741835301504557,0.04730124066348261,2.6230517788271515,0.052461035576543046,35.91806078415396,-9.080994928320484,0.014681185354437125,0.05225116398823463,2.5079340650005753,0.0501586813000115,35.3386225425283,-10.053334970376499
66,50,Max diversity rho,0.0491258425564126,0.4195190380761523,-0.01118004560616213,0.19503059125773312,9.479157775341154,0.18958315550682311,12.304186982500845,-39.30380654734884,-0.01434755730158439,0.19623370863958187,9.32762239406313,0.18655244788126263,12.285481015328486,-40.71711061009303
66,50,Log-det,0.0491258425564126,0.4195190380761523,0.014834507003943823,0.05656668560314378,2.994441486721109,0.059888829734422167,38.19981373610162,-5.407284215799363,0.01150951133724525,0.06079501425087795,2.953020161547306,0.059060403230946114,37.59456260118678,-6.358297301885464
66,50,Random,0.0491258425564126,0.4195190380761523,0.052696119200575056,0.14845770696605265,6.767602034680932,0.13535204069361864,16.823281439736533,-32.442382641873984,0.052175721205392524,0.15109327139462167,6.943036684574764,0.1388607336914953,16.560043573598904,-33.78873346764267
67,10,Paper (published),0.024935017633370214,0.44792785571142285,-0.017202985133027072,0.05366638055570587,1.3297942427675506,0.13297942427675508,9.62591089541443,-0.20284023531498713,-0.01392491375398038,0.043220842548027494,1.2718139384882658,0.1271813938488266,9.705638088589614,-0.16625067786231745
67,10,Paper + swap,0.024935017633370214,0.44792785571142285,-0.020414427465521943,0.061441258783141176,1.2731973072714469,0.12731973072714467,9.530491502068656,-0.2768221149810929,-0.021174287243559704,0.05500516606235453,1.2556125744059883,0.12556125744059884,9.544345259969159,-0.2762219859413939
67,10,Max diversity |rho|,0.024935017633370214,0.44792785571142285,0.019525453372579327,0.052371079165014614,1.2856837114676174,0.12856837114676178,9.649646674305309,-0.18522103522461644,0.009206970819514443,0.0380785154280417,1.2550456646985884,0.12550456646985883,9.764943534966944,-0.12376063334078327
67,10,Max diversity rho,0.024935017633370214,0.44792785571142285,-0.09552036856483402,0.18966845856420056,2.263739151841342,0.22637391518413422,6.83892606287528,-3.1507311964927087,-0.09675155490715992,0.1905762606555601,2.1505670466290754,0.2150567046629075,6.909527703653024,-3.2970002677494628
67,10,Log-det,0.024935017633370214,0.44792785571142285,0.008663797499061113,0.06207498918733863,1.3816565416073137,0.1381656541607314,9.555536989453659,-0.2376329099148107,0.0032114250290815605,0.045649126806392125,1.2575527783798557,0.1257552778379855,9.745850646868766,-0.13582929726786847
67,10,Random,0.024935017633370214,0.44792785571142285,0.03685943674756704,0.09881727819738284,1.7967534694918892,0.1796753469491889,8.567363600492648,-0.9888504131536245,0.03765806231412048,0.09299855865482959,1.7498010760906655,0.17498010760906654,8.59328213616724,-0.9922547545165816
67,20,Paper (published),0.024935017633370214,0.44792785571142285,-0.003932264911078963,0.07543879801677232,1.694975985314754,0.0847487992657377,17.069446968627695,-1.9033404323161625,-0.0032798518861753157,0.07322690211473067,1.6090235037593235,0.08045117518796616,17.151770127608483,-1.9244295756189964
67,20,Paper + swap,0.024935017633370214,0.44792785571142285,-0.0020079458471765773,0.0758381475882506,1.7435938022401898,0.08717969011200948,17.048236434213837,-1.909338250692094,-0.0027111564305582767,0.07294706977056557,1.6034018334571734,0.08017009167285867,17.19986174502597,-1.8750283683752924
67,20,Max diversity |rho|,0.024935017633370214,0.44792785571142285,0.006920933785883286,0.06945228133774226,1.8423712985343852,0.09211856492671927,17.285782164122296,-1.572836543908286,0.007424169702214933,0.06094653249090587,1.6385683687290473,0.08192841843645239,17.750384146645587,-1.3473966874038477
67,20,Max diversity rho,0.024935017633370214,0.44792785571142285,-0.045008376482871676,0.1801166257256798,3.731848324811879,0.18659241624059397,10.379688483263807,-10.07220921873009,-0.04614256446739437,0.18716739556181927,3.8306055017500507,0.1915302750875025,10.010629110658709,-10.84928926568329
67,20,Log-det,0.024935017633370214,0.44792785571142285,0.0029304453295670462,0.0675833765262026,1.6964247458554989,0.08482123729277492,17.605922762044326,-1.349467933123852,0.00218800648630418,0.06386493619775195,1.6470011030140794,0.08235005515070397,17.882184090343614,-1.1958116321069383
67,20,Random,0.024935017633370214,0.44792785571142285,0.04365965939454187,0.1580110437656962,3.456086642961026,0.17280433214805135,11.506188735829154,-6.994868586567247,0.04413569491085479,0.15897123282250653,3.283802502162573,0.16419012510812864,11.633986696069014,-6.918331182724218
67,50,Paper (published),0.024935017633370214,0.44792785571142285,0.007028964404655996,0.1005295248509521,3.117458203415178,0.06234916406830357,27.757995075387512,-21.004674220658202,0.007090756983912491,0.10000284119318742,2.832600968449133,0.05665201936898267,27.662273647225756,-22.19050923938274
67,50,Paper + swap,0.024935017633370214,0.44792785571142285,0.007801330468621411,0.10036099597647644,3.1198563601368985,0.062397127202737976,27.82191377524034,-20.952325108648793,0.007433285089429193,0.09986521449380538,2.817792974780802,0.056355859495616036,27.701179036633594,-22.08670713501772
67,50,Max diversity |rho|,0.024935017633370214,0.44792785571142285,0.005765270879143421,0.0903801678202867,3.1212151241056594,0.06242430248211318,29.53427608859392,-15.980238509266213,0.004456609549555205,0.08791326250163006,3.0225555907334596,0.0604511118146692,29.995217020130504,-16.481152950852504
67,50,Max diversity rho,0.024935017633370214,0.44792785571142285,-0.017203347328298146,0.16270882178722917,6.308618897087013,0.12617237794174024,16.615980131509136,-43.515421065755156,-0.01815138548016038,0.16605304373758395,6.568052491628295,0.13136104983256588,16.229192183548314,-45.15121821138905
67,50,Log-det,0.024935017633370214,0.44792785571142285,0.00360457851205143,0.09242886114378078,3.144540859308113,0.06289081718616224,29.955244910525472,-13.726992917596682,0.0014458320937346906,0.09355151618432958,3.3241623597027536,0.06648324719405509,29.88352394708741,-14.266336318346573
67,50,Random,0.024935017633370214,0.44792785571142285,0.015322651432713257,0.1396505007281255,5.197352993286757,0.10394705986573514,20.069625049288312,-32.26600696425978,0.014339639319787864,0.14006471197969472,5.2090669460111085,0.10418133892022217,19.98127200176566,-33.70977657580122
68,10,Paper (published),0.03011226821440088,0.44605210420841684,-0.010915342165578126,0.057790622085836615,1.3382527191082145,0.13382527191082144,9.52745993416627,-0.2598734382574629,-0.0008102766657663453,0.049213330891855964,1.2537099712088773,0.12537099712088773,9.621316669432309,-0.21397579715638693
68,10,Paper + swap,0.03011226821440088,0.44605210420841684,0.012623092001559479,0.05573162489629923,1.2977151325298313,0.12977151325298317,9.586490751324318,-0.22227885410040363,0.011200949522699264,0.05007172629124563,1.23228750916735,0.12322875091673498,9.705988842962409,-0.16150195961068808
68,10,Max diversity |rho|,0.03011226821440088,0.44605210420841684,-0.012199951939898361,0.04061849483120864,1.3098724343444574,0.13098724343444573,9.744776626254817,-0.13069937589936725,-0.0030916449597840467,0.03014106280436652,1.1894981767583608,0.11894981767583608,9.876862083947707,-0.06359560735476348
68,10,Max diversity rho,0.03011226821440088,0.44605210420841684,-0.10048089122930928,0.2387555777887155,3.160870658341367,0.3160870658341366,5.230240467584814,-6.799760355948423,-0.10065882387084903,0.2355323256329035,3.1244167349241407,0.3124416734924143,5.242295300671307,-6.874238831811568
68,10,Log-det,0.03011226821440088,0.44605210420841684,0.015547616188914887,0.03679478005410037,1.3006477875892424,0.13006477875892425,9.76911962716042,-0.11582347834976099,0.001407369798644994,0.029167358420084877,1.1654685523559671,0.1165468552355967,9.874325953053885,-0.06486098423654141
68,10,Random,0.03011226821440088,0.44605210420841684,0.149675635603185,0.19393694451322072,2.7802626444743863,0.2780262644474386,6.693318958981931,-2.0972440795880622,0.14300228641052215,0.18923523104841766,2.7493201469420647,0.2749320146942065,6.7276361736309545,-2.135989193736692
68,20,Paper (published),0.03011226821440088,0.44605210420841684,0.005412161293058542,0.06791444047082347,1.6841979116693648,0.08420989558346823,17.419209444013433,-1.6701446831798894,0.008445709070622382,0.06851358776280711,1.68400660088401,0.08420033004420054,17.228379036142854,-1.8855363227189725
68,20,Paper + swap,0.03011226821440088,0.44605210420841684,0.002926233238294471,0.07172717165161145,1.745142197484503,0.08725710987422514,17.157408011258536,-1.860761495852294,0.005972953228492408,0.07061783534419008,1.6207653790103815,0.08103826895051909,17.139993693399397,-1.9507425395908993
68,20,Max diversity |rho|,0.03011226821440088,0.44605210420841684,0.0117674500890911,0.056069532188248714,1.8256284172978838,0.09128142086489419,17.6961959573866,-1.309542956136417,0.012744851905383273,0.052446809721905185,1.670289388747401,0.08351446943737004,17.8765904806812,-1.2557714692814834
68,20,Max diversity rho,0.03011226821440088,0.44605210420841684,-0.04582555159403005,0.3155531581304318,6.867028940391043,0.3433514470195523,5.221605296136293,-24.108254730028342,-0.04678509682232937,0.32270845441929946,7.081491488992937,0.354074574449647,5.072847573014217,-24.745523956453717
68,20,Log-det,0.03011226821440088,0.44605210420841684,0.002134610049070841,0.05776947257488579,1.7453808632262096,0.08726904316131046,18.227430408371017,-0.875643196681022,0.0038972122298435107,0.05577570692912293,1.6829076604203035,0.08414538302101521,18.376296899201076,-0.8204954009309958
68,20,Random,0.03011226821440088,0.44605210420841684,0.008446923916849558,0.18079548163652473,3.63837113800022,0.181918556900011,10.20404520830068,-9.057919733123352,0.006610921688298072,0.1836777796520131,3.8312536309246874,0.19156268154623438,10.009142463771814,-9.16309599322944
68,50,Paper (published),0.03011226821440088,0.44605210420841684,0.012312255002100482,0.08339391361202346,3.115595479604123,0.062311909592082465,31.12090178665004,-11.56661457312367,0.012104213282553023,0.08537642482952931,2.9344574772529315,0.05868914954505862,30.454642052228866,-13.076857010126943
68,50,Paper + swap,0.03011226821440088,0.44605210420841684,0.016799952862579185,0.08342280424311592,3.1153813520374176,0.062307627040748347,31.264001535329605,-11.43253627820657,0.015791275278204987,0.08488089356942141,2.865562350915773,0.057311247018315456,30.747033068612954,-12.814962686400706
68,50,Max diversity |rho|,0.03011226821440088,0.44605210420841684,0.01413666558003336,0.07695320056089723,3.2437676928217756,0.06487535385643552,32.12926515848604,-10.579349664428124,0.011603787025490604,0.07685404782376105,2.96852443835957,0.0593704887671914,32.11382465364066,-11.622792576772774
68,50,Max diversity rho,0.03011226821440088,0.44605210420841684,-0.017112025608024908,0.20906519919345193,8.192126034392672,0.16384252068785346,10.850981432791253,-66.25798392622477,-0.018219967027065076,0.21075846811371524,8.170792075449372,0.16341584150898741,10.742011022280199,-68.03192006420647
68,50,Log-det,0.03011226821440088,0.44605210420841684,0.01546834543089887,0.08311412272015355,3.7645965279175715,0.07529193055835143,32.56624282593767,-8.078417821374712,0.014457263270495357,0.08260354315951149,3.6290840085251683,0.07258168017050337,32.57915207091114,-8.952941042800182
68,50,Random,0.03011226821440088,0.44605210420841684,0.03512020844157337,0.16294146772853926,6.798374148139675,0.13596748296279354,15.521704549270835,-35.485015317417584,0.0379788931119265,0.16970566693821032,7.090018012701925,0.14180036025403853,14.88120570676625,-37.606961206657246
69,10,Paper (published),0.2605679849326757,0.24879358717434868,-0.0030712267547249868,0.039658877483037744,1.2742185348390334,0.12742185348390328,9.777236929483323,-0.11477205951113253,-0.004727633860524442,0.04016563690296804,1.2270932490001574,0.12270932490001576,9.777412886228797,-0.11628486289649756
69,10,Paper + swap,0.2605679849326757,0.24879358717434868,0.012882812223516575,0.045475439234614196,1.25256064767037,0.125256064767037,9.747738086888724,-0.13361350379855672,0.005542490504731581,0.03998624711325183,1.150708119874772,0.11507081198747722,9.814143305134104,-0.10470886790660631
69,10,Max diversity |rho|,0.2605679849326757,0.24879358717434868,0.00471997345843643,0.036582292647444344,1.2025094636636056,0.12025094636636054,9.831145555489469,-0.08738376733859929,0.0002543831744531362,0.023860837908559866,1.141733944989378,0.11417339449893779,9.913792483487171,-0.04417605749460686
69,10,Max diversity rho,0.2605679849326757,0.24879358717434868,-0.09518724444649407,0.30442384322483057,4.055083472766941,0.4055083472766943,4.174214073901955,-6.663587076680329,-0.09619253980073393,0.3112600029472844,4.105588824988558,0.4105588824988559,4.099931154677946,-6.8913221468817305
69,10,Log-det,0.2605679849326757,0.24879358717434868,0.00471997345843643,0.036582292647444344,1.2025094636636056,0.12025094636636054,9.831145555489469,-0.08738376733859929,0.0002543831744531362,0.023860837908559866,1.141733944989378,0.11417339449893779,9.913792483487171,-0.04417605749460686
69,10,Random,0.2605679849326757,0.24879358717434868,0.4980039260126053,0.4980039260126053,5.5371962667109385,0.5537196266710938,2.9859477228602236,-5.843607609091859,0.4972397022572931,0.4972397022572931,5.540662479201556,0.5540662479201555,2.9795543979750403,-5.931829261461726
69,20,Paper (published),0.2605679849326757,0.24879358717434868,0.0013269341275284267,0.04985418671347755,1.5208496312566702,0.07604248156283352,18.450210291250027,-0.8810090985494079,0.0013866912312449976,0.05347122384430131,1.5270156129489885,0.0763507806474494,18.23347216992616,-1.0557320391125016
69,20,Paper + swap,0.2605679849326757,0.24879358717434868,-0.0010957475739274657,0.044397531868487536,1.4650815596517344,0.07325407798258672,18.855000310674473,-0.5891319903871246,-0.001431263330014565,0.04941825273905252,1.4345660828548157,0.0717283041427408,18.63271406568705,-0.7492912940699096
69,20,Max diversity |rho|,0.2605679849326757,0.24879358717434868,0.004163141085236774,0.04610806181711191,1.7722594556551132,0.08861297278275565,18.29213689832655,-0.9910019855618808,0.004329687275261674,0.04432952662062058,1.6886980539080811,0.08443490269540407,18.268625674022655,-1.011111185214506
69,20,Max diversity rho,0.2605679849326757,0.24879358717434868,-0.04094188161830873,0.1938311858935532,4.3489756117944465,0.21744878058972228,8.626564257067455,-12.669336906746766,-0.04290668981529464,0.1952322581315218,4.285259008612233,0.21426295043061164,8.594386935727005,-13.096927622746481
69,20,Log-det,0.2605679849326757,0.24879358717434868,0.0015529125210055332,0.04632390922843973,1.5674277986144576,0.07837138993072287,18.826738637341162,-0.5710995645934721,0.0028589624770314196,0.04579897121998553,1.54396458887023,0.0771982294435115,18.776206372592473,-0.6197669902345588
69,20,Random,0.2605679849326757,0.24879358717434868,0.266905612772041,0.3226998385701095,8.408115169764447,0.4204057584882225,4.810535516540109,-13.751900574985406,0.2632078465498883,0.3194347156406567,8.281575672743045,0.41407878363715234,4.923471417840482,-13.71595215915811
69,50,Paper (published),0.2605679849326757,0.24879358717434868,0.006118091330376216,0.07236469580495732,2.7817003383817123,0.055634006767634255,33.245365724777926,-11.982387471129774,0.005294479580444444,0.0765995021188504,2.7399968039765565,0.054799936079531104,32.34988757829125,-13.44038230867789
69,50,Paper + swap,0.2605679849326757,0.24879358717434868,0.00672956580529477,0.0718590124465807,2.781819131024875,0.055636382620497506,33.31732216663874,-11.804797785180302,0.005950345700243204,0.07590242604273394,2.706067001272081,0.054121340025441625,32.3492305138232,-13.327931059481665
69,50,Max diversity |rho|,0.2605679849326757,0.24879358717434868,0.006918905365399303,0.06781554048637455,3.1368678560523646,0.06273735712104729,33.603277744058715,-11.283046907826503,0.00869867287653673,0.070227817857142,3.0016432916643394,0.060032865833286805,33.00573695167109,-12.609343361099336
69,50,Max diversity rho,0.2605679849326757,0.24879358717434868,-0.012096308869344617,0.16030969786432614,7.220616430405919,0.14441232860811834,15.824106202610645,-32.03351629097087,-0.01448919120287861,0.16719714661797408,7.4349551963776275,0.14869910392755256,15.178511980228372,-34.44388785662379
69,50,Log-det,0.2605679849326757,0.24879358717434868,0.0028770974899790173,0.0715715372979402,3.390745208334862,0.06781490416669723,35.07067030374885,-7.246384628101609,0.004389785219743889,0.0776427266109379,3.5052325550378636,0.07010465110075727,33.737582745535946,-8.654145549717082
69,50,Random,0.2605679849326757,0.24879358717434868,0.30219244896412717,0.34164730392982623,21.134077392754595,0.42268154785509193,5.092851499423293,-48.62713786119931,0.3032950332761289,0.34261729521282697,20.997777877493903,0.41995555754987807,5.131976959553809,-50.321120481954026
70,10,Paper (published),0.014901845831914203,0.4739959919839679,-0.0037697051119769606,0.046089894314940844,1.2968670741787591,0.12968670741787588,9.65532835686693,-0.17546014248529523,-0.004970554492749662,0.04125018971018187,1.262003099495117,0.12620030994951173,9.749105312850181,-0.13054064527824596
70,10,Paper + swap,0.014901845831914203,0.4739959919839679,0.0009618972630301606,0.05288253892702489,1.33275472409841,0.13327547240984103,9.641111083515888,-0.18730604140466045,0.00016191438585158715,0.04333727036209283,1.1944670967736768,0.1194467096773677,9.763820131227767,-0.126782086889518
70,10,Max diversity |rho|,0.014901845831914203,0.4739959919839679,0.010059879878893532,0.045083554885597,1.2965354784766248,0.1296535478476625,9.738061008473956,-0.13103738147903207,0.0038965888252229007,0.03635068942741276,1.2153508623425051,0.12153508623425054,9.802604261353007,-0.10237799451211138
70,10,Max diversity rho,0.014901845831914203,0.4739959919839679,-0.09455056439773085,0.22944233048084728,2.8349615754025272,0.28349615754025265,5.628717699753115,-4.9382111106511335,-0.0953250175596528,0.23209071743165965,2.8093930915705174,0.28093930915705173,5.577764166696564,-5.0334841624490085
70,10,Log-det,0.014901845831914203,0.4739959919839679,-0.008794744832647763,0.04274849278574866,1.2960445373490528,0.12960445373490528,9.746363158417234,-0.13340782301325912,-0.004394940314934933,0.03898499709207068,1.2065708125739556,0.12065708125739552,9.811425590536787,-0.10117751273017656
70,10,Random,0.014901845831914203,0.4739959919839679,0.03508637872719407,0.13637868557816735,1.912620186406804,0.1912620186406804,7.964916412813562,-1.5092443093791568,0.030500058075244554,0.13840072265768025,1.8512176839900993,0.18512176839900993,8.02255739317388,-1.513815900878919
70,20,Paper (published),0.014901845831914203,0.4739959919839679,-0.0008438237829610419,0.0747502716850698,1.708448252270894,0.0854224126135447,17.093282327557134,-1.8167226813234334,0.0031058416721985445,0.07509314080170998,1.7244345214098797,0.08622172607049398,17.006724804344948,-1.9407389263591786
70,20,Paper + swap,0.014901845831914203,0.4739959919839679,0.0024282247174547108,0.07561500991575822,1.7398170624150469,0.08699085312075235,16.99679472780592,-1.931597865673243,0.007734272579914345,0.0770620088570334,1.6491730908073383,0.08245865454036691,16.937749334582836,-2.012079088570165
70,20,Max diversity |rho|,0.014901845831914203,0.4739959919839679,0.016459464722133478,0.06389910352228205,1.6387667308416205,0.08193833654208105,17.758079027418194,-1.3560619442964652,0.014835445014748457,0.06221450061911002,1.6762651948194203,0.08381325974097102,17.764592104374298,-1.382315496173787
70,20,Max diversity rho,0.014901845831914203,0.4739959919839679,-0.0457022292566802,0.21694794690961228,4.709216978405432,0.23546084892027155,8.284247754647684,-14.310923001043824,-0.04635149229951393,0.21202074921209438,4.46468075861209,0.22323403793060445,8.537633231937797,-14.26734926331483
70,20,Log-det,0.014901845831914203,0.4739959919839679,0.002933808355640496,0.06285516991189845,1.809255168266437,0.09046275841332185,17.879818686202473,-1.0873103594792326,0.004235692049660295,0.06459972578828481,1.7852304026247487,0.08926152013123746,17.887745494653107,-1.1062464590057797
70,20,Random,0.014901845831914203,0.4739959919839679,0.015022862900127457,0.15465769292805248,2.9517943743870294,0.14758971871935148,11.884168401919132,-6.588125154607813,0.018123875822263165,0.1567183024915823,2.9298297237295072,0.14649148618647542,11.806658843636383,-6.763578113921518
70,50,Paper (published),0.014901845831914203,0.4739959919839679,0.006285535220496657,0.09587154977956368,3.128071511707023,0.06256143023414046,28.93089241606504,-16.29187518181315,0.008089947109017958,0.09772376114496283,2.9382877221184143,0.05876575444236828,28.44364543080846,-17.98202576747865
70,50,Paper + swap,0.014901845831914203,0.4739959919839679,0.00523263102556867,0.09605090223747409,3.0412412145210923,0.06082482429042187,29.000743899840334,-16.146178622009714,0.007430562368228732,0.09794101709390138,2.8606859174335635,0.05721371834867127,28.57987813325779,-17.765361903111007
70,50,Max diversity |rho|,0.014901845831914203,0.4739959919839679,0.0021340663735330296,0.08431895864995372,3.0446072220895806,0.06089214444179162,31.603763248917357,-12.03935642296191,0.002321373288962679,0.08543719876097869,3.0112915319476117,0.06022583063895223,31.17852398196075,-13.195153108552002
70,50,Max diversity rho,0.014901845831914203,0.4739959919839679,-0.017475049738391,0.1900405315706142,7.781603948601822,0.1556320789720364,13.457664882817182,-52.338827435347106,-0.018206625125726017,0.19386265594504407,8.091686643920351,0.16183373287840705,13.11567500685594,-54.61969912970127
70,50,Log-det,0.014901845831914203,0.4739959919839679,0.004795429802456723,0.08908889916088786,3.649539854120005,0.0729907970824001,31.11171231733767,-10.530705916374266,0.005394508693247242,0.09224556337854356,3.7316471274365344,0.0746329425487307,30.331280920258983,-11.836468039231757
70,50,Random,0.014901845831914203,0.4739959919839679,0.006075732093079308,0.1614198939328526,6.280149165073775,0.12560298330147548,16.440198923498865,-37.16718534342955,0.0047940485225031965,0.16574664635153752,6.085512738969119,0.12171025477938238,15.934396312934256,-39.736069167927056
71,10,Paper (published),0.04484305308223331,0.43465330661322643,-0.007706979595019414,0.07246340535842206,1.449548823652072,0.1449548823652072,9.366039600885145,-0.3438605404065,-0.010085007813852704,0.0607119298556928,1.28898563288178,0.12889856328817798,9.526668567793047,-0.2810607079789087
71,10,Paper + swap,0.04484305308223331,0.43465330661322643,0.007783111717558704,0.06609722644819067,1.3776693248302998,0.13776693248302996,9.47922099375741,-0.2831073875748701,-0.0004394511755039281,0.05931415802019083,1.2539349214208453,0.12539349214208456,9.557093467539676,-0.2579258952097671
71,10,Max diversity |rho|,0.04484305308223331,0.43465330661322643,0.00942239339796739,0.04314216485206991,1.274731879468091,0.12747318794680906,9.716420536473453,-0.15000475512940195,0.0033728557711114136,0.03523562679776584,1.24153963292117,0.12415396329211706,9.769571182325231,-0.12065530328832058
71,10,Max diversity rho,0.04484305308223331,0.43465330661322643,-0.09388563341158865,0.20374755335220196,2.9106402628501726,0.29106402628501726,6.177234616682066,-3.886652638794882,-0.09579561803184637,0.21048686398609145,2.945730928711355,0.2945730928711355,6.0725690472164375,-4.0959594139548035
71,10,Log-det,0.04484305308223331,0.43465330661322643,-0.01106993145169594,0.04847445637679744,1.3359928229162388,0.13359928229162382,9.638540857499116,-0.18545821189988884,-0.0008018010806569263,0.04430772122677603,1.2997071901411017,0.12997071901411017,9.762624771363182,-0.11632574531462805
71,10,Random,0.04484305308223331,0.43465330661322643,0.010090343628805551,0.24774313447787177,3.4468675166345317,0.34468675166345303,5.327210959351581,-3.841764951152107,-0.0024772548114805966,0.25821345035940185,3.5715862300863503,0.357158623008635,5.098594023613869,-4.247955783216898
71,20,Paper (published),0.04484305308223331,0.43465330661322643,0.008077745126455729,0.08216509297784241,1.8465274134850715,0.09232637067425357,16.55711921895139,-2.458269984351232,0.0040876937339215415,0.07749187471539552,1.612287403522165,0.08061437017610827,16.774232512149595,-2.465667620920078
71,20,Paper + swap,0.04484305308223331,0.43465330661322643,0.008077745126455729,0.08216509297784241,1.8465274134850715,0.09232637067425357,16.55711921895139,-2.458269984351232,0.0040876937339215415,0.07749187471539552,1.612287403522165,0.08061437017610827,16.774232512149595,-2.465667620920078
71,20,Max diversity |rho|,0.04484305308223331,0.43465330661322643,0.006973382797484102,0.061893388168129164,1.692809608503058,0.08464048042515292,17.723253196397287,-1.3830158368949486,0.0007098148819689176,0.058130317166387446,1.6589932183662905,0.0829496609183145,17.90277643925285,-1.2882478132493587
71,20,Max diversity rho,0.04484305308223331,0.43465330661322643,-0.04602118079018931,0.2633927654534116,6.594414766950216,0.3297207383475108,6.574548357460439,-13.120297588445137,-0.04649312412543158,0.2830493418106008,7.004430379446752,0.3502215189723376,6.08110863689858,-13.996000244914992
71,20,Log-det,0.04484305308223331,0.43465330661322643,0.009664191835022968,0.06067347000628641,1.7326006819924489,0.08663003409962244,17.890124936480735,-1.1844751162376739,0.005207963996134096,0.06053408955557112,1.7520421098448495,0.08760210549224248,18.03385771417642,-1.101051797106772
71,20,Random,0.04484305308223331,0.43465330661322643,0.0814897658238375,0.17369775003803573,4.485914530636327,0.22429572653181634,9.83887010334998,-8.107505964625897,0.09192854394505888,0.17791046071618905,4.663891362877643,0.23319456814388215,9.501572911464718,-8.738932624426011
71,50,Paper (published),0.04484305308223331,0.43465330661322643,0.0054938934927554845,0.09364889683394179,3.042830735436891,0.06085661470873781,28.987136359114032,-19.696816505847867,0.005818939838918084,0.09368143959470845,2.7444584801513185,0.05488916960302639,29.170964173194655,-20.60806116495278
71,50,Paper + swap,0.04484305308223331,0.43465330661322643,0.007086445112499959,0.09443612686047556,3.1759877841177215,0.06351975568235443,28.872677210669853,-19.716659114900093,0.00798129021038648,0.09428212346873233,2.678864505563912,0.053577290111278236,29.07072602451322,-20.665075099445918
71,50,Max diversity |rho|,0.04484305308223331,0.43465330661322643,0.005118672152711602,0.08200812428363684,3.2781601554926088,0.06556320310985217,30.695205336168314,-15.598816167051599,0.005511683734671295,0.08349053887824393,3.1076893079731405,0.06215378615946282,30.436766533978066,-16.625539032309415
71,50,Max diversity rho,0.04484305308223331,0.43465330661322643,-0.018066115877549374,0.21306128300901864,12.348491743217444,0.24696983486434892,10.501886176000513,-55.08678729652903,-0.0185688790744834,0.2215761933033614,13.019647126395721,0.26039294252791445,9.82380039949051,-58.322513948092165
71,50,Log-det,0.04484305308223331,0.43465330661322643,0.00407216596839734,0.08584463015420478,3.2930373912480935,0.06586074782496187,31.34506007977924,-12.62541198667306,0.0025461132628254836,0.08833261162371969,3.145687646462003,0.06291375292924006,30.855297714193753,-13.65552004412559
71,50,Random,0.04484305308223331,0.43465330661322643,0.11466627087105165,0.20201181063704338,11.838356906952761,0.23676713813905523,11.431859978408024,-46.12198608695266,0.11931634721171834,0.21047132197817472,12.529937258235467,0.2505987451647093,10.691863715013206,-48.573478108601854
72,10,Paper (published),0.20288439344774062,0.27975150300601204,0.0015282378008235928,0.017688312390287977,1.1376685070029626,0.11376685070029627,9.947419309345646,-0.025741349646112355,-0.0030385427009421927,0.022605620906482472,1.116574873343157,0.11165748733431569,9.932782426441255,-0.03461199213514453
72,10,Paper + swap,0.20288439344774062,0.27975150300601204,0.0005022559839916776,0.018926958271819602,1.1555487908599682,0.11555487908599683,9.935561335602488,-0.031010440786964723,-0.0008521660008137176,0.02444096881102942,1.1068743447843181,0.11068743447843181,9.920654825501405,-0.04164333475321575
72,10,Max diversity |rho|,0.20288439344774062,0.27975150300601204,0.003103055862700016,0.024778856671732106,1.280659380522309,0.1280659380522309,9.892116988653624,-0.04939492264888573,0.003951549623316361,0.017747235888061437,1.1289425368479655,0.11289425368479657,9.951366808092908,-0.024213288469509445
72,10,Max diversity rho,0.20288439344774062,0.27975150300601204,-0.09547774530519341,0.4249393485280788,5.100800122978359,0.5100800122978358,3.1654966593723812,-9.41667227682968,-0.09724614565649897,0.43542371943343683,5.218297225006798,0.5218297225006797,3.0734432501905773,-9.59862287256811
72,10,Log-det,0.20288439344774062,0.27975150300601204,0.000676840583531558,0.019321499245599155,1.1537587419707567,0.11537587419707562,9.944910694095364,-0.02651256858869197,-0.002912185425180917,0.018326781953490412,1.100791216886901,0.1100791216886901,9.957194652902707,-0.02148918426946244
72,10,Random,0.20288439344774062,0.27975150300601204,0.0026444585014408707,0.08401302694537664,1.6487184963552242,0.16487184963552243,9.004040080854585,-0.5543524804989135,0.0009251637322627102,0.08092436864206734,1.5961997644516526,0.15961997644516523,8.970349541479438,-0.5875199379560141
72,20,Paper (published),0.20288439344774062,0.27975150300601204,0.004278672774851255,0.03182880337487077,1.5390409065414956,0.07695204532707477,19.299151426138103,-0.32080179603771547,0.0028846361075989513,0.03477964784048971,1.383987450776762,0.0691993725388381,19.24711975506939,-0.38807877883528274
72,20,Paper + swap,0.20288439344774062,0.27975150300601204,0.0036140812318600423,0.03136031791655166,1.482035186761853,0.07410175933809268,19.285380835332177,-0.33890356234033553,0.0017262611479763005,0.03668880822391296,1.3620557539423934,0.06810278769711968,19.14173490194896,-0.4561702649168299
72,20,Max diversity |rho|,0.20288439344774062,0.27975150300601204,0.0013057226617438147,0.029150625382273306,1.525340205611728,0.07626701028058644,19.39447094801719,-0.26497971572706264,-0.0031116912385539073,0.031521054451289734,1.3922857979853962,0.0696142898992698,19.308446947179693,-0.3514300081564281
72,20,Max diversity rho,0.20288439344774062,0.27975150300601204,-0.0432580887135977,0.3847222244344716,7.426856279458348,0.3713428139729174,4.222872744383914,-24.536621620482794,-0.04398771348203677,0.3837079325017755,7.456314566953675,0.3728157283476837,4.228651906574011,-24.709908386586946
72,20,Log-det,0.20288439344774062,0.27975150300601204,0.00310096247742358,0.030202155684918436,1.6301233354211933,0.08150616677105964,19.346804721124588,-0.27193841638493077,-0.0009179126110719075,0.033052056236322236,1.4229537684202782,0.07114768842101392,19.372168497780727,-0.3164830110121519
72,20,Random,0.20288439344774062,0.27975150300601204,0.28249892735797644,0.31605716438173026,8.172563414991277,0.40862817074956365,5.02996943746539,-14.360108377599396,0.294259802784476,0.3202370579031573,8.33659022685697,0.4168295113428484,4.90437549374746,-14.734815612061569
72,50,Paper (published),0.20288439344774062,0.27975150300601204,0.016396403271266916,0.051795250807062945,2.834437719749297,0.05668875439498592,37.90441572853041,-6.1795329376527715,0.014442507653056384,0.05359430349881386,2.5340976003208744,0.05068195200641749,37.82555460844535,-7.16152394828706
72,50,Paper + swap,0.20288439344774062,0.27975150300601204,0.015311858577213927,0.05064587146650596,2.8033500071712294,0.05606700014342459,38.128526660834574,-5.769896796199264,0.013343189321232338,0.05293789928529088,2.4826047095297827,0.049652094190595665,38.070093524265516,-6.63970837008125
72,50,Max diversity |rho|,0.20288439344774062,0.27975150300601204,0.015228822990088736,0.04852357333594129,2.915892922000696,0.05831785844001392,38.72161436174803,-5.2683045086044284,0.012306821050029596,0.050241213355535295,2.5822723601006534,0.05164544720201308,38.68148196713993,-6.116387002597885
72,50,Max diversity rho,0.20288439344774062,0.27975150300601204,-0.008516553267682057,0.19855889612224548,9.04411264057001,0.18088225281140025,11.56592225241241,-33.614475830568786,-0.012414288288160047,0.19313881321982843,8.89090127752441,0.17781802555048817,11.814465297921547,-34.462018684432934
72,50,Log-det,0.20288439344774062,0.27975150300601204,0.010699520557709402,0.05870421954943474,3.4007967285191496,0.06801593457038298,39.10078566763376,-3.597737765982311,0.009603681104504328,0.05691613485711717,3.1086306575188116,0.06217261315037623,39.70237305794361,-4.432266173447325
72,50,Random,0.20288439344774062,0.27975150300601204,0.20370156627034042,0.26376979774840936,16.02758662230581,0.3205517324461163,7.63940261451892,-35.09895790230315,0.205758025041632,0.2647309174950934,16.194771639284117,0.3238954327856823,7.6215171687627254,-36.10195319069996
73,10,Paper (published),0.08042579311908424,0.37047695390781565,-0.004224084425737459,0.016741976223028917,1.1469981057470093,0.11469981057470098,9.945706504668758,-0.02682178535420307,-0.0014779523390971824,0.021687899345842677,1.1160679354462664,0.11160679354462666,9.937846073306435,-0.03192472704814955
73,10,Paper + swap,0.08042579311908424,0.37047695390781565,-0.0037418001863169176,0.014563084210786044,1.108640729941692,0.11086407299416919,9.968371287087635,-0.015495199294667073,-0.006563093055639411,0.02260050807870407,1.0954821023174408,0.1095482102317441,9.933968635826202,-0.034501709422865685
73,10,Max diversity |rho|,0.08042579311908424,0.37047695390781565,-0.0034882960923361336,0.01609990224657657,1.160867886195316,0.11608678861953158,9.95102408473236,-0.023557183677045616,-0.0012462435334316731,0.013394082971977932,1.0931757191245521,0.10931757191245521,9.963483858296875,-0.01823304774484901
73,10,Max diversity rho,0.08042579311908424,0.37047695390781565,-0.09369249330902102,0.36255908355446037,4.387208229538366,0.4387208229538366,3.871140816341618,-6.967731526033766,-0.09614422659960795,0.3736808791798655,4.48354122016171,0.448354122016171,3.7302872363410953,-7.588611716152336
73,10,Log-det,0.08042579311908424,0.37047695390781565,0.002369508263896305,0.01630467640244167,1.1261595668720426,0.11261595668720426,9.959930769479659,-0.019369618588989036,-0.0021814702301316347,0.015473573243067154,1.0946952733006787,0.10946952733006787,9.967390625467123,-0.016405400769510414
73,10,Random,0.08042579311908424,0.37047695390781565,0.10018017291164204,0.15064314464030337,2.6339010262244065,0.26339010262244067,6.794022635082386,-2.4955073049876964,0.09354989727598578,0.1497391394184784,2.512483453727304,0.25124834537273044,6.975280339743499,-2.3366190006449665
73,20,Paper (published),0.08042579311908424,0.37047695390781565,-0.0006804203263419498,0.02624287668467816,1.4480076172011864,0.07240038086005932,19.350823373192533,-0.3246681378119935,-0.000845271551371621,0.03422814156271065,1.3749105836432687,0.06874552918216345,19.144070375127917,-0.4567671696389032
73,20,Paper + swap,0.08042579311908424,0.37047695390781565,-0.0002554359755259757,0.02454670934474929,1.4045513031087704,0.07022756515543851,19.567058454845355,-0.2021471731886268,-0.0013801742399495176,0.03095042410531261,1.2707686033884842,0.06353843016942419,19.42450184038782,-0.30603896481807236
73,20,Max diversity |rho|,0.08042579311908424,0.37047695390781565,-0.0006057106823143335,0.019392421925247066,1.3399574435430657,0.06699787217715326,19.745885123563795,-0.11611046198819165,-0.001256778729658546,0.025342235619315638,1.3305688128176003,0.06652844064088001,19.56252747247695,-0.22479445686865587
73,20,Max diversity rho,0.08042579311908424,0.37047695390781565,-0.04498948067809579,0.2775920806065143,6.239707129676996,0.3119853564838498,6.043390589453256,-17.900374185430884,-0.04616090518895076,0.28668326120407744,6.4327765996543365,0.3216388299827169,5.857451120249833,-18.906117750774843
73,20,Log-det,0.08042579311908424,0.37047695390781565,6.33405581857088e-05,0.01858214964552941,1.312085125585873,0.06560425627929364,19.75929338174547,-0.11271971310930012,0.0025342688046893396,0.025384310842417004,1.269718305447969,0.06348591527239844,19.62363455665009,-0.19369336338762735
73,20,Random,0.08042579311908424,0.37047695390781565,0.07576083062272543,0.21511544808197736,4.963576228135715,0.24817881140678577,8.432994246848576,-8.938543980567202,0.07786814649967225,0.216839816476781,5.010923656446794,0.2505461828223397,8.251551041475345,-9.470130162728692
73,50,Paper (published),0.08042579311908424,0.37047695390781565,0.00835472849894889,0.03945977348635484,2.3810005952112174,0.04762001190422435,39.81464259430518,-6.134297327782501,0.008710215778476955,0.04861038973975004,2.2402470266627996,0.04480494053325599,38.733273248058744,-7.351093779451485
73,50,Paper + swap,0.08042579311908424,0.37047695390781565,0.007761160349948974,0.03857731600367486,2.4294181010477525,0.04858836202095504,39.95702157185815,-5.882407571825919,0.008359451562338898,0.04859559038015265,2.1944407432963975,0.04388881486592795,38.73996305132951,-7.196196219164088
73,50,Max diversity |rho|,0.08042579311908424,0.37047695390781565,0.006417245540810031,0.030890802091426722,2.356953597159393,0.04713907194318786,40.80093640395523,-5.975315377411924,0.00875999779874916,0.04185489613408947,2.1561318396343845,0.04312263679268769,39.41178592310779,-7.372260233452722
73,50,Max diversity rho,0.08042579311908424,0.37047695390781565,-0.016162775044305234,0.2712107937763653,13.86795908218793,0.27735918164375856,7.626435090178962,-54.03899604388299,-0.017598418772290375,0.2777155073775413,14.019407118481418,0.2803881423696285,7.4260887357057195,-56.79266057657099
73,50,Log-det,0.08042579311908424,0.37047695390781565,0.006118236377500793,0.039637502283575,2.9772175417511493,0.05954435083502297,42.5056482887493,-3.050176547976896,0.006488043816744928,0.04863962295576361,2.9190563246576673,0.058381126493153336,41.323390958139285,-4.166399221497784
73,50,Random,0.08042579311908424,0.37047695390781565,0.0719502338883683,0.16925779296084453,8.590751007495912,0.17181502014991823,15.181094872117818,-27.15303409904177,0.07907021673207257,0.174732877074247,8.649680682679058,0.17299361365358115,14.645505740498287,-29.412709521421394
74,10,Paper (published),0.139651215906841,0.33919839679358715,0.0032017406645199397,0.057695756282963105,1.3546584465707534,0.1354658446570753,9.573281988784462,-0.22761186743584716,0.00786194178608529,0.052187934190397724,1.2791763897428392,0.12791763897428393,9.639256376460525,-0.19860490107926274
74,10,Paper + swap,0.139651215906841,0.33919839679358715,0.0028349287391925874,0.056521509186549954,1.3157191539195032,0.13157191539195037,9.539090063506567,-0.25681577504968356,0.005631032823952389,0.05021528466982154,1.2624621612076574,0.1262462161207658,9.628409505956698,-0.21340533892976815
74,10,Max diversity |rho|,0.139651215906841,0.33919839679358715,0.012730774384078186,0.047990292227804196,1.3588867512696932,0.1358886751269693,9.64916632495551,-0.18153896199408948,0.012315469295929462,0.0358793092672204,1.2290543681134152,0.12290543681134151,9.792078955455683,-0.10997530487892632
74,10,Max diversity rho,0.139651215906841,0.33919839679358715,-0.09648160401702205,0.30647076255520683,3.8976813308279703,0.389768133082797,4.450573022168645,-5.877073769788361,-0.09882155445094482,0.31147314716516994,4.004319399101908,0.40043193991019077,4.321202405948623,-6.109606406839832
74,10,Log-det,0.139651215906841,0.33919839679358715,0.004288974704315761,0.05276754605022176,1.3559412844501646,0.13559412844501648,9.639526045595687,-0.1839093807382323,0.0042208964621041935,0.03936346762986396,1.2427810459030277,0.12427810459030278,9.805582697783581,-0.09961995805503014
74,10,Random,0.139651215906841,0.33919839679358715,0.17301997876482475,0.21241414216608373,3.2882744993588267,0.3288274499358827,5.747569102294203,-3.146670758755577,0.1710735175789097,0.21233902342602423,3.323670475778397,0.3323670475778396,5.669848235487706,-3.33270705595593
74,20,Paper (published),0.139651215906841,0.33919839679358715,0.0011616223566335568,0.07460384374290317,1.7248186035314355,0.08624093017657178,17.04958329609726,-1.9123866915333432,0.0009968365495453939,0.07570305128804902,1.6701063098542281,0.08350531549271141,16.98386195823246,-2.028538963140783
74,20,Paper + swap,0.139651215906841,0.33919839679358715,-0.007586970374211746,0.07875811889627062,1.878454955963225,0.09392274779816126,16.8569434710761,-2.0322746412243635,-0.006475926998631973,0.07958484377460191,1.6275264599498556,0.08137632299749277,16.896398266056345,-2.1256340113116545
74,20,Max diversity |rho|,0.139651215906841,0.33919839679358715,0.01278442303124288,0.06437455773759633,1.6820777542821483,0.08410388771410743,17.63109808820105,-1.4366565869467438,0.01286461783131762,0.061678832700245545,1.5958734456451826,0.07979367228225913,17.84881134135627,-1.3715455175071507
74,20,Max diversity rho,0.139651215906841,0.33919839679358715,-0.04377089237440843,0.21367274750061735,4.26258758789747,0.21312937939487342,8.244806307592931,-14.341130974246566,-0.045438206606073714,0.21461670660194002,4.219576076302188,0.2109788038151094,8.222248486205377,-14.646548568295376
74,20,Log-det,0.139651215906841,0.33919839679358715,-0.010155503523864129,0.06978381131645549,1.7852209078006105,0.0892610453900305,17.527300181984113,-1.3261083599802665,-0.007864004739712714,0.06536348499908148,1.7202574274516407,0.08601287137258205,17.79151724135794,-1.2096217085337273
74,20,Random,0.139651215906841,0.33919839679358715,0.11020558706499306,0.1871561775533496,4.5965527542611575,0.22982763771305784,9.346714447784597,-8.759085386531838,0.11815964726679377,0.19502469931713956,4.686440952854831,0.23432204764274145,9.053380697795983,-9.084759133288294
74,50,Paper (published),0.139651215906841,0.33919839679358715,0.006455139582936299,0.09146795242384968,3.130603306382699,0.06261206612765399,29.602015066861053,-15.961915560745283,0.005847021092438878,0.09463402909983677,2.911479759673079,0.05822959519346158,29.02670797477497,-17.506925309201886
74,50,Paper + swap,0.139651215906841,0.33919839679358715,0.007810475507861344,0.08984626438781478,3.049311385416364,0.06098622770832729,30.301287031434136,-14.667198115061458,0.007620370761792645,0.09351957855131836,2.8072549205878574,0.05614509841175714,29.479422447548252,-16.470926398519047
74,50,Max diversity |rho|,0.139651215906841,0.33919839679358715,0.005914870432119905,0.08361628396647798,3.0486716226369723,0.06097343245273946,30.92339998924058,-13.440806009371844,0.00644353418646419,0.08535086207232079,3.0068389895110927,0.060136779790221855,30.589142775950027,-14.517833654530063
74,50,Max diversity rho,0.139651215906841,0.33919839679358715,-0.01536082798201883,0.17601387282347877,6.825275433894134,0.13650550867788272,14.77732998588385,-45.19425711258771,-0.016745846736328594,0.1790019890958608,6.898823955666532,0.13797647911333064,14.422940128311662,-46.867914644846806
74,50,Log-det,0.139651215906841,0.33919839679358715,-0.0010806687596952524,0.08889800551392733,3.4948467100782183,0.06989693420156436,31.358791462529773,-10.981905607276609,2.3850039216438304e-05,0.09248635365345811,3.6165820927058805,0.07233164185411761,30.65494725234522,-12.267117328588158
74,50,Random,0.139651215906841,0.33919839679358715,0.08543569965500256,0.1804803551342516,10.781463138437648,0.21562926276875294,12.442167874512663,-43.04596735008934,0.08919954594956911,0.1858597870963478,10.852598988575618,0.2170519797715124,12.237710281361855,-44.25724165756633
75,10,Paper (published),0.021863553580210013,0.4546052104208417,-0.023004096090314386,0.0625638718707046,1.3488639275693601,0.134886392756936,9.429109122851179,-0.3310770102933931,-0.02695707640438063,0.057775668318396714,1.3142524985672555,0.13142524985672557,9.520988079336714,-0.28738991863325886
75,10,Paper + swap,0.021863553580210013,0.4546052104208417,0.001436420858322151,0.05920570722277989,1.3667638031884062,0.1366763803188406,9.524950011651336,-0.26844066674866135,0.0038510240521450793,0.057165902234850956,1.2676233595655693,0.12676233595655695,9.586994795236588,-0.24176594709356278
75,10,Max diversity |rho|,0.021863553580210013,0.4546052104208417,0.011691115152159863,0.03768083264679468,1.2353170177232786,0.12353170177232786,9.810860490537227,-0.09876849549155643,0.011170564025763854,0.03411731429743903,1.205044808767744,0.12050448087677439,9.842163598775473,-0.08160485795300858
75,10,Max diversity rho,0.021863553580210013,0.4546052104208417,-0.08987811223749705,0.15601928580678973,2.1955060634143226,0.21955060634143223,7.502678116450996,-2.2546848503332817,-0.09163304359839974,0.17242222592894882,2.316362707256678,0.23163627072566786,7.217539054821856,-2.513425035890018
75,10,Log-det,0.021863553580210013,0.4546052104208417,0.009784566417423736,0.04281480481577095,1.224992950846077,0.1224992950846077,9.768665950727877,-0.12291756829443203,0.009254281680996401,0.03718376885139673,1.2371104422403576,0.12371104422403574,9.803539353010525,-0.10240698430679154
75,10,Random,0.021863553580210013,0.4546052104208417,0.0737801355257805,0.12893429764229364,1.859839974243349,0.18598399742433486,8.198082981480502,-1.2878010671471685,0.06226813559226218,0.11887476586026598,1.7323679065597772,0.17323679065597766,8.365176191218579,-1.1787570129354117
75,20,Paper (published),0.021863553580210013,0.4546052104208417,0.004642534929246377,0.07800762479449964,1.694506698526058,0.08472533492630291,16.746556118403344,-2.4388534907262445,0.002047798880445084,0.07865568633272943,1.666853017176988,0.08334265085884938,16.66112522762686,-2.5728590056935845
75,20,Paper + swap,0.021863553580210013,0.4546052104208417,0.0036283968427771375,0.07585661615412308,1.7146386299298704,0.08573193149649354,16.927078891535288,-2.156851849375738,0.0022953107507078154,0.07826054944835133,1.5973200948245656,0.07986600474122832,16.80739919325071,-2.3491837841966468
75,20,Max diversity |rho|,0.021863553580210013,0.4546052104208417,0.009021841991480244,0.06081097041847275,1.6898952421501217,0.08449476210750607,17.82189139280556,-1.278081392077586,0.009857430045179215,0.05533763731996625,1.5319544539807077,0.07659772269903539,18.093048157201164,-1.1548695066159826
75,20,Max diversity rho,0.021863553580210013,0.4546052104208417,-0.04377570989504994,0.14946887129305966,2.9508199681305376,0.1475409984065269,11.662302542018072,-8.044746934573352,-0.04491405208865723,0.15593309399888633,3.1869318803554725,0.1593465940177736,11.352098297082142,-8.362529618897426
75,20,Log-det,0.021863553580210013,0.4546052104208417,0.010764035065293408,0.06156394220711027,1.6970097349468158,0.08485048674734079,17.879990604171294,-1.1914887844743414,0.008603441245350878,0.05874960735624134,1.6884669413527635,0.08442334706763818,18.03992474480289,-1.0925639279776194
75,20,Random,0.021863553580210013,0.4546052104208417,0.011512247920006524,0.14073678334794662,2.8967682917967696,0.14483841458983848,12.284972366660558,-6.5217121482609395,0.013455632664003053,0.1389522068915219,2.9894600683691768,0.14947300341845882,12.327589029069841,-6.53781063630578
75,50,Paper (published),0.021863553580210013,0.4546052104208417,0.014180325461963968,0.0970536375996525,2.923654835839025,0.05847309671678051,28.343301077141014,-20.02874285199666,0.01550439184721161,0.0986392429639627,2.761780557455723,0.055235611149114454,28.039589410667176,-21.58533105353543
75,50,Paper + swap,0.021863553580210013,0.4546052104208417,0.015332716632980066,0.09638615199556945,2.9375501700965767,0.05875100340193152,28.47120604380925,-19.742238322029916,0.016045406678321068,0.09824690015421243,2.7346563746996435,0.054693127493992875,28.121198721013226,-21.259844398676954
75,50,Max diversity |rho|,0.021863553580210013,0.4546052104208417,0.013859711737441764,0.08235265096437104,3.0019948824826455,0.0600398976496529,31.58531204399002,-13.935710361553857,0.01282932259696976,0.08270507703176186,2.812987328002702,0.05625974656005404,31.424723393858937,-15.098948467348743
75,50,Max diversity rho,0.021863553580210013,0.4546052104208417,-0.01645059813191675,0.1477802940022254,5.556649947669656,0.11113299895339311,18.756767982451027,-36.67630087705283,-0.017501967895638185,0.15133313762451117,5.682191178129804,0.11364382356259609,18.104254211663818,-38.60557792165141
75,50,Log-det,0.021863553580210013,0.4546052104208417,0.011560323377512538,0.0882656294532477,3.4048850201628813,0.06809770040325763,30.810993350924292,-12.546812459526324,0.011315675714743102,0.08977928452119711,3.3970206176915867,0.06794041235383175,30.692159941672205,-13.163857994669097
75,50,Random,0.021863553580210013,0.4546052104208417,0.01683896109835335,0.14203264428272058,5.155078236681512,0.10310156473363025,19.863329107507834,-32.95474527936896,0.017911292286949078,0.14465369579613716,5.309509860142568,0.10619019720285136,19.353730911707284,-34.93058138783578
76,10,Paper (published),0.19377011601948313,0.274501002004008,0.029290953903024913,0.07704013107053317,1.4295382708849125,0.14295382708849125,9.154677701711895,-0.5034227208062528,0.026211815932654748,0.07310627533339434,1.4099709709700492,0.1409970970970049,9.225698159097291,-0.4604789373307903
76,10,Paper + swap,0.19377011601948313,0.274501002004008,0.02509343894082204,0.08469374279859146,1.4445249552487773,0.14445249552487768,9.05846594417993,-0.6165486172374282,0.020742035683397976,0.08532021837139057,1.3791642260411023,0.13791642260411022,9.071266060190055,-0.6222276009450636
76,10,Max diversity |rho|,0.19377011601948313,0.274501002004008,-0.022146409097273546,0.059000204131365634,1.3692846344998393,0.13692846344998397,9.49469849202897,-0.2932351547507204,-0.01563055669328659,0.0562107275486454,1.3239740579826567,0.13239740579826567,9.519660812744695,-0.27647655062442167
76,10,Max diversity rho,0.19377011601948313,0.274501002004008,-0.10264519562622575,0.46993171447763665,5.41798650141941,0.5417986501419412,2.9485216960181653,-9.129527687601785,-0.10302821633314124,0.49120718601801383,5.589844726562113,0.5589844726562113,2.8367614467014515,-9.142767535966946
76,10,Log-det,0.19377011601948313,0.274501002004008,0.0105659108906735,0.06587774139391243,1.4676710953089611,0.14676710953089614,9.455087192525786,-0.27562036313068156,0.005709725907629988,0.06442115222860031,1.5055414593363976,0.15055414593363975,9.51668405246211,-0.23745286927409984
76,10,Random,0.19377011601948313,0.274501002004008,0.2056335887666181,0.23457044805678792,3.2241104213082634,0.3224110421308263,5.7408181134424465,-2.9289612762518313,0.2014629694516003,0.2248163000101768,3.136677037704132,0.31366770377041336,5.873501319397514,-2.9077686294761045
76,20,Paper (published),0.19377011601948313,0.274501002004008,0.03677601710670667,0.10633605600737249,2.0720258594278667,0.10360129297139331,14.86811568466055,-3.7998599874554726,0.034229819345661876,0.1037104791094121,1.9483585690724443,0.09741792845362221,14.995796663276762,-3.767936746741703
76,20,Paper + swap,0.19377011601948313,0.274501002004008,0.03482776284589479,0.10126454087125097,2.0160065909091713,0.10080032954545859,15.242993480952128,-3.424433013830078,0.034065112109808754,0.09719427312769942,1.8763741253311754,0.09381870626655875,15.426124075452282,-3.2955089104154465
76,20,Max diversity |rho|,0.19377011601948313,0.274501002004008,0.01227737824888269,0.08494333843258045,2.1445825765533333,0.10722912882766666,15.677123755789172,-2.7773573626121406,0.015217573770338296,0.08588195803750376,2.0569045636686716,0.10284522818343358,15.726035907676076,-2.748390805624356
76,20,Max diversity rho,0.19377011601948313,0.274501002004008,-0.04894576108481235,0.4433203462373077,9.624711787601456,0.48123558938007277,3.6725202968632162,-25.18856376949294,-0.049072126615632775,0.4374630390646266,9.514770202030732,0.47573851010153667,3.7308570385479047,-25.207920474802233
76,20,Log-det,0.19377011601948313,0.274501002004008,0.017546951097916905,0.09458755326680504,2.289471966507784,0.11447359832538917,15.673697258568783,-2.52228780317013,0.01674780055698486,0.09473490563256164,2.359356199013271,0.11796780995066358,15.677359189679404,-2.493121963429066
76,20,Random,0.19377011601948313,0.274501002004008,0.22132708764585868,0.3350647636637417,7.768826784292283,0.38844133921461405,5.2039363134578736,-16.682704462735924,0.21860294002479919,0.32756921905868797,7.534098032742509,0.37670490163712544,5.394874313756427,-16.3312902775377
76,50,Paper (published),0.19377011601948313,0.274501002004008,0.02341229750031547,0.13341422771414546,4.276787951986449,0.08553575903972896,20.704355854419877,-25.547824342733467,0.027285575887608802,0.13351953987775003,4.023672822862682,0.08047345645725366,20.712611465764894,-26.47596190853098
76,50,Paper + swap,0.19377011601948313,0.274501002004008,0.021044538998105364,0.13255405830713077,4.4718129911614035,0.08943625982322809,21.030239549217878,-24.515843438659697,0.02467228641494585,0.13178221922119815,3.9082219386584582,0.07816443877316917,21.22290237393318,-25.193139263517665
76,50,Max diversity |rho|,0.19377011601948313,0.274501002004008,0.013052261047418466,0.12073963600439937,4.703967109423635,0.09407934218847269,21.947613428808634,-22.112664941524866,0.016364907600804897,0.12014687084732176,4.489403537441254,0.0897880707488251,22.072091312787478,-22.613697429179155
76,50,Max diversity rho,0.19377011601948313,0.274501002004008,-0.018263608572549744,0.36566187688116597,20.184037815415742,0.40368075630831496,5.1042672101537825,-81.57773964305063,-0.018762257957956937,0.3705632355763788,20.310916879874867,0.40621833759749737,5.041409697613023,-83.42973352846036
76,50,Log-det,0.19377011601948313,0.274501002004008,0.02133479056933304,0.12701165886584317,5.242785976044621,0.10485571952089243,21.585091948812664,-20.45145567984028,0.02378615852163438,0.12670647676042293,5.05552009213033,0.10111040184260661,21.778213154739227,-20.992606970600665
76,50,Random,0.19377011601948313,0.274501002004008,0.22999642205202736,0.3439107792150462,19.19728852072568,0.3839457704145136,5.7334162508528665,-60.332237853382736,0.23322656521780685,0.34845705392506254,19.47627629692701,0.38952552593854034,5.60996404089204,-62.049636325001785
77,10,Paper (published),0.07001326555866637,0.37981563126252504,0.012044463190957757,0.0665353039312256,1.311127091163629,0.13111270911636283,9.45002889757311,-0.3042471778769716,0.009418270649150304,0.05411567619353652,1.255619088621735,0.1255619088621735,9.576320621247094,-0.237354602636305
77,10,Paper + swap,0.07001326555866637,0.37981563126252504,0.0038195427827921935,0.06250816231589926,1.3101234151639023,0.13101234151639024,9.511459518673801,-0.2744681009857033,0.002554975340911346,0.05615080724897648,1.2522265973133706,0.12522265973133703,9.558712963368379,-0.25402648226085667
77,10,Max diversity |rho|,0.07001326555866637,0.37981563126252504,0.01630248475065055,0.041299919529480124,1.227710561236293,0.1227710561236293,9.76418920948657,-0.127453539670403,0.009820585821499575,0.036554445551562655,1.2160394562166477,0.1216039456216648,9.801379885292963,-0.10610060178431191
77,10,Max diversity rho,0.07001326555866637,0.37981563126252504,-0.0969155005527892,0.3764690512717554,4.4711302169297085,0.4471130216929709,3.9995688081335463,-5.642887842136856,-0.09833786992672411,0.3776697990717326,4.455463508854601,0.4455463508854602,4.006709936438779,-5.769811371981859
77,10,Log-det,0.07001326555866637,0.37981563126252504,0.0016862318907788923,0.047523363326951014,1.3170865165817525,0.13170865165817522,9.69785597409197,-0.1566259958482902,-0.0029147616283850377,0.03847418653980909,1.2591618345828028,0.12591618345828032,9.80722323339364,-0.09667951691808176
77,10,Random,0.07001326555866637,0.37981563126252504,0.09283236127825724,0.19634442243952827,2.850076344660822,0.2850076344660822,6.7041331637788,-1.9441903156772344,0.09789407945830403,0.20043352724821797,2.8905549852879284,0.28905549852879286,6.655965369167121,-1.9550906570999091
77,20,Paper (published),0.07001326555866637,0.37981563126252504,0.012200865701262692,0.07759146630956724,1.7860804656464366,0.08930402328232181,16.77179551784991,-2.1575751976000968,0.011199446948635085,0.07566842283568162,1.7055291812857545,0.08527645906428774,16.851686497508332,-2.1011145297129428
77,20,Paper + swap,0.07001326555866637,0.37981563126252504,0.016176088532464182,0.08076170311978616,1.764048237371357,0.08820241186856782,16.60567735974115,-2.4462465739131125,0.01193873749470409,0.07722527069919108,1.5992872121414181,0.07996436060707093,16.858703608576874,-2.327708179122535
77,20,Max diversity |rho|,0.07001326555866637,0.37981563126252504,0.01103116203572276,0.06457726341488441,1.7729629486645675,0.08864814743322835,17.664806495605617,-1.3303435767486238,0.012242870128291321,0.06106986138122957,1.672939459783464,0.08364697298917319,17.8464247291675,-1.3008360293144172
77,20,Max diversity rho,0.07001326555866637,0.37981563126252504,-0.04496250978852479,0.22839489015800266,5.372090354438791,0.26860451772193955,8.239874618488273,-11.231637189965161,-0.045900210028891684,0.22014806259853378,5.163515947458203,0.2581757973729102,8.561076300517339,-10.8842074166793
77,20,Log-det,0.07001326555866637,0.37981563126252504,-0.0037998114639608725,0.06646099923258614,1.6963364826948686,0.08481682413474348,17.762948139587525,-1.2302131443741906,-0.005379448131803287,0.06531644940853108,1.6538646172686087,0.08269323086343046,17.919222911956556,-1.1586701763907625
77,20,Random,0.07001326555866637,0.37981563126252504,0.06600800794219844,0.16076123414582966,3.427307707316894,0.1713653853658447,11.177446502055815,-7.242975966292365,0.06482083210016672,0.16132697561070747,3.3094711516025006,0.16547355758012505,11.207790629034559,-7.486979535875559
77,50,Paper (published),0.07001326555866637,0.37981563126252504,0.016156882120235694,0.09527659253105633,3.147518035156123,0.06295036070312246,28.776820831767303,-17.596548931024067,0.013629045410997197,0.09498028448555068,2.9111292315018438,0.058222584630036885,28.869227018153126,-18.55113666588445
77,50,Paper + swap,0.07001326555866637,0.37981563126252504,0.014052080907613663,0.09458492752845782,3.162584192546002,0.06325168385092005,28.83183134660976,-17.590246758554112,0.012366115442065107,0.09516061671171681,2.827526498108184,0.05655052996216368,28.718085128818537,-18.75645807995738
77,50,Max diversity |rho|,0.07001326555866637,0.37981563126252504,0.009442867134971791,0.08637911191250716,3.221794017329777,0.06443588034659554,30.340670287738025,-14.284439339994004,0.008228570666075165,0.08662096191553367,3.091164657760271,0.06182329315520543,30.172116617153396,-15.39661140062275
77,50,Max diversity rho,0.07001326555866637,0.37981563126252504,-0.017697547049418158,0.2489195011256908,13.532038043233651,0.27064076086467304,9.325451865274507,-54.827376487831664,-0.018247337291586122,0.24368107020302765,13.158518870767956,0.26317037741535915,9.618064537947705,-55.89520783267323
77,50,Log-det,0.07001326555866637,0.37981563126252504,0.015264719380209946,0.0921790245895555,3.8739811196744816,0.07747962239348963,30.214867906712808,-12.029748597141046,0.011513575372194926,0.09183848612474331,3.635052863190291,0.07270105726380581,30.328105966070222,-12.77111523401515
77,50,Random,0.07001326555866637,0.37981563126252504,0.06755351454495713,0.20228526928046514,11.015086708827049,0.22030173417654103,12.660818619186205,-38.77224035078633,0.061465026164295666,0.19615144542747065,10.613891703203393,0.2122778340640679,13.101508559108694,-39.841272744611956
78,10,Paper (published),0.007215661604055295,0.48667735470941886,0.010788510405424941,0.0626154097570648,1.3966747872110812,0.13966747872110813,9.47338003046453,-0.2899944152617574,0.01028868922740783,0.05359509136071286,1.273903059854897,0.1273903059854897,9.59368795519445,-0.24179511059705872
78,10,Paper + swap,0.007215661604055295,0.48667735470941886,-0.004890478709459145,0.057137885369010585,1.3855597469474397,0.13855597469474396,9.478090173105103,-0.2888234899717004,-0.001291645869985552,0.053236258753375114,1.2219801074644931,0.12219801074644936,9.60651658329198,-0.2314650724641768
78,10,Max diversity |rho|,0.007215661604055295,0.48667735470941886,0.002958802557933777,0.03210975860890807,1.2266401364684631,0.12266401364684631,9.857501496882678,-0.07293053692067604,0.0005876043365601358,0.029539494841901527,1.1622075212427405,0.11622075212427405,9.882817649788327,-0.06214920186188137
78,10,Max diversity rho,0.007215661604055295,0.48667735470941886,-0.09663093973550085,0.2323735370886473,2.6561538798555837,0.2656153879855584,5.5552676936670755,-5.841481959070186,-0.09577447803343131,0.23166660244082318,2.5543499834426093,0.255434998344261,5.588644965027169,-5.725241489190727
78,10,Log-det,0.007215661604055295,0.48667735470941886,0.0021871590291539437,0.03487431797988575,1.2683531405682187,0.12683531405682186,9.825865173880697,-0.08795893276202593,0.002029912485315767,0.03138191183228621,1.200723435756489,0.12007234357564892,9.86899752294425,-0.06630958714480795
78,10,Random,0.007215661604055295,0.48667735470941886,-0.0072969824031157765,0.1352507313796263,1.9004530529905295,0.19004530529905297,8.070389125841324,-1.216410419534717,-0.005238017716808703,0.13653981114310215,1.95926588533609,0.195926588533609,7.980526668248536,-1.2698301377128087
78,20,Paper (published),0.007215661604055295,0.48667735470941886,0.001823089576530792,0.06954885724188366,1.7997940228506142,0.08998970114253071,17.22318564216914,-1.7907211344183516,0.0032622429732133027,0.06928983344070863,1.6183108824614443,0.08091554412307222,17.43274704585319,-1.720921381783552
78,20,Paper + swap,0.007215661604055295,0.48667735470941886,0.007448026627459339,0.06449096405761198,1.715687901652339,0.08578439508261694,17.609138940678967,-1.4607232353370436,0.007695702196144583,0.0642836386661844,1.5339147012202377,0.07669573506101186,17.658334685946436,-1.5121903573593491
78,20,Max diversity |rho|,0.007215661604055295,0.48667735470941886,0.005397893227498572,0.045748731809567095,1.5048746519246776,0.07524373259623388,18.795724913789133,-0.6199621604836284,0.004048835706595752,0.04829551386440155,1.512843222300095,0.07564216111500477,18.695058532649288,-0.7041713517621443
78,20,Max diversity rho,0.007215661604055295,0.48667735470941886,-0.044986418430405545,0.19331298746680728,4.022875005894675,0.20114375029473375,9.26818416624317,-11.280448063416932,-0.045547814952127876,0.19347794594778606,3.9204163600372777,0.19602081800186386,9.29006998194286,-11.556656133773528
78,20,Log-det,0.007215661604055295,0.48667735470941886,0.0064038562615691685,0.05047954002301178,1.596623665242354,0.07983118326211772,18.638811922306342,-0.6891398782101976,0.0045337829974068855,0.05026645387018698,1.559128687677625,0.07795643438388127,18.673136820916763,-0.6788882900201553
78,20,Random,0.007215661604055295,0.48667735470941886,0.003473755795653185,0.17030359842422013,3.457214403777301,0.172860720188865,10.74614752312533,-8.036287512530025,-0.00039416282770580357,0.17448268372478623,3.485354079823941,0.17426770399119698,10.503826497168998,-8.473660341371872
78,50,Paper (published),0.007215661604055295,0.48667735470941886,0.008134090753114573,0.08111486313341208,3.0496493358607077,0.06099298671721417,31.46183462672831,-13.315813674713864,0.007979980588491453,0.08150699384222797,2.7415491082907337,0.05483098216581467,31.505160894824396,-14.007167149092721
78,50,Paper + swap,0.007215661604055295,0.48667735470941886,0.005938752197575756,0.08073160483958963,3.0001160083842664,0.06000232016768533,31.60653154619328,-13.10246035324059,0.006049193598929743,0.0816154476769729,2.6893487177916,0.053786974355832,31.51891587664881,-13.879926932178595
78,50,Max diversity |rho|,0.007215661604055295,0.48667735470941886,0.006186618454551607,0.07030867499734494,2.8367791994026725,0.05673558398805345,35.16542197964796,-8.856593276929583,0.005275519020748013,0.07273971374991715,2.7941435754248083,0.055882871508496176,34.59021584541526,-9.836808595972101
78,50,Max diversity rho,0.007215661604055295,0.48667735470941886,-0.01637842024941848,0.20293296410289863,9.150759426800597,0.18301518853601192,12.23094530440888,-46.80655247370981,-0.017630306048052942,0.2119477542277929,9.669366266061193,0.19338732532122385,11.510489691769262,-50.08753879195893
78,50,Log-det,0.007215661604055295,0.48667735470941886,0.005673216588640763,0.07176510496161341,2.978392577653371,0.05956785155306741,35.512130794489025,-7.642819013057073,0.006695384432604464,0.07525873447790728,3.1514210293001,0.063028420586002,34.67772048173118,-8.64905689582961
78,50,Random,0.007215661604055295,0.48667735470941886,0.02189668625091675,0.14846713312792592,6.167453359679645,0.1233490671935929,18.36022735610338,-26.236935043295833,0.02077872496088215,0.1526528849418539,6.287023103337607,0.12574046206675218,17.658807178196227,-28.596195497990863
79,10,Paper (published),0.036592755174602865,0.4353426853707415,-0.0005605438316846907,0.036449993756673835,1.2573810668955538,0.12573810668955537,9.803072907051188,-0.10097132373875131,0.0002430136887930624,0.032794299550821665,1.2059800739174438,0.12059800739174435,9.835634963743763,-0.0856780309118731
79,10,Paper + swap,0.036592755174602865,0.4353426853707415,-0.011781303310420025,0.03759445333162077,1.2687775205532652,0.12687775205532653,9.770402789358728,-0.1216092203448311,-0.0048897491888232536,0.03908098329759728,1.165771701668891,0.11657717016688914,9.79448476136907,-0.11343092905027112
79,10,Max diversity |rho|,0.036592755174602865,0.4353426853707415,-0.0013484024225810267,0.03062972387109162,1.210938804865627,0.12109388048656274,9.868381625033134,-0.06574684557448662,-0.003938726078050566,0.023177548648228574,1.1461472132475081,0.11461472132475081,9.916000034526464,-0.04276771760828279
79,10,Max diversity rho,0.036592755174602865,0.4353426853707415,-0.09439921276034562,0.18391359021261494,2.2649321087988343,0.2264932108798834,6.298583896045973,-4.152127173499006,-0.09282918297017145,0.18590505942350563,2.201674626399975,0.2201674626399974,6.2932700977070395,-4.0631915916638635
79,10,Log-det,0.036592755174602865,0.4353426853707415,-0.0018784335136721472,0.03924650619084304,1.2056461288900708,0.12056461288900712,9.800911441967859,-0.1039153982323763,0.001999955760959965,0.025213743725386307,1.127769049303647,0.11277690493036467,9.913420575699037,-0.04464230540995408
79,10,Random,0.036592755174602865,0.4353426853707415,0.05278158356594508,0.1078712436356176,1.6947660146399122,0.16947660146399118,8.518746705454856,-0.9683138339780488,0.049758939955335715,0.10702037468045802,1.6706436480533973,0.1670643648053397,8.477917739208332,-0.9891157928149314
79,20,Paper (published),0.036592755174602865,0.4353426853707415,0.012337320937663317,0.05709442679151137,1.6639066306019645,0.08319533153009821,17.85407161165097,-1.3339073529429575,0.01073054921088743,0.060125680997253114,1.5404681543048653,0.07702340771524327,17.78224346429882,-1.4066144310881386
79,20,Paper + swap,0.036592755174602865,0.4353426853707415,0.011055692578386865,0.05488034756239724,1.6191236249205048,0.08095618124602524,17.857218917620322,-1.3580342453988585,0.010617563694677722,0.05512417854607392,1.454293418887819,0.07271467094439095,18.086435676786227,-1.2051860215983683
79,20,Max diversity |rho|,0.036592755174602865,0.4353426853707415,0.010394428018921691,0.04706839158608144,1.5077985550077997,0.07538992775038995,18.575585021580803,-0.794675221498702,0.007921916092425143,0.043288104958321874,1.5210479336170755,0.0760523966808538,18.673099801365684,-0.7296665412887006
79,20,Max diversity rho,0.036592755174602865,0.4353426853707415,-0.04427181375792271,0.1619735844954196,3.1008985615533278,0.15504492807766643,10.691813753599655,-10.507492760787702,-0.0451716819738488,0.1631576165750358,3.2439717927456297,0.16219858963728148,10.653561174123796,-10.62993304732909
79,20,Log-det,0.036592755174602865,0.4353426853707415,0.008080221437859608,0.04862063623746464,1.5652863578818526,0.07826431789409265,18.657531537506777,-0.6927468336450315,0.005621975852834099,0.04959801023962611,1.501042455841434,0.0750521227920717,18.76788188973341,-0.6555982411643225
79,20,Random,0.036592755174602865,0.4353426853707415,0.0403400038280949,0.13186397167600142,2.564254576683405,0.12821272883417026,12.908535443624888,-5.856988854725789,0.043613166113462096,0.13296283671929612,2.4857997381218166,0.12428998690609083,12.726512943818296,-6.165437988428557
79,50,Paper (published),0.036592755174602865,0.4353426853707415,0.017450954085691864,0.07575872660875883,2.730158884773604,0.054603177695472085,33.4675525505878,-11.928377138965702,0.015931626434736744,0.07663565414585748,2.426368277432288,0.04852736554864577,33.34177297589605,-12.698780935534932
79,50,Paper + swap,0.036592755174602865,0.4353426853707415,0.01858134241759357,0.07599352044326221,2.6512144843136913,0.053024289686273825,33.068699982974245,-12.40262924205813,0.017236285928036922,0.0763406279108237,2.390031124425247,0.04780062248850494,33.027093574123505,-13.110683905214577
79,50,Max diversity |rho|,0.036592755174602865,0.4353426853707415,0.012331645434508948,0.06414028781071364,2.7909259575850593,0.0558185191517012,35.209810360262864,-9.48434860268717,0.0131202310990993,0.06395239534320328,2.552529309414303,0.051050586188286055,35.276740550151914,-10.21564000815386
79,50,Max diversity rho,0.036592755174602865,0.4353426853707415,-0.01582052376298932,0.15133714208724522,5.724313288549431,0.11448626577098858,17.084980348214934,-40.775020306628484,-0.01687067392949342,0.15150014701005046,5.4690372807671475,0.10938074561534299,17.119225562233993,-41.79146634278558
79,50,Log-det,0.036592755174602865,0.4353426853707415,0.009110320390385049,0.06694731080369044,2.850824612882897,0.05701649225765793,36.4661481760302,-7.679814094872922,0.008448074692154065,0.06952021521520207,2.7710997375647355,0.055421994751294716,35.88049552074863,-8.52557809265451
79,50,Random,0.036592755174602865,0.4353426853707415,0.04176323351272534,0.12466906242660553,4.892637315823434,0.09785274631646868,20.787380818210465,-31.632973967873664,0.04465709471295567,0.12532731243357895,4.922330038759983,0.09844660077519964,20.628947750062068,-32.68697517662035
80,10,Paper (published),0.009506865457273517,0.48570741482965935,0.006211473493273034,0.07639599765681317,1.4102413673221394,0.14102413673221395,9.256443375263817,-0.44896039011383415,0.006030175493011152,0.06627099179477897,1.3276921287646382,0.13276921287646373,9.38963819808086,-0.37635895429574096
80,10,Paper + swap,0.009506865457273517,0.48570741482965935,-0.010065602998922766,0.07712447031987722,1.3366208733204294,0.13366208733204293,9.342154739800023,-0.4101626458838744,-0.00037691564043925205,0.0702599058858581,1.2594387403027072,0.12594387403027074,9.418494015746894,-0.3775340156560605
80,10,Max diversity |rho|,0.009506865457273517,0.48570741482965935,-0.0024443241317898346,0.04016883254524487,1.3072447066075703,0.13072447066075701,9.775630271381058,-0.11113985832076656,-0.0014232717168693894,0.03126323976704642,1.2358538262811838,0.12358538262811836,9.8298678146238,-0.0852814868126381
80,10,Max diversity rho,0.009506865457273517,0.48570741482965935,-0.09022385899821707,0.19248850371985068,2.3215226195838277,0.23215226195838282,6.596206945001056,-3.248925754194675,-0.09119607828709449,0.19760819074114147,2.2749056711734643,0.22749056711734653,6.594722866054477,-3.2864798110614255
80,10,Log-det,0.009506865457273517,0.48570741482965935,0.012974184716558037,0.04624266155916115,1.2955775796110796,0.12955775796110797,9.663330278837208,-0.1787881000931724,0.0020689847438499906,0.039908924399409615,1.2352555689712514,0.12352555689712515,9.781145080988166,-0.11307030940240273
80,10,Random,0.009506865457273517,0.48570741482965935,-0.00513694024917577,0.13897898192543517,1.9003968283570625,0.1900396828357062,7.930632412759456,-1.4905221202374224,-0.003310555636542895,0.1424326780480013,1.936744947446956,0.1936744947446956,7.809428660635551,-1.6075316553961791
80,20,Paper (published),0.009506865457273517,0.48570741482965935,0.0030396459296637805,0.08428804391019018,1.7754293173172973,0.08877146586586485,16.504871181378576,-2.4626595906281015,0.0031991187427739404,0.08243074828620953,1.6829294335270433,0.08414647167635217,16.554053403924392,-2.4820496172935367
80,20,Paper + swap,0.009506865457273517,0.48570741482965935,-0.0007440912833299311,0.08252689094730305,1.8092107901702084,0.0904605395085104,16.537222405662725,-2.449211062469272,-0.0018708809463658998,0.08197929032481288,1.6538915393936098,0.0826945769696805,16.633237812168982,-2.386433128311458
80,20,Max diversity |rho|,0.009506865457273517,0.48570741482965935,0.011438180590345234,0.05965050218232887,1.6713106025518611,0.08356553012759305,18.051877124820006,-1.1238738465126756,0.007802213196121013,0.0564092639976974,1.5686196695644068,0.07843098347822035,18.19415498857539,-1.0565855239646709
80,20,Max diversity rho,0.009506865457273517,0.48570741482965935,-0.0445543457829421,0.18381193637746465,3.468998269084968,0.1734499134542484,9.800433273012176,-12.990906955409175,-0.04545765456249675,0.1892977280716409,3.647161189239526,0.18235805946197625,9.70498345327582,-13.064632252254825
80,20,Log-det,0.009506865457273517,0.48570741482965935,-0.0024125060778891873,0.05803512038695098,1.6775455438168645,0.08387727719084326,18.233370793294156,-0.9632792572789051,-0.0010456483343588704,0.058057504392059936,1.576535902138756,0.07882679510693781,18.266749488536217,-0.9555634028992449
80,20,Random,0.009506865457273517,0.48570741482965935,0.017395262913496017,0.1403249635066118,2.700877393921898,0.13504386969609491,12.751528951116232,-5.870843546335826,0.016636788647715426,0.14131883668555184,2.776009319414323,0.1388004659707162,12.696166279327963,-5.977098221250286
80,50,Paper (published),0.009506865457273517,0.48570741482965935,0.01237837815974324,0.097192532815865,3.1429771619327997,0.062859543238656,27.853617554478582,-22.237933750274866,0.011862389212667959,0.0957529990427873,2.818938732470105,0.05637877464940212,28.249401028284723,-22.56115606784307
80,50,Paper + swap,0.009506865457273517,0.48570741482965935,0.014245827205881788,0.09606620181757171,3.0840944750006547,0.0616818895000131,27.92856603716032,-22.268809640539025,0.013742102251403867,0.09493017574009983,2.7310433520060386,0.05462086704012077,28.187853596994557,-22.471843518512927
80,50,Max diversity |rho|,0.009506865457273517,0.48570741482965935,0.010216195781676509,0.0825687228588828,3.1234317011614823,0.06246863402322964,31.57088430386229,-13.762170469542065,0.00902663657379794,0.08133951090112172,2.9083437239435446,0.058166874478870895,31.45912989422047,-14.476178302580962
80,50,Max diversity rho,0.009506865457273517,0.48570741482965935,-0.015172384277121963,0.15202649091177262,5.028657818318475,0.10057315636636949,17.87727083897437,-41.98034348282255,-0.016448520242103352,0.15589005948785978,5.348655587076201,0.10697311174152402,17.457511285517448,-43.34038433146916
80,50,Log-det,0.009506865457273517,0.48570741482965935,0.00512845608634851,0.0899429246843086,3.533105141942748,0.07066210283885495,30.786829684848843,-11.610666651296816,0.003025607796059277,0.08873062374150106,3.33195378166372,0.06663907563327441,31.178944294439408,-11.883850048392967
80,50,Random,0.009506865457273517,0.48570741482965935,0.013529704031354691,0.15166874298390592,5.8452649458248,0.11690529891649604,17.959697488817,-35.12468156372782,0.011263314135539753,0.15102445697183056,5.2882272617468535,0.10576454523493711,17.99248662708919,-35.932944476763595
81,10,Paper (published),0.09234501638631785,0.3111422845691383,0.03767318427837137,0.07575126805011244,1.5044675950057143,0.1504467595005714,9.21243449496264,-0.46572843252014373,0.035250430655212224,0.08007480100350829,1.4546589040063147,0.14546589040063143,9.219201953262624,-0.46996464089381673
81,10,Paper + swap,0.09234501638631785,0.3111422845691383,-0.015648286542009678,0.07737357345788226,1.3771964343766896,0.1377196434376689,9.277761339343721,-0.4221722270826492,-0.009149231140531577,0.0716122227473885,1.3218046472942626,0.13218046472942627,9.389079491382855,-0.35810683705903085
81,10,Max diversity |rho|,0.09234501638631785,0.3111422845691383,0.001502098818969402,0.06048849033320577,1.4799738277504622,0.1479973827750462,9.41213330619688,-0.3046417652544102,0.00432453990891249,0.0448457627206883,1.3307111858578837,0.13307111858578838,9.669440208914425,-0.1752974725052797
81,10,Max diversity rho,0.09234501638631785,0.3111422845691383,-0.09360915307173062,0.3265588963210483,4.063403333646245,0.40634033336462444,4.401759613252641,-5.388986161153287,-0.0946663924798129,0.3175052700261561,3.9798420720698457,0.39798420720698463,4.449572501518666,-5.504422540082214
81,10,Log-det,0.09234501638631785,0.3111422845691383,0.015257918905572218,0.062268112480984406,1.4293859439302017,0.14293859439302012,9.526392872985031,-0.23688155934179414,0.018929378141318332,0.046014933887401965,1.3364052945848446,0.13364052945848445,9.699393369923596,-0.1531236406052344
81,10,Random,0.09234501638631785,0.3111422845691383,0.1548628527743916,0.18740577951182652,2.6592343287585076,0.26592343287585074,6.812499501835425,-2.2178585390179593,0.14366223547478763,0.1757242349255597,2.5939760549006663,0.2593976054900667,6.897387182998077,-2.2261453807603617
81,20,Paper (published),0.09234501638631785,0.3111422845691383,0.011329061565231413,0.09811733963092031,2.133820668907494,0.10669103344537467,15.224261846799266,-3.3507286881308196,0.009032035049484565,0.0984606737086635,1.962044156607772,0.0981022078303886,15.154919776335094,-3.5807277571112297
81,20,Paper + swap,0.09234501638631785,0.3111422845691383,0.010185374632204239,0.10093951871992807,2.111808798207334,0.10559043991036665,15.048427659998195,-3.6894663765547184,0.00799460774990468,0.09769402044505444,1.8823822622415973,0.09411911311207986,15.188690542491447,-3.751190341989975
81,20,Max diversity |rho|,0.09234501638631785,0.3111422845691383,0.03213512889983354,0.08028524589501934,1.975713304330848,0.09878566521654239,16.518098002045015,-2.210789581309383,0.02962398783972671,0.0750669750630043,1.8777303399455125,0.09388651699727563,16.82357632399601,-2.035410090486298
81,20,Max diversity rho,0.09234501638631785,0.3111422845691383,-0.04580877485328203,0.23988188660265344,5.186206793784571,0.25931033968922856,7.988282378417536,-12.172888481536647,-0.04625973142166139,0.2358830881006341,5.1282845268170245,0.25641422634085126,8.0533352044474,-12.261296506334533
81,20,Log-det,0.09234501638631785,0.3111422845691383,0.012455080380566832,0.08851847391038982,2.250104605981059,0.11250523029905293,16.411128339227236,-1.9184401232878352,0.010907524134748605,0.07871939414506865,2.1024886745631863,0.10512443372815931,16.89310677090701,-1.7076175288598239
81,20,Random,0.09234501638631785,0.3111422845691383,0.186865431323698,0.25001079396419235,5.933491079127428,0.2966745539563714,7.832992930720941,-8.49810652192167,0.18487549089250155,0.2475386601501803,5.922107526380405,0.2961053763190202,7.886876977960582,-8.445267866379812
81,50,Paper (published),0.09234501638631785,0.3111422845691383,0.015416877008336868,0.11971371418314433,4.294675380809036,0.08589350761618073,23.54228069479504,-23.240806378291357,0.015403779018015826,0.11841601019276635,3.9746371874942743,0.07949274374988548,23.72592872762472,-24.509588543337372
81,50,Paper + swap,0.09234501638631785,0.3111422845691383,0.01586836204464977,0.12202665683551037,4.071731221790936,0.0814346244358187,23.336239852582036,-23.934662282454966,0.016344513756665978,0.12039612456326862,3.6558612290335786,0.07311722458067159,23.473310566194343,-25.11061328071214
81,50,Max diversity |rho|,0.09234501638631785,0.3111422845691383,0.036895893840275064,0.10845347057982903,4.611010182033038,0.09222020364066078,25.64361694045704,-19.47134071227361,0.03554864753420721,0.1046595965450103,4.374615046570755,0.08749230093141509,26.19594764821058,-20.164546630108532
81,50,Max diversity rho,0.09234501638631785,0.3111422845691383,-0.017684804539712478,0.23659678492046762,12.366795033533062,0.24733590067066125,10.581674801075327,-49.68247958093313,-0.018173420611193394,0.2344515036129194,12.184581580243638,0.2436916316048728,10.680463555656752,-50.923059626857224
81,50,Log-det,0.09234501638631785,0.3111422845691383,0.06045768762280619,0.12410987672744903,6.635792268079195,0.13271584536158387,23.80237312607703,-14.941783512204433,0.058207608189171915,0.12075130253289838,6.375604588962942,0.12751209177925885,24.431196979412352,-15.285500254157885
81,50,Random,0.09234501638631785,0.3111422845691383,0.10831419599637206,0.19664812177359509,10.091686608388358,0.20183373216776712,13.608868195495285,-38.0459262796236,0.11133085202970394,0.19682432948372686,10.024723054415485,0.2004944610883097,13.51604911018198,-39.692277673084504
82,10,Paper (published),0.02981168195078074,0.4596633266533066,0.025343941082982862,0.05616462692480811,1.3324648010569053,0.13324648010569054,9.57837895376204,-0.23436598196504682,0.010273883952090146,0.047442234196434147,1.1995526170165052,0.11995526170165054,9.692584077949235,-0.18409892159557312
82,10,Paper + swap,0.02981168195078074,0.4596633266533066,0.025343941082982862,0.05616462692480811,1.3324648010569053,0.13324648010569054,9.57837895376204,-0.23436598196504682,0.010273883952090146,0.047442234196434147,1.1995526170165052,0.11995526170165054,9.692584077949235,-0.18409892159557312
82,10,Max diversity |rho|,0.02981168195078074,0.4596633266533066,0.0001926734255102884,0.046488013684860004,1.265554702886747,0.1265554702886747,9.710347901664656,-0.16003447664721923,0.003015256243056915,0.03605513514323022,1.2117168397372449,0.12117168397372446,9.808408993130437,-0.1027330766975034
82,10,Max diversity rho,0.02981168195078074,0.4596633266533066,-0.09630863412699711,0.26416794608234206,3.8252217649630698,0.38252217649630704,4.766697658996848,-4.855962326585908,-0.09600743192653316,0.2629287098903149,3.8008924726913564,0.3800892472691355,4.811926537690135,-4.708898776064098
82,10,Log-det,0.02981168195078074,0.4596633266533066,0.012189938229627637,0.039520873721527704,1.252176296345655,0.1252176296345655,9.756601031414835,-0.127433706022509,0.010805433657694747,0.03671374347848682,1.2347380305062636,0.12347380305062643,9.797394897496272,-0.10332859714461068
82,10,Random,0.02981168195078074,0.4596633266533066,0.016793001156152256,0.1667912463655044,2.665499283851827,0.26654992838518266,6.822899573345912,-2.1178690584385405,0.023193114128357076,0.16964111684811656,2.6606147829086204,0.266061478290862,6.830216319995109,-2.1188282299430155
82,20,Paper (published),0.02981168195078074,0.4596633266533066,0.007505173050957004,0.07601320526328194,1.769014596775279,0.08845072983876393,17.01975678407884,-1.9895311487084437,0.0035462953159506923,0.07201476532028633,1.5935011549587759,0.0796750577479388,17.280837127711493,-1.8853155693864627
82,20,Paper + swap,0.02981168195078074,0.4596633266533066,0.005416204730117232,0.07659436013115448,1.784729589572346,0.08923647947861733,17.010883145924424,-2.010468183398035,0.0006415967585480721,0.07348338849569502,1.5834669197094329,0.07917334598547163,17.19493386891032,-1.9660682208602205
82,20,Max diversity |rho|,0.02981168195078074,0.4596633266533066,0.004440490022552788,0.06511598298774605,1.8176696936309347,0.09088348468154672,17.453039190775954,-1.557718148793727,0.005264302121518204,0.06164495851653866,1.7084692794004224,0.08542346397002112,17.675303340638997,-1.4872813493439518
82,20,Max diversity rho,0.02981168195078074,0.4596633266533066,-0.045180987725914265,0.22379796574339678,5.872507546851649,0.2936253773425824,7.629580545414311,-11.084395392843366,-0.04599947697506727,0.22346402006686078,5.809325272260908,0.29046626361304545,7.673475110856633,-11.236090661811014
82,20,Log-det,0.02981168195078074,0.4596633266533066,0.0033767429125017624,0.06581388601248703,1.7102584221704,0.08551292110852003,17.768091230798294,-1.257830305048377,0.0031076927645311927,0.0647825274753493,1.6845951421340248,0.08422975710670126,17.854340251894428,-1.2480223283310532
82,20,Random,0.02981168195078074,0.4596633266533066,0.08521634284225801,0.20991447835082427,5.7181638955768435,0.28590819477884205,8.085581379160828,-9.66077057783298,0.08926850823737045,0.2110624214820167,5.70017413563874,0.28500870678193696,8.076708101123288,-9.771288235172019
82,50,Paper (published),0.02981168195078074,0.4596633266533066,0.006105445842785058,0.09428396662825342,3.0291261759292807,0.06058252351858561,29.59643449749271,-18.35207551126746,0.00926261889386796,0.09490009147452214,2.68040940331873,0.0536081880663746,29.615352993101997,-19.415608760981854
82,50,Paper + swap,0.02981168195078074,0.4596633266533066,0.005896265157174649,0.09367068004379837,3.0596372222497195,0.06119274444499439,29.593278962580534,-18.096820293793517,0.009081042470034602,0.09427303917190079,2.636162452463615,0.052723249049272315,29.589548634124128,-19.209856469882855
82,50,Max diversity |rho|,0.02981168195078074,0.4596633266533066,0.004510777659944814,0.0813763736177931,2.96967521581549,0.05939350431630979,31.78385868219358,-13.739962302842159,0.006418419840091072,0.08330511102748393,3.0085582951396477,0.06017116590279295,31.31474228271581,-14.748554309314157
82,50,Max diversity rho,0.02981168195078074,0.4596633266533066,-0.01756676934877243,0.1678409648788282,8.910165592730959,0.17820331185461918,14.621904610720106,-47.45511320498396,-0.018178231054453802,0.1701664065677371,9.169768325078046,0.183395366501561,14.256128288333523,-49.529106518861134
82,50,Log-det,0.02981168195078074,0.4596633266533066,0.0027475965428996594,0.08674409042003209,3.406525158679111,0.06813050317358223,31.689299906475604,-12.098188675458498,0.0046031745645335855,0.08885504095142432,3.5401036998469015,0.07080207399693805,31.402597309244047,-12.925769870554108
82,50,Random,0.02981168195078074,0.4596633266533066,0.0567825983721691,0.17732489885138872,10.294313024877507,0.2058862604975501,13.538294801116836,-38.71981274098995,0.05767248659238427,0.1764702850810381,10.174635226108652,0.20349270452217313,13.574583520087394,-39.988776122665215
83,10,Paper (published),0.08926501998164132,0.36889779559118235,0.0039926217738940496,0.07152861595331966,1.4206747978334344,0.1420674797833435,9.265467065843042,-0.426331002684468,0.004942977794947318,0.07186398836115969,1.4097768933366364,0.14097768933366364,9.298942282449582,-0.40999415263505945
83,10,Paper + swap,0.08926501998164132,0.36889779559118235,-0.010921889775477327,0.07478189582199553,1.4076106218959428,0.14076106218959428,9.280620569351777,-0.4194619757129959,-0.013422114328948615,0.07452937995894894,1.3676780665441337,0.13676780665441338,9.30360254622744,-0.4122125680532738
83,10,Max diversity |rho|,0.08926501998164132,0.36889779559118235,0.011415708063163736,0.06795495614783292,1.4784891995717067,0.14784891995717062,9.330455345229305,-0.3585914165409434,0.00640111717384272,0.05799591133443067,1.4280460331959453,0.14280460331959452,9.443187730441878,-0.309863841248496
83,10,Max diversity rho,0.08926501998164132,0.36889779559118235,-0.09884776476840543,0.45531334609151586,5.121202126269532,0.5121202126269531,3.293870936829154,-7.037221279532025,-0.09924086882421257,0.4399458064744055,4.992361509176908,0.49923615091769075,3.4032114464586973,-6.951106997229952
83,10,Log-det,0.08926501998164132,0.36889779559118235,0.0026205840110663553,0.062481978330535606,1.4103578828682397,0.14103578828682395,9.48960711347219,-0.2801624619830641,-0.005846660594350742,0.05753106502434039,1.3465541313348837,0.13465541313348833,9.585412005348843,-0.2311484933699742
83,10,Random,0.08926501998164132,0.36889779559118235,0.0944492598166663,0.3154021276885513,3.9504846820199804,0.395048468201998,4.7374836598075785,-3.7322397183990184,0.10463877447781175,0.3297485560170601,4.077226919803946,0.40772269198039457,4.589340614236543,-3.7702095785579726
83,20,Paper (published),0.08926501998164132,0.36889779559118235,0.026394877670973527,0.10521533387210714,2.2228158353206338,0.11114079176603169,14.971450606337614,-3.8474414840359294,0.02452369120151578,0.10236459336195439,1.9614736467085163,0.0980736823354258,15.162938245648252,-3.7983062965233114
83,20,Paper + swap,0.08926501998164132,0.36889779559118235,0.014414882274589346,0.10646370050582481,2.0642420194183733,0.10321210097091868,15.040990545036982,-4.039043317336361,0.012308216891783866,0.10496433806643637,1.8897793947433859,0.09448896973716929,15.123683296341673,-4.038229844054015
83,20,Max diversity |rho|,0.08926501998164132,0.36889779559118235,0.003340082138956668,0.09558719307532863,2.24740152176129,0.11237007608806451,15.75610795446637,-2.78896749876936,-0.001549052126125102,0.0911759518229811,2.084056543161211,0.10420282715806058,15.988120945943946,-2.6860848872050824
83,20,Max diversity rho,0.08926501998164132,0.36889779559118235,-0.04779035926225403,0.34439484724579056,7.79601789511058,0.3898008947555292,5.30441330600649,-15.993347291618345,-0.047950903216477984,0.3252712855267212,7.383473821462671,0.3691736910731336,5.69277979538773,-15.480621900242939
83,20,Log-det,0.08926501998164132,0.36889779559118235,-0.013988449771284012,0.09830918663768026,2.445576179132256,0.1222788089566128,15.499183303423685,-2.6042234740143084,-0.012717746807970186,0.09612886666209661,2.217779763260981,0.11088898816304903,15.716062456712752,-2.5300171560555453
83,20,Random,0.08926501998164132,0.36889779559118235,0.16151180959429265,0.3310996991207996,7.466194578700112,0.3733097289350056,5.693652221024671,-12.759576373954255,0.1669241800011896,0.33159728349557394,7.4566926652472105,0.3728346332623606,5.679040846183776,-12.784799110477357
83,50,Paper (published),0.08926501998164132,0.36889779559118235,0.007198874173329879,0.12977822988557186,4.710351393397302,0.09420702786794603,21.922394229495616,-27.279212445770064,0.004478310420298595,0.12925964671760679,4.228773261792397,0.08457546523584795,21.94100981261416,-28.269557945516382
83,50,Paper + swap,0.08926501998164132,0.36889779559118235,0.00538887040196655,0.13115239178601848,4.513649673484169,0.09027299346968339,21.793045633662306,-27.273771902448168,0.0029255271138828717,0.1300912132790436,3.9808251986355683,0.07961650397271137,21.927364473282395,-27.94163767178307
83,50,Max diversity |rho|,0.08926501998164132,0.36889779559118235,0.00858871125075847,0.12250171223159241,5.395295262995202,0.10790590525990403,22.92381194184662,-24.305811617133667,0.006030560813087198,0.12117475553996424,4.961654256548391,0.09923308513096782,23.211140041280462,-24.904886835337702
83,50,Max diversity rho,0.08926501998164132,0.36889779559118235,-0.01831440571565701,0.347723384707556,18.59951789337765,0.3719903578675531,6.163513447371892,-63.811680952726924,-0.018642974820906516,0.3387610471043746,18.119535716283067,0.36239071432566133,6.41130897172676,-63.946651105479994
83,50,Log-det,0.08926501998164132,0.36889779559118235,0.0062949189751125905,0.14632272612025307,7.923108887912866,0.15846217775825733,19.622920776753634,-20.730076758846835,0.005158004373725336,0.14089752657450913,7.3432750287626885,0.1468655005752538,20.50496101108617,-21.05347055532896
83,50,Random,0.08926501998164132,0.36889779559118235,0.09300617791011354,0.296975957258076,16.204693027741328,0.3240938605548266,7.773112191474524,-46.814273142109386,0.09094726329664314,0.28817145763501506,15.705188652297828,0.3141037730459565,8.106784379149513,-47.28887073453734
84,10,Paper (published),0.06124120192467246,0.3727134268537074,0.0006569979683238109,0.07933761604396958,1.466045134752542,0.14660451347525422,9.235263223372103,-0.46438824139608426,-0.0061974078897817485,0.07183982015071805,1.3791533295365774,0.13791533295365777,9.313959623192485,-0.4200926154917174
84,10,Paper + swap,0.06124120192467246,0.3727134268537074,0.02675966637883402,0.07885038916025147,1.4339538827770828,0.14339538827770826,9.229577073073392,-0.4627468639969534,0.016571930317692343,0.07010253216845945,1.3261729901523516,0.13261729901523517,9.341767993363646,-0.40486716227736197
84,10,Max diversity |rho|,0.06124120192467246,0.3727134268537074,0.006083176314954583,0.04745895034612957,1.3430803340877058,0.13430803340877057,9.685097587349848,-0.1604664920915556,-0.0010774381328452467,0.04041889135090962,1.2733712783355395,0.12733712783355394,9.728102259747786,-0.14269453928440634
84,10,Max diversity rho,0.06124120192467246,0.3727134268537074,-0.10156875451097991,0.2661477942414213,3.3879801234752844,0.33879801234752854,4.779946612009683,-7.391802234143199,-0.10143175298461123,0.2701770819164337,3.4633932344606233,0.34633932344606233,4.683532058588454,-7.691807370261617
84,10,Log-det,0.06124120192467246,0.3727134268537074,0.0005335261743907526,0.04775332279189791,1.260399397010854,0.12603993970108546,9.708951441089123,-0.15487699554237128,0.0012413828712993906,0.04532126252395552,1.2574983630019894,0.12574983630019895,9.738453854699193,-0.13778656439976836
84,10,Random,0.06124120192467246,0.3727134268537074,0.08603802070968603,0.17605221364243756,2.6903811504537116,0.2690381150453712,6.667103130525992,-2.531689585364785,0.08785661612005502,0.17266413208763093,2.6469298196922884,0.26469298196922886,6.664942625375471,-2.624219669414054
84,20,Paper (published),0.06124120192467246,0.3727134268537074,0.009415455099418657,0.09712170812087915,2.0937471310204723,0.10468735655102361,15.64511503540035,-3.2849729154553637,0.009719139229916343,0.09670908289677099,1.9110089875719964,0.09555044937859983,15.534780040662513,-3.570670060439212
84,20,Paper + swap,0.06124120192467246,0.3727134268537074,0.004944020770686304,0.09754035915513432,2.0409368812962816,0.10204684406481405,15.655135724902848,-3.279583597930319,0.0065893867706678325,0.0994152042804948,1.8540394793291763,0.09270197396645882,15.477891395505882,-3.6004923493215903
84,20,Max diversity |rho|,0.06124120192467246,0.3727134268537074,0.006020495264251012,0.07262473877285192,1.9722740220427255,0.09861370110213624,16.33256345157731,-2.4089284639265753,0.004863662566123913,0.07264735915144241,1.9098518157445998,0.09549259078723,16.323882915247033,-2.5347535827943193
84,20,Max diversity rho,0.06124120192467246,0.3727134268537074,-0.047119771681696135,0.26331872549288005,5.848790336221072,0.29243951681105357,6.868042673158883,-16.65543139127078,-0.04762522297939255,0.261919096440435,5.866770717238037,0.29333853586190184,6.874467365971217,-17.066896369238403
84,20,Log-det,0.06124120192467246,0.3727134268537074,0.01639743504495524,0.0800074743719575,2.260042333474929,0.11300211667374646,16.649996972269545,-1.8225465352159296,0.014188531458782225,0.08220249235664401,2.167829775486374,0.10839148877431871,16.58735354434752,-1.9123104828475717
84,20,Random,0.06124120192467246,0.3727134268537074,0.010933946280308436,0.18180882401324402,4.22990882190382,0.21149544109519103,9.805738770514298,-8.974301167113987,0.01138744279915431,0.18478458879097903,4.329117896801694,0.21645589484008468,9.612668701757618,-9.525704903997255
84,50,Paper (published),0.06124120192467246,0.3727134268537074,0.01746079539743959,0.11587948255250306,3.9084100807443174,0.07816820161488634,23.05791103535902,-25.369754074176395,0.016003177104297984,0.11866176377846312,3.732715249062807,0.07465430498125614,22.459356461943106,-27.687048012068086
84,50,Paper + swap,0.06124120192467246,0.3727134268537074,0.023344831127222347,0.116215442441861,3.8776138987064406,0.07755227797412881,23.32731201404294,-24.243805876345746,0.02270954677882066,0.11869361974606517,3.579650549138329,0.07159301098276659,22.86553020683622,-26.33501230011734
84,50,Max diversity |rho|,0.06124120192467246,0.3727134268537074,0.016760341740889816,0.10149251089469662,4.625821594006597,0.09251643188013192,25.824678063822,-17.431371016156763,0.016953462166719706,0.10194213508399942,4.3745908449681785,0.08749181689936356,25.44035532427105,-19.208497045570603
84,50,Max diversity rho,0.06124120192467246,0.3727134268537074,-0.017910176993870913,0.21401064474927942,8.975300568653559,0.1795060113730712,10.966093521570986,-65.80006017800542,-0.01850850815990228,0.2164776536420469,9.04740240655638,0.18094804813112764,10.698062241265799,-69.30991134478852
84,50,Log-det,0.06124120192467246,0.3727134268537074,0.03885313745451521,0.1190256969271814,6.5759881604763954,0.13151976320952788,23.661458626413992,-15.575826865109187,0.03847888781354757,0.11877896398289088,6.395948530860949,0.127918970617219,23.692828325020045,-16.65571743764724
84,50,Random,0.06124120192467246,0.3727134268537074,0.0611838990049425,0.1701877469088295,8.27684243336001,0.1655368486672002,14.729835384335624,-41.63018757503582,0.062158043416429325,0.17500408337883436,8.509882971523364,0.17019765943046725,14.251563431615276,-44.43927000326721
85,10,Paper (published),0.1333945079948629,0.3473426853707415,-0.005015307632680813,0.05559595677756302,1.3797543025522523,0.13797543025522524,9.61960429510187,-0.19127944603881525,-0.005809743438526883,0.04810303205344441,1.2887997029816367,0.12887997029816367,9.674520839068098,-0.16835593143822367
85,10,Paper + swap,0.1333945079948629,0.3473426853707415,-0.004971770207203635,0.05027099482339753,1.3473537641999198,0.13473537641999195,9.695602021603754,-0.154391861075381,-0.007603263436108681,0.03982471238115322,1.1975256058701285,0.11975256058701285,9.779771176633927,-0.11557076861101226
85,10,Max diversity |rho|,0.1333945079948629,0.3473426853707415,0.007434509955885501,0.03495978507068501,1.19902468432932,0.11990246843293204,9.833495318614716,-0.08587027778679439,0.009523509301227907,0.03262652933633912,1.2050824069936168,0.12050824069936165,9.836183886427554,-0.08516499555362182
85,10,Max diversity rho,0.1333945079948629,0.3473426853707415,-0.09895337048723232,0.2896971546826683,4.018642796812683,0.40186427968126825,4.45213165631059,-5.965616263012585,-0.09976518945254462,0.28993084045485984,3.9614481302796145,0.3961448130279616,4.52196553248422,-5.907961997348018
85,10,Log-det,0.1333945079948629,0.3473426853707415,0.0016661289497514793,0.04580932346246119,1.2980962648928307,0.12980962648928304,9.723844996967173,-0.13930961112592913,0.0035354414980889215,0.035843947619078956,1.2209249708156322,0.12209249708156325,9.820955578477177,-0.09221847279165471
85,10,Random,0.1333945079948629,0.3473426853707415,0.14912520531634355,0.34778678238544347,4.436722654569522,0.44367226545695204,4.025510283752267,-5.101882442985154,0.1299218042843773,0.34245082104797975,4.360972736155723,0.43609727361557243,4.128258916763057,-4.886306722570016
85,20,Paper (published),0.1333945079948629,0.3473426853707415,0.004898392673121236,0.07386407226877062,1.7449316365120917,0.08724658182560462,16.9104287637979,-1.9956144207045363,0.0008855466864965558,0.07089382195327447,1.705961918647515,0.08529809593237572,17.159943202765174,-1.8114038487872104
85,20,Paper + swap,0.1333945079948629,0.3473426853707415,0.004575833164459621,0.07078157736752366,1.8243524751241256,0.09121762375620626,17.00895800241313,-1.91198102139004,0.0021267532701717234,0.06963113488209507,1.612782936935051,0.08063914684675257,17.201827772058664,-1.8206151000576956
85,20,Max diversity |rho|,0.1333945079948629,0.3473426853707415,0.011833588912755252,0.059724285147511075,1.8836621499236343,0.0941831074961817,17.375834709169556,-1.5654727644646589,0.006351736801514493,0.059130156771031,1.7150212635191326,0.08575106317595664,17.43632477215823,-1.6051580709310163
85,20,Max diversity rho,0.1333945079948629,0.3473426853707415,-0.04748737580069783,0.36486565168383067,8.450480603075007,0.4225240301537504,4.519996174572501,-20.882414492719217,-0.048397935533341076,0.35817725913888815,8.244938608626857,0.4122469304313427,4.689690551810751,-20.39966553543226
85,20,Log-det,0.1333945079948629,0.3473426853707415,0.0009970831743108834,0.06199843867237729,1.8445513559948756,0.09222756779974378,17.956354624862946,-0.9774867172674884,-0.005369108033211663,0.060920285000534785,1.7450887993423112,0.08725443996711553,17.966016724035903,-1.0366578782741782
85,20,Random,0.1333945079948629,0.3473426853707415,0.2303629891153585,0.26973597876337635,7.158718378629876,0.3579359189314938,6.068021888145711,-12.08924240144106,0.21255867501485048,0.2701120595272052,7.030663706292401,0.35153318531462013,6.20778337550372,-12.021781080632291
85,50,Paper (published),0.1333945079948629,0.3473426853707415,0.015688744747349933,0.09172765399211016,3.5231729587847185,0.07046345917569435,28.25672299384903,-17.633920282866402,0.011198159373899818,0.09286516145211793,3.0409758469402717,0.06081951693880544,28.21900411357355,-18.80483386462754
85,50,Paper + swap,0.1333945079948629,0.3473426853707415,0.014945621605072035,0.09127978389795148,3.3617720523239303,0.06723544104647859,28.64939188118965,-16.755998668751083,0.010994448688279352,0.09156494662675159,3.0103271920520087,0.06020654384104018,28.67332531557148,-17.964520690024106
85,50,Max diversity |rho|,0.1333945079948629,0.3473426853707415,0.013727283933072022,0.08276703848759544,3.6422911402316176,0.07284582280463237,28.774451949697163,-15.875386499525147,0.012597331454430708,0.08444754518962894,3.336088269978733,0.06672176539957465,28.616692111632585,-17.157046626065295
85,50,Max diversity rho,0.1333945079948629,0.3473426853707415,-0.017564024089225812,0.29167221929975606,16.427702962943073,0.3285540592588615,7.110262837979369,-61.531664990929535,-0.018366180671252792,0.2845512432533688,15.845913055898052,0.31691826111796095,7.408807007990035,-62.4458346126854
85,50,Log-det,0.1333945079948629,0.3473426853707415,0.0027615805186557013,0.09351460891715681,4.248717815809128,0.08497435631618258,29.18075734215826,-11.877888829659,0.0016790784610518118,0.09576571875434607,4.070953565798621,0.08141907131597241,28.770719260848157,-12.969760623034412
85,50,Random,0.1333945079948629,0.3473426853707415,0.12626153692303418,0.22163440651501798,12.561539900089741,0.25123079800179476,10.26372530302573,-42.972472376998056,0.11644166222745722,0.21426288979133443,11.843445436923105,0.23686890873846206,10.871441820040655,-43.29198431681939
86,10,Paper (published),0.02521634855206378,0.42820841683366734,-0.00036731581908697154,0.04479237205989476,1.3320849485223625,0.13320849485223624,9.711332730674235,-0.14953610209226736,-0.0037416806224057656,0.03357265104988243,1.1689353483278628,0.11689353483278628,9.851955120736175,-0.07689469693676618
86,10,Paper + swap,0.02521634855206378,0.42820841683366734,-0.0029396888243848987,0.0372092082679642,1.2808715035783438,0.12808715035783436,9.808152401861326,-0.09399318361396194,-0.002236486921916562,0.027780635245847236,1.1365310153324475,0.11365310153324473,9.885208366843264,-0.059537256686294504
86,10,Max diversity |rho|,0.02521634855206378,0.42820841683366734,-0.003922488747705241,0.04074231165348484,1.3062684822628094,0.13062684822628096,9.765900604029396,-0.11296784426543034,0.002109614266282894,0.020052680556374703,1.1475804763340458,0.11475804763340454,9.93071917980453,-0.03437119087022394
86,10,Max diversity rho,0.02521634855206378,0.42820841683366734,-0.09405904050382682,0.22194570575444875,3.0022613919133896,0.30022613919133884,5.804785346273649,-4.576665668546635,-0.09496232809033599,0.20781525038186185,2.8337481246128844,0.2833748124612885,6.014817077886701,-4.457526358466583
86,10,Log-det,0.02521634855206378,0.42820841683366734,-0.009173981715393307,0.03617621028763393,1.2916882120735034,0.12916882120735035,9.81623503408068,-0.08741509175272788,-0.006688549503182612,0.02215916284319846,1.1283679743536814,0.11283679743536815,9.940534537072933,-0.02987085431528566
86,10,Random,0.02521634855206378,0.42820841683366734,0.019199161005827955,0.16394719760470342,2.520353226505624,0.25203532265056244,7.275453035071346,-1.6032340475722773,0.011035898183748614,0.15193250585247672,2.3725185163289684,0.2372518516328969,7.516541686553816,-1.5108484392600559
86,20,Paper (published),0.02521634855206378,0.42820841683366734,0.00035754778639139953,0.04444851848538249,1.5737884380010725,0.07868942190005364,18.807009878708865,-0.5774400362160692,-0.0036212548022870592,0.046218929365956375,1.4788408148773382,0.07394204074386691,18.76787201019749,-0.6429193074050658
86,20,Paper + swap,0.02521634855206378,0.42820841683366734,0.011371629101190913,0.040691837033549026,1.6028847998374958,0.08014423999187477,18.993983118776985,-0.47255257125248756,0.007962176766422429,0.04146762963584899,1.3794736959493001,0.06897368479746499,18.967289276885907,-0.5489946158048788
86,20,Max diversity |rho|,0.02521634855206378,0.42820841683366734,0.009993820694963415,0.039720448361762466,1.5305012656275316,0.07652506328137659,19.08945622242739,-0.40720459112200647,0.0043765470901057455,0.03406405349543925,1.4206317498724297,0.0710315874936215,19.262525676973365,-0.37169414546382634
86,20,Max diversity rho,0.02521634855206378,0.42820841683366734,-0.04427271664110026,0.18415578634807162,3.9571470295617974,0.19785735147808986,9.760718174592458,-12.364369512691061,-0.04587295339284675,0.179757046606118,3.8764504748437,0.19382252374218503,9.852076918265146,-12.602564840585815
86,20,Log-det,0.02521634855206378,0.42820841683366734,0.004670693988518711,0.03893537790087192,1.573163799229555,0.07865818996147772,19.17234458581577,-0.37329030961844134,0.0012722914331180794,0.03494843479740729,1.369750240217525,0.06848751201087626,19.344999063592457,-0.3331771278079303
86,20,Random,0.02521634855206378,0.42820841683366734,0.011768419130437278,0.12783791272811362,3.298403021870511,0.16492015109352556,13.379260416270851,-3.8668926168254867,0.015407224270442287,0.13206158236966717,3.383244250043421,0.16916221250217103,13.02312010999089,-4.178985132950448
86,50,Paper (published),0.02521634855206378,0.42820841683366734,0.0076604220256416685,0.05788980640290858,3.022460422763052,0.060449208455261035,37.74754684498764,-6.659331449436859,0.0025976070944566617,0.05850676255373865,2.4528889638798295,0.049057779277596573,37.68494058267183,-7.627995549152318
86,50,Paper + swap,0.02521634855206378,0.42820841683366734,0.005789610601779387,0.055359420823262014,2.896030364234254,0.05792060728468508,38.301434826595845,-6.3574347499603086,0.0026656901370454354,0.05830688817680614,2.358618312481631,0.04717236624963261,37.90012285854673,-7.376561444456764
86,50,Max diversity |rho|,0.02521634855206378,0.42820841683366734,0.0007408762511072018,0.048301157979355004,2.859111944104325,0.057182238882086504,39.60079770538102,-5.504541083731565,-0.0011532886685282062,0.050224377660333996,2.4595791480048406,0.0491915829600968,39.099095281940734,-6.512595700347471
86,50,Max diversity rho,0.02521634855206378,0.42820841683366734,-0.015475078810161995,0.1616280902580962,7.3079332001270245,0.1461586640025405,14.348839301840194,-43.839796764520344,-0.017303613219433016,0.15346565644593932,6.510417083937693,0.13020834167875386,14.842728796291036,-44.09685696063592
86,50,Log-det,0.02521634855206378,0.42820841683366734,0.010386413310921121,0.05158540521795604,2.947639323079181,0.05895278646158362,41.388298204667535,-3.2406727348595776,0.007958721521948129,0.05403817610069205,2.81915631283257,0.0563831262566514,40.72339029700226,-4.289819411560809
86,50,Random,0.02521634855206378,0.42820841683366734,0.027079784007952412,0.13504852543288753,6.47819702134017,0.12956394042680341,19.851341018451514,-21.78026142988813,0.025221474712653184,0.1337717215306448,6.350586614418368,0.12701173228836737,20.040957935544387,-22.95424918891252
87,10,Paper (published),0.023511842888002118,0.46658917835671343,0.011256919888579844,0.05731189377758496,1.4466395149484887,0.1446639514948488,9.436239226070946,-0.31095910725212206,0.011854117308473907,0.04979820806743545,1.3091347893953038,0.13091347893953037,9.562743344443454,-0.24983740413004024
87,10,Paper + swap,0.023511842888002118,0.46658917835671343,0.00721869751677954,0.05014941619172481,1.3061034482458835,0.1306103448245884,9.585210068452065,-0.22861717611814109,0.005886399330649795,0.04883758011440099,1.243021892454914,0.12430218924549134,9.655239301746112,-0.18546955620212066
87,10,Max diversity |rho|,0.023511842888002118,0.46658917835671343,0.010277170173534184,0.04535928341792459,1.2804674882763534,0.12804674882763534,9.703883518096072,-0.1584917294752382,0.01114732330879564,0.03862912468887232,1.2354646038053925,0.12354646038053922,9.775744585152793,-0.11639312159896922
87,10,Max diversity rho,0.023511842888002118,0.46658917835671343,-0.09351125011005255,0.2800036007761021,3.507761723157104,0.3507761723157103,4.803817946311731,-5.621255554785869,-0.09778012671023971,0.290377654473085,3.575388542361974,0.35753885423619747,4.6844400652899125,-6.061688096978004
87,10,Log-det,0.023511842888002118,0.46658917835671343,-0.0016698357306390481,0.04808277759617174,1.3555559530585994,0.13555559530585995,9.644016092654843,-0.18095815625809225,0.0026255888254726975,0.03974150981193541,1.290344898482934,0.1290344898482934,9.793498810076928,-0.10307211987780776
87,10,Random,0.023511842888002118,0.46658917835671343,0.1493941179654305,0.19437849319128425,2.7723591558256824,0.27723591558256827,6.014358968281918,-3.6610765163341266,0.17362357002716663,0.20278604640671188,2.9353717528251098,0.293537175282511,5.8646018965947615,-3.781243636697436
87,20,Paper (published),0.023511842888002118,0.46658917835671343,0.010206802957028305,0.0799296918730304,1.8036928148499598,0.09018464074249799,16.50922456134132,-2.358949367671807,0.008766018742728062,0.07868668112099013,1.7252056912393807,0.08626028456196905,16.678707631091406,-2.28184463465678
87,20,Paper + swap,0.023511842888002118,0.46658917835671343,0.0031307947703653654,0.07639561769205336,1.7497420864212099,0.0874871043210605,16.741135733268504,-2.322119164569843,0.004828510671349289,0.07621778182683962,1.621939710321685,0.08109698551608427,16.784919526272354,-2.353268516381141
87,20,Max diversity |rho|,0.023511842888002118,0.46658917835671343,0.004146979424588503,0.06412698740581832,1.7970125319727785,0.08985062659863895,17.294190777062465,-1.7004920616058317,0.003262932941697879,0.059699509895585416,1.697401550202377,0.08487007751011885,17.512004706538445,-1.6046801423336914
87,20,Max diversity rho,0.023511842888002118,0.46658917835671343,-0.045948880698368846,0.19443101582692052,4.533228764652548,0.22666143823262735,8.723221228557286,-13.730170998879256,-0.04632916162471473,0.1971637688781629,4.6484376220284425,0.2324218811014221,8.522170707164532,-14.343285807267177
87,20,Log-det,0.023511842888002118,0.46658917835671343,0.00043428211382130934,0.06360749098333726,1.6443218084664097,0.08221609042332048,17.792558921564517,-1.2932156967580215,0.0007590738234619551,0.06086837702277659,1.6346337250995397,0.081731686254977,17.998207488387386,-1.1545892046457389
87,20,Random,0.023511842888002118,0.46658917835671343,0.0068413341581798435,0.12630119789956987,2.5901252539902293,0.1295062626995115,13.2327436479684,-5.74292818220396,0.011051751141987335,0.13020317375013202,2.60757393581133,0.13037869679056652,13.133256192259436,-5.836919614116676
87,50,Paper (published),0.023511842888002118,0.46658917835671343,0.013925698273232083,0.09947763284168477,3.1607604418520485,0.06321520883704099,27.193706265319616,-20.40304510249086,0.013451040773388972,0.09999174355702407,2.9571921026262897,0.059143842052525784,27.222532672938257,-21.484342112251937
87,50,Paper + swap,0.023511842888002118,0.46658917835671343,0.013472661470923622,0.0982722680570964,3.1248075347173683,0.062496150694347365,27.368754169083886,-20.370272364919074,0.012275905505676461,0.09978805014902373,2.9074701007309987,0.05814940201461997,27.234847399016484,-21.672538161751483
87,50,Max diversity |rho|,0.023511842888002118,0.46658917835671343,-0.0025704820625007704,0.08846157405229048,3.4922348573885227,0.06984469714777046,29.379152820971036,-14.816578826409257,-0.002684500136267826,0.08612125063462049,3.168228927635476,0.06336457855270951,29.932146546985003,-15.21595140578133
87,50,Max diversity rho,0.023511842888002118,0.46658917835671343,-0.017404535572770535,0.2097199389120099,11.999582114450067,0.23999164228900138,10.43890621090162,-59.03445454602378,-0.01826750193200916,0.2154827518026093,12.176532271682344,0.24353064543364694,10.139493550515828,-61.314469911164416
87,50,Log-det,0.023511842888002118,0.46658917835671343,0.0016848069949773957,0.09073796556576956,3.593055336691851,0.07186110673383703,30.27349757586113,-12.6268172049446,0.0003024801286369348,0.09099917091085374,3.571412157534051,0.07142824315068104,30.316913919349176,-13.038868342771064
87,50,Random,0.023511842888002118,0.46658917835671343,0.01694122929946858,0.15584461738332117,7.33340777361218,0.14666815547224363,16.090060209914018,-41.57076148992206,0.017225608861125015,0.16221931102440532,7.369293696690878,0.14738587393381758,15.543986273448079,-43.15439214509521
88,10,Paper (published),0.02549887737044184,0.4606012024048096,0.01022415950351631,0.05591770087137772,1.3005355665637137,0.13005355665637136,9.545773209845773,-0.261448457259694,0.00547501418138988,0.053070567344232274,1.2829009176343489,0.12829009176343492,9.591193629404362,-0.2384885141637148
88,10,Paper + swap,0.02549887737044184,0.4606012024048096,0.008183695881027582,0.05403508706085109,1.2746811323368588,0.12746811323368584,9.61867893852854,-0.20880058197330081,-0.0006975800736688217,0.04667260373163032,1.2126805838641883,0.12126805838641885,9.700864228925624,-0.17130690718181596
88,10,Max diversity |rho|,0.02549887737044184,0.4606012024048096,0.025343530511793697,0.04558832518510723,1.3279574684641262,0.13279574684641265,9.720880231884268,-0.14357479513864552,0.017149451313514287,0.03323012519701358,1.235943694708641,0.12359436947086415,9.835306432372718,-0.08406238050698359
88,10,Max diversity rho,0.02549887737044184,0.4606012024048096,-0.09628528874271988,0.2370685090954853,3.106308463379264,0.3106308463379264,5.679358002251147,-4.179458583508038,-0.09681552521095037,0.23079560735537427,3.048731299530104,0.3048731299530103,5.76080194443727,-4.102606524476454
88,10,Log-det,0.02549887737044184,0.4606012024048096,0.009311140227856122,0.04202037773771146,1.2378356477458323,0.12378356477458322,9.758563213072497,-0.12765800923615017,0.0010006118337038553,0.03323770329045608,1.2408008980020964,0.12408008980020964,9.846345163964129,-0.07821971915440971
88,10,Random,0.02549887737044184,0.4606012024048096,-0.020337441922230394,0.1628770410086004,2.3457371834197365,0.23457371834197366,7.088274840416222,-2.340538847392274,-0.016435707591611635,0.16535175348996234,2.38902302527335,0.23890230252733505,7.081744187525825,-2.2213795305322437
88,20,Paper (published),0.02549887737044184,0.4606012024048096,0.010447573187663449,0.07644463864907036,1.780463755021626,0.08902318775108128,16.77857224516674,-2.182654146703002,0.002191834733312038,0.07242683982303642,1.6391793911253447,0.08195896955626725,17.129559234292216,-2.0142986649118235
88,20,Paper + swap,0.02549887737044184,0.4606012024048096,-0.0006423571014039079,0.07588924295825916,1.6935454308570905,0.08467727154285455,16.813405411229965,-2.197756005362204,0.0008121788489770305,0.07506685629720074,1.5917763603996054,0.07958881801998027,16.966932935094764,-2.1488226261020253
88,20,Max diversity |rho|,0.02549887737044184,0.4606012024048096,0.0053325006694664775,0.05953915743998084,1.7155182471666488,0.08577591235833246,17.798660468113155,-1.2699179463756642,0.002913214055550503,0.05350980136801455,1.5785748037632443,0.07892874018816223,18.148944360784533,-1.069653991769474
88,20,Max diversity rho,0.02549887737044184,0.4606012024048096,-0.04620166144955408,0.26892161569223305,6.619679045165601,0.33098395225828,6.455407462896115,-15.270927828375905,-0.04686108861566398,0.2636002676016981,6.362454009828912,0.31812270049144564,6.703301550686965,-15.198519605398275
88,20,Log-det,0.02549887737044184,0.4606012024048096,0.003312721568876803,0.05951360604818671,1.7192892095512142,0.0859644604775607,18.00700278064475,-1.0972175726906799,0.0006740362686483233,0.05651644647658977,1.6002505250288743,0.0800125262514437,18.31032668699131,-0.9288479480713571
88,20,Random,0.02549887737044184,0.4606012024048096,0.0002052974929537511,0.18270046882484578,4.674866088276465,0.23374330441382332,9.345656859951454,-9.307127077536814,-0.0025951662182747406,0.17844215574744277,4.54889486070153,0.22744474303507656,9.554597172821738,-9.140095910364648
88,50,Paper (published),0.02549887737044184,0.4606012024048096,0.013355591669887031,0.08938030568653954,2.95347837908289,0.059069567581657795,29.645106998076695,-16.385576853738062,0.01094364908564328,0.08921330129189395,2.7310937783034688,0.054621875566069365,29.86674783832422,-17.022520649157435
88,50,Paper + swap,0.02549887737044184,0.4606012024048096,0.010814916708788884,0.08931925542561221,3.03133832783329,0.06062676655666582,29.719914764934675,-16.21055600343042,0.0088932126536449,0.08862782189743706,2.656876748239934,0.05313753496479869,29.992939495685498,-16.979301766786605
88,50,Max diversity |rho|,0.02549887737044184,0.4606012024048096,0.0037264472712540387,0.07930024651685966,3.1785200526432136,0.0635704010528643,32.03994501782138,-12.309957308837346,0.00415817708893213,0.07780135100654789,2.8611402352391893,0.05722280470478378,32.389349787838775,-12.848733579508801
88,50,Max diversity rho,0.02549887737044184,0.4606012024048096,-0.017660708964658167,0.23071193365166093,12.121628462957226,0.24243256925914447,9.79960619089325,-58.72660351855195,-0.01836354207679806,0.22569101739514114,11.51520259803544,0.23030405196070888,10.246940804323971,-59.09259598499085
88,50,Log-det,0.02549887737044184,0.4606012024048096,0.010925535980960459,0.08387266375115554,3.3808116542967244,0.06761623308593448,31.973367224347815,-10.98532806601927,0.012579010499860065,0.08346533534837262,3.4284676155676514,0.06856935231135304,32.2320646383807,-11.333974992202583
88,50,Random,0.02549887737044184,0.4606012024048096,0.062042324343254525,0.16131722406806695,9.487408507840541,0.18974817015681086,14.920759422996545,-34.13373768366545,0.05929465541763972,0.16130826650518978,9.12336515595458,0.1824673031190916,15.27708688992342,-34.84120635488314
89,10,Paper (published),0.025208185271844,0.45592785571142286,0.00393552207629707,0.06813003591220597,1.3784547034164563,0.13784547034164557,9.361565448786038,-0.39750624424269776,0.0003034549725535256,0.06449990784368567,1.3323890523535837,0.13323890523535836,9.419772669040459,-0.37546357906623345
89,10,Paper + swap,0.025208185271844,0.45592785571142286,0.018661833054567603,0.07309565993346087,1.3912905513680318,0.13912905513680318,9.256080694153386,-0.4892274010415597,0.015593084880697826,0.0707957822509014,1.3216037655796748,0.13216037655796747,9.282687368695559,-0.47291583562581396
89,10,Max diversity |rho|,0.025208185271844,0.45592785571142286,0.01824812611125885,0.04360661274500249,1.2876946857071392,0.12876946857071395,9.73266471235624,-0.13636664885234653,0.007589793315233213,0.0341380389690311,1.2074752339036583,0.12074752339036583,9.838559345028894,-0.08276009360335007
89,10,Max diversity rho,0.025208185271844,0.45592785571142286,-0.0944966393298752,0.22430440343286895,2.9095290340808853,0.29095290340808855,5.374601208982245,-5.907974976730891,-0.09656816352027887,0.23291806056130884,2.9886968873464825,0.2988696887346483,5.233535895554026,-6.253659851673596
89,10,Log-det,0.025208185271844,0.45592785571142286,-0.0039231167208156415,0.05727203647672123,1.3251812509679666,0.13251812509679667,9.625926234412143,-0.1967052923066903,0.00346225277966244,0.04480105436269646,1.2722544146015633,0.12722544146015632,9.753657684966571,-0.12413714425215347
89,10,Random,0.025208185271844,0.45592785571142286,0.00733324914558078,0.14875887054370485,1.9348211121790335,0.19348211121790332,7.653343230096649,-1.66716407332554,0.008403152299498139,0.14367408093924494,1.8963758774212478,0.18963758774212477,7.772287993734933,-1.5454523146786239
89,20,Paper (published),0.025208185271844,0.45592785571142286,0.011203632473372145,0.08467246015382487,1.8109427374451146,0.09054713687225571,16.49337954739785,-2.292893508864495,0.01061663239635078,0.08382455686644125,1.7738350670488767,0.08869175335244382,16.530973975349113,-2.3484575526280196
89,20,Paper + swap,0.025208185271844,0.45592785571142286,0.01883297670000379,0.08729819499729354,1.7658235429051476,0.0882911771452574,16.149737563542512,-2.692363348352493,0.017003870901238168,0.0863036674548991,1.7178379490751685,0.08589189745375846,16.21733784568031,-2.7219342298319136
89,20,Max diversity |rho|,0.025208185271844,0.45592785571142286,0.00865009087351241,0.07173974460895641,1.8997833240179234,0.09498916620089615,16.95365203849933,-1.8195732285557953,0.005950621328141059,0.0647002697846181,1.727012372882597,0.08635061864412985,17.346364184497393,-1.6460583973771887
89,20,Max diversity rho,0.025208185271844,0.45592785571142286,-0.04655904085857715,0.2414670255300191,5.236842297623571,0.26184211488117853,7.439166257492695,-17.57425029282877,-0.04739389019665433,0.2442004832933487,5.339340320768003,0.26696701603840023,7.269912763395359,-18.040391302472166
89,20,Log-det,0.025208185271844,0.45592785571142286,0.015469359862192762,0.07138719810252785,1.7898053309547903,0.08949026654773953,17.44169667846596,-1.4153775935737714,0.014113963604107362,0.06923807206132683,1.7417829664924809,0.08708914832462407,17.535925759159557,-1.39452391854056
89,20,Random,0.025208185271844,0.45592785571142286,0.004760842646131476,0.1665340922611678,3.466445145210542,0.1733222572605271,11.059672615630813,-8.037380723731403,0.002027016065888532,0.17175147254157486,3.592799940044113,0.17963999700220568,10.745806916804199,-8.516934450307748
89,50,Paper (published),0.025208185271844,0.45592785571142286,0.011992746849720437,0.10680168664803297,3.4206484286786596,0.0684129685735732,26.25955306003467,-18.86297212069837,0.011962945045211327,0.10755641252741559,3.1563925993941684,0.06312785198788337,26.09185354310255,-20.03042589382822
89,50,Paper + swap,0.025208185271844,0.45592785571142286,0.014196017924500271,0.10472428878263326,3.240835363885711,0.06481670727771421,26.636477254252824,-18.483583791234295,0.013933859097270518,0.10655075173733329,3.0860499520060443,0.061720999040120884,26.23387098487244,-19.802674462438038
89,50,Max diversity |rho|,0.025208185271844,0.45592785571142286,0.013677666247389794,0.0918083888466476,3.534411902825943,0.07068823805651887,29.079472190534577,-13.449107562509413,0.010378660269156239,0.09155563451058621,3.2574128624756744,0.0651482572495135,28.97395149885023,-14.46874580551713
89,50,Max diversity rho,0.025208185271844,0.45592785571142286,-0.01788011500877171,0.20769146408200315,6.796918145694239,0.13593836291388478,11.616756972071775,-68.9234442972602,-0.018534009835480543,0.20860835794416255,6.6204965558734,0.13240993111746804,11.553825901624174,-70.67509870835778
89,50,Log-det,0.025208185271844,0.45592785571142286,0.012058344022593162,0.09548367784720667,4.074484405790521,0.08148968811581041,29.471696279111818,-11.814729289775078,0.011025293097808229,0.097634519896804,3.890781578960479,0.07781563157920957,28.92305826758068,-12.990948459199588
89,50,Random,0.025208185271844,0.45592785571142286,0.015234190535697096,0.1632599736683869,6.004924922075233,0.12009849844150468,16.25190531890506,-38.75922895999888,0.013663901322761086,0.16678971895323855,6.1126933329210535,0.12225386665842106,15.809341921781506,-40.866490661131586
90,10,Paper (published),0.25913440576394575,0.1562244488977956,0.00931346478095803,0.05655613015480723,1.3677503002708988,0.13677503002708982,9.486136698613459,-0.27967191330342245,-0.005308961757941449,0.05805614446668584,1.3098837479052274,0.13098837479052278,9.474682983125438,-0.2953522415219455
90,10,Paper + swap,0.25913440576394575,0.1562244488977956,0.012717274230062291,0.06272838072215255,1.3640271016966832,0.13640271016966837,9.416721688417935,-0.3337550470619696,0.0030074248092001425,0.0595371411363752,1.2661048993314539,0.12661048993314544,9.492136474917393,-0.29442155019554134
90,10,Max diversity |rho|,0.25913440576394575,0.1562244488977956,0.016463615211186697,0.05106977225015321,1.3202585209677584,0.13202585209677586,9.624449177607447,-0.1981446284313067,0.011331621170618762,0.04234450732341628,1.2825820939457784,0.12825820939457783,9.71320937906285,-0.14778848499694577
90,10,Max diversity rho,0.25913440576394575,0.1562244488977956,-0.09420168580114506,0.357364766764451,4.463966175885833,0.4463966175885833,4.025284502750626,-5.207680552163805,-0.09518172255568288,0.3417573348722084,4.283437041968167,0.4283437041968168,4.251756671335871,-4.918767871879306
90,10,Log-det,0.25913440576394575,0.1562244488977956,0.022977539056278782,0.043905225260144835,1.2879353144942107,0.12879353144942107,9.696612410235915,-0.16072524055461462,0.014310273062572808,0.04426443404758621,1.2529676516797008,0.12529676516797,9.727780034708955,-0.1439856416163992
90,10,Random,0.25913440576394575,0.1562244488977956,0.07890591877921357,0.18386811848761622,2.798627321662118,0.2798627321662118,6.805412515774783,-1.8296680931051492,0.08501363368212557,0.18074452128970517,2.7807842589920355,0.2780784258992036,6.808062592142496,-1.8470191008772434
90,20,Paper (published),0.25913440576394575,0.1562244488977956,0.01469060682590417,0.08892167318203159,1.8541136013652384,0.09270568006826192,16.09639451393531,-2.8217240187641925,0.0037063114380512154,0.08781975429470065,1.76776026901741,0.08838801345087052,16.293310897285384,-2.7093570746469813
90,20,Paper + swap,0.25913440576394575,0.1562244488977956,0.010069975961436398,0.08743914475635538,1.858383681224526,0.0929191840612263,16.100727214309625,-2.805718918833026,0.0008225570939472071,0.08539040702515785,1.6844022264160794,0.08422011132080395,16.308019390787052,-2.7251159284295605
90,20,Max diversity |rho|,0.25913440576394575,0.1562244488977956,0.019240396837546223,0.07237990729058577,1.7613555545679973,0.08806777772839987,16.785474253673893,-2.1562993165317526,0.012563880982884813,0.07113449821039412,1.7644283947344548,0.0882214197367227,16.916386281095416,-2.127706403558739
90,20,Max diversity rho,0.25913440576394575,0.1562244488977956,-0.045647255281466265,0.23769243064849604,5.868424852186278,0.29342124260931396,7.398679671895244,-12.451234304292873,-0.046477547261112875,0.23387675798588128,5.6405385120774785,0.2820269256038741,7.700360598612395,-12.283386064155284
90,20,Log-det,0.25913440576394575,0.1562244488977956,0.014581424707255389,0.07599541225036253,1.7821760515815877,0.08910880257907938,16.988740344579526,-1.8733364650994637,0.007731011829312429,0.07438405179105659,1.7650814408502786,0.08825407204251391,17.084001440850273,-1.822813936373847
90,20,Random,0.25913440576394575,0.1562244488977956,0.24444369829962231,0.270061491192976,6.969711872089464,0.3484855936044731,6.502557825589818,-9.821957527427713,0.23533787951355184,0.2695330711458564,6.911934081331172,0.3455967040665586,6.540947604907058,-9.795887204640788
90,50,Paper (published),0.25913440576394575,0.1562244488977956,0.018404934257878498,0.1090103143352917,3.4415275507710694,0.0688305510154214,25.93017055970454,-25.35457314749434,0.013287782939044679,0.1082701880551192,3.1104231478628823,0.06220846295725765,26.063947622559507,-26.181125073357777
90,50,Paper + swap,0.25913440576394575,0.1562244488977956,0.01810036802273498,0.10899966003348345,3.472463482305113,0.06944926964610226,25.976456127485992,-24.991695745781815,0.013704523713181678,0.1078433336994677,3.0647974374917855,0.06129594874983571,26.132578072402758,-25.882143667224124
90,50,Max diversity |rho|,0.25913440576394575,0.1562244488977956,0.016365220947818684,0.1017662611914892,3.6005873154141104,0.07201174630828219,26.81317523629031,-21.87926697778804,0.013099293418640743,0.1017509271894908,3.434061478938976,0.06868122957877952,26.787582955025396,-22.941128831548617
90,50,Max diversity rho,0.25913440576394575,0.1562244488977956,-0.014931722359362463,0.16063562966877823,7.636152764174826,0.1527230552834965,16.25454847804004,-38.40373504981575,-0.016053703676987736,0.16089212129387548,7.446371288271475,0.14892742576542947,16.422369122801697,-39.33571987219461
90,50,Log-det,0.25913440576394575,0.1562244488977956,0.025497828368649795,0.11014100440152702,5.215089335149781,0.10430178670299561,25.06904040727948,-19.954566494726148,0.021834919161004135,0.11058627343533113,5.003593528826984,0.10007187057653968,25.176072417316185,-20.646566896886718
90,50,Random,0.25913440576394575,0.1562244488977956,0.3246762661527882,0.3392279604935293,19.17816398448842,0.38356327968976844,6.057861998617704,-52.61543068596079,0.30959404528561013,0.3262726979752027,18.471044057823413,0.3694208811564684,6.41894467286003,-53.22959904526462
91,10,Paper (published),0.006947756873812646,0.4933787575150301,0.0003164580035566094,0.030117194667478347,1.1993904102553368,0.11993904102553372,9.876598674972941,-0.06243316735760586,-0.005638702786672931,0.030127140821509194,1.1667256034740896,0.11667256034740899,9.867030167288217,-0.07046084064956648
91,10,Paper + swap,0.006947756873812646,0.4933787575150301,-0.007701877603674325,0.028301359907224263,1.1997391303014917,0.11997391303014915,9.878825759415683,-0.06114405026057227,-0.0004638016287904556,0.028901343022057796,1.1311202101704898,0.11311202101704894,9.889445343267388,-0.06008042739041242
91,10,Max diversity |rho|,0.006947756873812646,0.4933787575150301,0.0020916396168964503,0.02462444762823794,1.190067249423564,0.11900672494235638,9.91410111757252,-0.042253420757375024,-0.00017936429375784216,0.018478822899236223,1.1351130516468584,0.11351130516468586,9.953111848831783,-0.023189730184377533
91,10,Max diversity rho,0.006947756873812646,0.4933787575150301,-0.0980160981000847,0.2432781149397223,2.982764590928125,0.29827645909281253,5.111442096173982,-7.352738675410661,-0.09899499946513496,0.24896371013644203,3.0784202578036037,0.3078420257803604,5.095103027862114,-7.335319132860245
91,10,Log-det,0.006947756873812646,0.4933787575150301,0.0020916396168964503,0.02462444762823794,1.190067249423564,0.11900672494235638,9.91410111757252,-0.042253420757375024,-0.00017936429375784216,0.018478822899236223,1.1351130516468584,0.11351130516468586,9.953111848831783,-0.023189730184377533
91,10,Random,0.006947756873812646,0.4933787575150301,-0.020809953002147902,0.18883207401640384,2.9278643718410517,0.29278643718410524,6.239290980535445,-3.215615985387294,-0.02012028546030414,0.18966821411938684,2.971654935146021,0.29716549351460203,6.2012638174804415,-3.2079315361177536
91,20,Paper (published),0.006947756873812646,0.4933787575150301,0.002973552578980294,0.042919655322578,1.4501851713946408,0.07250925856973202,18.70695297917753,-0.7351000913840391,0.004720113034467784,0.04843944752944215,1.4698711225689205,0.07349355612844605,18.46895729371307,-0.8870276864900307
91,20,Paper + swap,0.006947756873812646,0.4933787575150301,0.0035616684846518113,0.04466643101366685,1.456296366774613,0.07281481833873066,18.646012295406077,-0.7668461670372781,0.005093661933190719,0.04895482044664221,1.468009222857084,0.0734004611428542,18.457059136609665,-0.8946510166270573
91,20,Max diversity |rho|,0.006947756873812646,0.4933787575150301,0.006862516116702609,0.03459816011929274,1.5012159618545817,0.0750607980927291,19.079003228056106,-0.4607577019387602,0.004833095835056924,0.03659470274549652,1.543359654485942,0.07716798272429712,19.04654115536509,-0.49130806103212193
91,20,Max diversity rho,0.006947756873812646,0.4933787575150301,-0.04708927312380212,0.23063833612520784,4.777615851379986,0.23888079256899922,6.974468942503117,-21.458086736089363,-0.047769715528422636,0.23612928257371757,4.849636378578219,0.2424818189289109,6.909267267401637,-21.749923360677574
91,20,Log-det,0.006947756873812646,0.4933787575150301,0.0007704462442454631,0.03464865135972319,1.5133328145106275,0.07566664072553139,19.167754992376192,-0.41369334394469487,0.00048146842749417816,0.03771484614419747,1.4510811655356979,0.0725540582767849,19.182595801758826,-0.41599480951981327
91,20,Random,0.006947756873812646,0.4933787575150301,-0.0052206622024408445,0.14930801743931724,3.744539365727535,0.18722696828637675,11.023631013705431,-7.038140531614713,-0.006829390133210293,0.15439745561049573,3.79541661341069,0.18977083067053452,10.871436141028758,-7.166076318215688
91,50,Paper (published),0.006947756873812646,0.4933787575150301,0.0008644661751379773,0.05971427975581396,2.535210285043162,0.05070420570086326,35.03313563679587,-9.82181884239044,-0.00013968958392729987,0.06458444761824711,2.439094095296017,0.04878188190592035,34.319777902177975,-11.13095167340353
91,50,Paper + swap,0.006947756873812646,0.4933787575150301,0.0010713342418586698,0.05957777694536583,2.61061383273042,0.05221227665460841,35.4015285131588,-9.04969054431681,0.00033695610885195796,0.06388673136526411,2.414594526015594,0.04829189052031189,34.80741061970958,-10.212228745792494
91,50,Max diversity |rho|,0.006947756873812646,0.4933787575150301,-0.002814705813426303,0.052338185755525554,2.683638736097711,0.05367277472195422,34.8752874267346,-9.553775171674838,-0.0026013935499746605,0.056997408568905734,2.6631394057193076,0.05326278811438616,34.49407768157014,-10.380609587416549
91,50,Max diversity rho,0.006947756873812646,0.4933787575150301,-0.01714678356456172,0.19140153317885775,8.083040476105834,0.1616608095221167,11.87518584124834,-60.14930951923473,-0.018033721410705656,0.1931762970761773,8.298044178166588,0.16596088356333172,11.699254609015775,-62.08710623611675
91,50,Log-det,0.006947756873812646,0.4933787575150301,-0.0018343066425526957,0.06405960911524614,3.4015830219848215,0.06803166043969644,36.823372090099525,-5.647495173575145,-0.0007692750584461932,0.06654889127546465,3.1721282534622848,0.06344256506924568,36.42897047687961,-6.658162684587867
91,50,Random,0.006947756873812646,0.4933787575150301,0.009471603124937743,0.14569334559160585,6.67911966354772,0.1335823932709544,16.712108116955683,-37.47608047297799,0.009005090236160645,0.1525012218795455,7.128186093296577,0.14256372186593155,16.03007810422875,-39.134418340161254
92,10,Paper (published),0.014785828457652729,0.4711503006012024,0.0035249584504238145,0.049569880212844905,1.2738298045210137,0.1273829804521014,9.665628984430345,-0.18504797581447752,0.01230424660380548,0.044622361308898136,1.2314178601326498,0.12314178601326502,9.733889131883117,-0.15039477762937886
92,10,Paper + swap,0.014785828457652729,0.4711503006012024,0.012845497521588641,0.05368947035990638,1.3108609530449338,0.1310860953044934,9.598157324729275,-0.21949105383146444,0.015110450652658486,0.04135262401541891,1.2075175980609651,0.12075175980609654,9.766471348750258,-0.1284554098440508
92,10,Max diversity |rho|,0.014785828457652729,0.4711503006012024,-0.006494462401628403,0.045329943277361125,1.286633919589306,0.1286633919589306,9.733149806377916,-0.13536754521946776,-0.004652218952759822,0.03628683386564691,1.223268423876756,0.12232684238767554,9.798519628352283,-0.10525640444348192
92,10,Max diversity rho,0.014785828457652729,0.4711503006012024,-0.08982946631170997,0.17246360617846587,2.2408361796331673,0.2240836179633167,7.191537122771181,-2.5142277954447882,-0.09138803827707999,0.17728722300980881,2.250553544282439,0.22505535442824393,7.0615266074768295,-2.666028899084016
92,10,Log-det,0.014785828457652729,0.4711503006012024,-0.005368432369659151,0.045065355254207656,1.2633254346779679,0.1263325434677968,9.737718090925862,-0.1397331815594759,-0.0034680748779841713,0.042815211518856186,1.3039656378031128,0.13039656378031128,9.738105774737738,-0.13474360266225172
92,10,Random,0.014785828457652729,0.4711503006012024,-0.006159495136852402,0.1463514119971352,2.112071208713973,0.21120712087139726,7.774137922318719,-1.5125163452903991,-0.0075794376988913585,0.15119284446969508,2.119332014288014,0.21193320142880143,7.7739341670724125,-1.5370007489934356
92,20,Paper (published),0.014785828457652729,0.4711503006012024,0.00821924530112877,0.07821217362338975,1.8107237418715405,0.09053618709357704,16.87550695386411,-2.128605006969683,0.009867670177782421,0.07534874678837873,1.673733257407218,0.08368666287036093,16.945616307144736,-2.188756357933683
92,20,Paper + swap,0.014785828457652729,0.4711503006012024,0.008365125159063952,0.08109693933782786,1.7157051278918112,0.08578525639459054,16.79883149696957,-2.263021922411509,0.009702536176670865,0.0800945507122919,1.643828700606103,0.08219143503030517,16.72963933114158,-2.4133272651321116
92,20,Max diversity |rho|,0.014785828457652729,0.4711503006012024,0.019415658636097108,0.061631133855315136,1.7836567502787133,0.08918283751393566,17.728255122951367,-1.368694494761389,0.015285873168972222,0.06011712537225163,1.7811563206372178,0.08905781603186091,17.788359534109883,-1.328215519566249
92,20,Max diversity rho,0.014785828457652729,0.4711503006012024,-0.04371238139480455,0.15012344845877998,2.9654612342316495,0.14827306171158242,11.824963100390253,-7.743081552235528,-0.04466797025289772,0.15502821519852567,3.152452903028281,0.15762264515141405,11.564087290367576,-8.083985507632905
92,20,Log-det,0.014785828457652729,0.4711503006012024,-0.0012827741348855877,0.06886940160359235,1.80775910805126,0.09038795540256298,17.529247586251525,-1.4227805119307686,-5.044015970098999e-05,0.0639348740756019,1.7219043267846907,0.08609521633923453,17.87685891209087,-1.214111519994179
92,20,Random,0.014785828457652729,0.4711503006012024,0.028610054404322696,0.15027005878257355,2.855583216316246,0.14277916081581227,12.229927261480496,-7.57725799594287,0.02442847384838407,0.1540396768079408,2.885073295780787,0.14425366478903942,12.061743312890822,-8.012926324051577
92,50,Paper (published),0.014785828457652729,0.4711503006012024,0.006996411163212951,0.09911996577788795,3.1489318759315843,0.06297863751863168,28.47179234209955,-20.143503454467393,0.007530830713320787,0.09843213455012788,2.744230919735622,0.054884618394712426,28.381073377751154,-21.43004272369612
92,50,Paper + swap,0.014785828457652729,0.4711503006012024,0.00918649382963087,0.09833354130871373,2.9628662262753678,0.05925732452550737,28.730654643888617,-20.003978192048166,0.009094761463147803,0.09797279872995007,2.7029001802174535,0.05405800360434907,28.595152764037394,-21.221062514796074
92,50,Max diversity |rho|,0.014785828457652729,0.4711503006012024,0.011750482283490201,0.08615144962940308,3.153124775326284,0.06306249550652569,30.624274826968726,-15.582907255694211,0.010262311823609323,0.08521891890409168,2.9858600888686997,0.059717201777373996,30.831586627260876,-16.481864623975152
92,50,Max diversity rho,0.014785828457652729,0.4711503006012024,-0.016857637275685924,0.15614432353939403,6.270067061478958,0.12540134122957913,17.487973311801554,-41.8968453856113,-0.01760031024828857,0.15795873328984955,6.385879722641764,0.12771759445283531,17.281775015145296,-43.77579331575883
92,50,Log-det,0.014785828457652729,0.4711503006012024,0.00843531306778636,0.09203523843191687,3.5044833561609177,0.07008966712321835,30.33528290359006,-13.368095898645143,0.00898529251843331,0.09325467439870304,3.5261817926652785,0.07052363585330558,30.07680745848169,-14.056913261780952
92,50,Random,0.014785828457652729,0.4711503006012024,0.009501737242442285,0.13600148628505782,4.956978830432456,0.09913957660864908,20.50122931162087,-30.769129496329167,0.011186468477968746,0.13636610461186638,5.043086034056654,0.10086172068113308,20.353772267425935,-32.005023686576074
93,10,Paper (published),0.18163693993427324,0.2606012024048096,-0.0018969313358613525,0.08537786101704047,1.4904618492771848,0.14904618492771843,9.114033749777409,-0.5496005818398668,-0.005561682779713232,0.07502883538372829,1.4134905466207524,0.14134905466207529,9.21627964618277,-0.5067104844669996
93,10,Paper + swap,0.18163693993427324,0.2606012024048096,0.02026231163811029,0.07696356703620803,1.4236757849826744,0.1423675784982674,9.270013694290483,-0.4394773101581567,0.016522981101743953,0.0686880357282553,1.315000173676182,0.1315000173676182,9.353337973244399,-0.4072057572332378
93,10,Max diversity |rho|,0.18163693993427324,0.2606012024048096,-0.006956301753071124,0.06078351076207712,1.42701035832713,0.142701035832713,9.493776341059268,-0.2651087072623203,-0.005667876604204676,0.048938256158998744,1.3682154438554237,0.13682154438554237,9.606304325308148,-0.2074818227065489
93,10,Max diversity rho,0.18163693993427324,0.2606012024048096,-0.09952404337417278,0.45219512820302826,5.177579966423376,0.5177579966423373,3.234017122433647,-6.982815029962491,-0.09983504404544108,0.46497992180331876,5.268722548298091,0.526872254829809,3.151226446669989,-7.220733084874078
93,10,Log-det,0.18163693993427324,0.2606012024048096,0.0182643378843156,0.06619170881956347,1.3850586694318823,0.13850586694318823,9.468647051261604,-0.27632009219387127,0.015335726205856328,0.05450779570667149,1.402010601273944,0.14020106012739433,9.586240109090756,-0.21415994752948814
93,10,Random,0.18163693993427324,0.2606012024048096,0.10411948787173347,0.3503248072949652,4.407705464731812,0.44077054647318137,4.170692526083069,-4.49414551115287,0.13250148223956676,0.3569341506843007,4.464826717118461,0.446482671711846,4.08285204197254,-4.75894776973632
93,20,Paper (published),0.18163693993427324,0.2606012024048096,0.0023397116677266144,0.10106303035704546,2.059843414005894,0.10299217070029469,15.261394054032332,-3.3007308896601377,0.0031406445569427985,0.0988244304822237,1.9413244665692018,0.0970662233284601,15.413774775861965,-3.3360348251113514
93,20,Paper + swap,0.18163693993427324,0.2606012024048096,0.010648323636439593,0.09765079348580125,1.916852784045776,0.09584263920228879,15.42752780639245,-3.2933076669928756,0.01308103175526149,0.09722532577330106,1.8521160999114261,0.09260580499557132,15.5234320406096,-3.2661407459327805
93,20,Max diversity |rho|,0.18163693993427324,0.2606012024048096,0.013725580072808413,0.0840540621610755,2.0460277733361187,0.1023013886668059,16.133565032425818,-2.372586419978528,0.011807777655503665,0.07884228999224963,1.8798152532353622,0.09399076266176809,16.396138282921815,-2.267369880179211
93,20,Max diversity rho,0.18163693993427324,0.2606012024048096,-0.04672297230648469,0.40241077027325745,8.767827716094356,0.43839138580471754,4.415720568879815,-17.398475453946425,-0.04762574934818089,0.39767917376131173,8.689598207451748,0.4344799103725876,4.472318181353762,-17.50523175019322
93,20,Log-det,0.18163693993427324,0.2606012024048096,0.020272516730537073,0.09213217342500574,2.4451033130117734,0.12225516565058865,15.81222674115891,-2.309765027417205,0.02315961488304856,0.08395623833482238,2.2523760151256496,0.11261880075628246,16.489796005500505,-1.911549584088897
93,20,Random,0.18163693993427324,0.2606012024048096,0.2011279962175075,0.37429938218186143,8.32150997685611,0.4160754988428053,4.797337373479322,-14.14545769571884,0.1976551952292871,0.37241518651503425,8.268743798862587,0.4134371899431292,4.832059602123268,-14.290916093257747
93,50,Paper (published),0.18163693993427324,0.2606012024048096,0.006158173184714269,0.12292731500208494,4.270642117321963,0.08541284234643924,22.901747546142747,-24.473208580042368,0.008146098443141576,0.12126978839672546,3.966339921879432,0.07932679843758866,23.25342789392352,-25.36177997881851
93,50,Paper + swap,0.18163693993427324,0.2606012024048096,0.016408840678158728,0.12323864334996601,4.310597069915072,0.08621194139830146,22.879633146418918,-24.46749498155058,0.019136231621828065,0.12229199715996174,3.858916225759246,0.07717832451518493,23.120805494745014,-25.398721546704742
93,50,Max diversity |rho|,0.18163693993427324,0.2606012024048096,0.029619435841727132,0.1155372726436729,4.884155347983791,0.09768310695967579,24.5901235015418,-19.088312749752504,0.03233698132529035,0.11169638456373544,4.467994323340925,0.08935988646681851,25.149940123342077,-20.04190904916167
93,50,Max diversity rho,0.18163693993427324,0.2606012024048096,-0.017944012753198336,0.33121424419673867,18.008764323132702,0.36017528646265395,6.326278120940659,-60.70627233831763,-0.0185328443479074,0.33469816917420653,18.20467563194356,0.3640935126388712,6.223665361296251,-62.68008279495926
93,50,Log-det,0.18163693993427324,0.2606012024048096,0.062200311036886245,0.13412430640508008,7.328344596800065,0.14656689193600125,21.51339838887207,-16.509549474032422,0.06046135590908692,0.12743320049791107,6.723509008656153,0.13447018017312307,22.76700473704294,-16.62843504778022
93,50,Random,0.18163693993427324,0.2606012024048096,0.22617359780701288,0.33415123870128144,18.54064878350787,0.3708129756701574,6.292088477970518,-48.368756343921035,0.22993054515684583,0.33682064355717717,18.672603605064097,0.3734520721012819,6.211908796301493,-50.255820214783824
94,10,Paper (published),0.07633461968295101,0.3916312625250501,-0.01575560250615683,0.042536812163021395,1.2667147365903144,0.12667147365903145,9.768845558213458,-0.12162834089980745,-0.003068025918794088,0.041879066569955534,1.2317790969666833,0.12317790969666835,9.775387693995407,-0.11762382163210924
94,10,Paper + swap,0.07633461968295101,0.3916312625250501,-0.00975112279735711,0.04756485297205412,1.3338269600178554,0.13338269600178548,9.69254122685047,-0.15859435508954972,-0.0017390021418980642,0.03960289593095907,1.2013632480405305,0.12013632480405312,9.797225977080146,-0.10515382097977778
94,10,Max diversity |rho|,0.07633461968295101,0.3916312625250501,0.0034487778133891417,0.04443736145481307,1.2848986024322966,0.12848986024322961,9.67251068986087,-0.1729292549544244,0.006242321878769833,0.03287541271175868,1.2195288652304246,0.12195288652304244,9.834163349919544,-0.08441730102977235
94,10,Max diversity rho,0.07633461968295101,0.3916312625250501,-0.09841032074743736,0.46650081905002916,5.33206785967336,0.5332067859673363,3.103129042512237,-7.704851069090836,-0.09948890122745212,0.46345393658968703,5.301075091605695,0.5301075091605693,3.1235517764249874,-7.827710190504374
94,10,Log-det,0.07633461968295101,0.3916312625250501,0.004280159783366523,0.037681522897525965,1.2578570325586893,0.12578570325586894,9.787563225478145,-0.10527443959804472,0.0038117319828770706,0.03700783023767803,1.2483779308024143,0.12483779308024145,9.835055961485027,-0.08183751179811267
94,10,Random,0.07633461968295101,0.3916312625250501,0.15376819831826008,0.18627002750818766,2.6811718445801533,0.26811718445801536,6.885975324469228,-1.8678194812864901,0.16211753215799016,0.19337310372378744,2.7615934216518774,0.27615934216518767,6.6888940449815895,-2.0475088623288507
94,20,Paper (published),0.07633461968295101,0.3916312625250501,0.01537084498448088,0.059435603172375305,1.6045332012533005,0.08022666006266502,18.04035127532832,-1.093899251698582,0.015540927378860338,0.06026800525507714,1.5589050123100838,0.07794525061550422,18.02397944655843,-1.1631338512555078
94,20,Paper + swap,0.07633461968295101,0.3916312625250501,0.012906551044140744,0.058673026791375975,1.6601181092179664,0.08300590546089831,17.93182521820138,-1.1468200530842987,0.014932482892112665,0.05927585036865582,1.518382059941813,0.07591910299709065,18.09536573763144,-1.081599102549323
94,20,Max diversity |rho|,0.07633461968295101,0.3916312625250501,0.006100336394273821,0.04943142227012038,1.6741302999817345,0.08370651499908673,18.33523129890843,-0.8367742782758478,0.008360431920952711,0.05160869718400564,1.6334083467981608,0.08167041733990801,18.320337841954498,-0.8792944501553526
94,20,Max diversity rho,0.07633461968295101,0.3916312625250501,-0.046426991050045587,0.32743982633128027,7.558326325495631,0.37791631627478156,5.404142849254354,-16.239086907343825,-0.04801838228813123,0.32681543246748124,7.4503021536838485,0.3725151076841925,5.426511528789328,-16.9187312482198
94,20,Log-det,0.07633461968295101,0.3916312625250501,0.008281522548026086,0.0507923267258352,1.6167525417441986,0.08083762708720992,18.468860955364296,-0.765359491810689,0.00974244174217516,0.05194201926628902,1.5376393502842016,0.07688196751421009,18.503688338801336,-0.7748787570490242
94,20,Random,0.07633461968295101,0.3916312625250501,0.09971086375643021,0.24701631400470123,6.352436585665318,0.31762182928326577,7.267183784251617,-9.608932902270803,0.10218073632660435,0.2464426073573153,6.285126566990675,0.3142563283495337,7.344818575491674,-9.627454097412175
94,50,Paper (published),0.07633461968295101,0.3916312625250501,0.01050069543210366,0.07902790054618809,2.933463295128412,0.05866926590256825,32.11642897898846,-12.368852610061255,0.009571127992734605,0.08437077820564547,2.9224341819872253,0.05844868363974449,31.08308379689165,-14.062386976049215
94,50,Paper + swap,0.07633461968295101,0.3916312625250501,0.006377750317382442,0.08107251976003067,2.9514043048137895,0.0590280860962758,31.592806887214937,-12.907812514505771,0.005682650602589429,0.08616179048416134,2.83632202530715,0.05672644050614301,30.626206676436528,-14.535702417807446
94,50,Max diversity |rho|,0.07633461968295101,0.3916312625250501,0.009865741751000256,0.07442220108426585,3.055875288851677,0.06111750577703352,32.177964179275854,-11.922603790907523,0.008585511957004443,0.07850985875275455,3.141783597467388,0.06283567194934776,31.513490114622673,-13.021632962264977
94,50,Max diversity rho,0.07633461968295101,0.3916312625250501,-0.017332618133069473,0.31337045062003727,17.65010756873898,0.35300215137477964,6.639361706893931,-56.41306063684736,-0.018471425744573697,0.3171970562126354,17.773940213157843,0.355478804263157,6.522382885518165,-58.92738846892145
94,50,Log-det,0.07633461968295101,0.3916312625250501,0.026751451384338935,0.0814563835076799,3.9010699311626125,0.07802139862325223,31.89226968796288,-10.198159175854343,0.02670771186139477,0.08458888386020975,3.7845714559904753,0.07569142911980951,31.326931339651725,-11.254972219724342
94,50,Random,0.07633461968295101,0.3916312625250501,0.01463542832598381,0.25293571396293735,14.43799208607697,0.28875984172153935,9.133286884521048,-41.02643537474965,0.017353655302653006,0.2628246107395331,14.898683410706706,0.29797366821413407,8.654147615519856,-43.68709296023245
95,10,Paper (published),0.15335519719882107,0.371062124248497,0.0013886572005640274,0.016378833276524455,1.1284797016676062,0.11284797016676064,9.957606771159769,-0.020659933089000767,0.0026769851744561663,0.022129584331348862,1.1147868038166608,0.11147868038166607,9.930903154016594,-0.03581754454541665
95,10,Paper + swap,0.15335519719882107,0.371062124248497,0.0024385152610445246,0.018239063439495284,1.1497379048226894,0.1149737904822689,9.9513616277621,-0.02349570991213725,0.004219540199861742,0.0206765954496479,1.098316088167231,0.10983160881672308,9.934987028953895,-0.03399216899624779
95,10,Max diversity |rho|,0.15335519719882107,0.371062124248497,-0.0019361552053698636,0.016708151170865167,1.1313563592557863,0.11313563592557863,9.960447581410328,-0.019062401505566165,0.004718454324814396,0.01378563605798674,1.111530000692413,0.11115300006924131,9.970060550874434,-0.014914036812995975
95,10,Max diversity rho,0.15335519719882107,0.371062124248497,-0.10383723852984503,0.6079214799366522,6.820007618759691,0.6820007618759691,1.9988674199059113,-16.31093372596125,-0.10443637792382275,0.6157077946583132,6.835948014027288,0.6835948014027285,1.9939316788192996,-16.304739955701223
95,10,Log-det,0.15335519719882107,0.371062124248497,-0.0031111919133072854,0.01351545663757167,1.1117587030030383,0.11117587030030386,9.974430914113942,-0.012493010962766286,-0.00341149537432825,0.015195578291371806,1.0758857408781006,0.10758857408781006,9.969599295562587,-0.015356298879403167
95,10,Random,0.15335519719882107,0.371062124248497,0.042478480058442666,0.24096538864265576,4.060356502202378,0.40603565022023785,4.33729131328663,-6.23359083401311,0.04117437919340099,0.24670188225032333,4.0423417655080085,0.4042341765508006,4.361612176533516,-6.180489387287324
95,20,Paper (published),0.15335519719882107,0.371062124248497,0.0016555218859534795,0.021411172709848027,1.2890580732071497,0.0644529036603575,19.663402853306867,-0.16394174162876268,-0.0016690108566413356,0.031669463868894895,1.2917406095445512,0.06458703047722758,19.424201884083093,-0.30242876976291494
95,20,Paper + swap,0.15335519719882107,0.371062124248497,0.001227285314820298,0.02106059151479905,1.297175971577982,0.06485879857889909,19.69427527509654,-0.14774648069339666,0.0001228652112239756,0.031984981367299437,1.2550275181304702,0.0627513759065235,19.42561188935266,-0.30288118732511926
95,20,Max diversity |rho|,0.15335519719882107,0.371062124248497,0.0045986273795191,0.020187479558645218,1.2928352507055054,0.06464176253527526,19.716342258279305,-0.13449486592644572,0.0017744975171835756,0.025456310878040206,1.2586084755303495,0.06293042377651749,19.6114372484967,-0.20248688592007566
95,20,Max diversity rho,0.15335519719882107,0.371062124248497,-0.047983546396052075,0.4026186229292914,9.943600816877332,0.4971800408438667,3.2382442937727385,-33.90781852670711,-0.048900559235109775,0.4100504429023869,9.920633916435388,0.49603169582176954,3.2271423637887082,-34.40184574310131
95,20,Log-det,0.15335519719882107,0.371062124248497,0.0007584072043138629,0.02014657259446679,1.3023724916554664,0.0651186245827733,19.732239421439886,-0.12607191114484254,-0.00401413367421495,0.025744140977755143,1.2892189277727086,0.06446094638863545,19.605015234199527,-0.20238889397804297
95,20,Random,0.15335519719882107,0.371062124248497,0.2326321541356134,0.2718877821123714,8.378005814123615,0.4189002907061807,4.885206321500363,-13.88535651385663,0.21891091633477974,0.2759211087609406,8.288594342095525,0.41442971710477633,4.964421243868531,-13.997561590308452
95,50,Paper (published),0.15335519719882107,0.371062124248497,0.008599084622414474,0.03080102106854705,2.0441115868643442,0.04088223173728689,44.05147834908813,-3.0676777628557574,0.0073523970382161396,0.04288795185444586,2.0106020992744797,0.040212041985489604,41.89566017379158,-4.712843076553976
95,50,Paper + swap,0.15335519719882107,0.371062124248497,0.007481108804180511,0.029298704695077164,2.006147513878318,0.04012295027756636,44.05078089593288,-3.1698920590723745,0.006598647541956202,0.04184493654035736,1.9375387179958705,0.03875077435991742,42.11637967329057,-4.570071920616492
95,50,Max diversity |rho|,0.15335519719882107,0.371062124248497,0.0071852725424026605,0.028787300480885906,2.1009905062958865,0.04201981012591773,43.852057290111766,-3.2734874655731843,0.006645328343986769,0.03927059046220227,2.0944975806097585,0.04188995161219518,42.17030138826222,-4.625531256451707
95,50,Max diversity rho,0.15335519719882107,0.371062124248497,-0.015707643176412586,0.2853445901768127,16.555029867099094,0.33110059734198183,5.857632647123505,-72.67322138237725,-0.01714735358386406,0.29427908712242196,16.90032788281185,0.33800655765623727,5.730650205432955,-74.72479406989775
95,50,Log-det,0.15335519719882107,0.371062124248497,0.004390963651549177,0.033744179765634055,2.3495768072782073,0.046991536145564144,45.316879592669565,-1.8067576745923453,0.003033184349439732,0.042626744008299404,2.277698475273647,0.045553969505472934,43.65202532433508,-3.1206221302840755
95,50,Random,0.15335519719882107,0.371062124248497,0.11161159196822437,0.23672105372448005,15.510972029008492,0.31021944058016987,7.685047508685977,-47.09956468167571,0.11143040179704342,0.2427379699155934,15.657960733175301,0.313159214663506,7.562885141143453,-48.16764329075345
96,10,Paper (published),0.0048680542339443215,0.4909498997995992,-0.006710261211134634,0.04804217782185598,1.2484010681019866,0.12484010681019868,9.653562089337573,-0.20136957352991833,-0.00983708655750103,0.04620258612736621,1.2948481501257594,0.12948481501257594,9.658776612531172,-0.19041276977025637
96,10,Paper + swap,0.0048680542339443215,0.4909498997995992,-0.010137053062267304,0.04966118308149546,1.2829958028991948,0.12829958028991947,9.646968209833284,-0.19461383641035526,-0.015247954150740562,0.051322949172620175,1.2732994935035116,0.12732994935035116,9.636433648428515,-0.1978862151155545
96,10,Max diversity |rho|,0.0048680542339443215,0.4909498997995992,-0.004045619339099415,0.04205020805387985,1.311852751829783,0.13118527518297826,9.738549088334334,-0.13288034173614358,-0.0019644791418065096,0.03714673308586483,1.2177931871782057,0.12177931871782058,9.803322847550614,-0.10376642277363704
96,10,Max diversity rho,0.0048680542339443215,0.4909498997995992,-0.09119579881501444,0.21744404015146332,2.755182539775242,0.27551825397752416,6.323534095256649,-3.0336003924386037,-0.09395165774008896,0.21266295088930712,2.72766440982621,0.272766440982621,6.380341124725475,-3.1894535880574817
96,10,Log-det,0.0048680542339443215,0.4909498997995992,0.004211210019491602,0.04660416374295896,1.291379343662606,0.1291379343662606,9.71871990783129,-0.14556671664755974,0.007882749261106506,0.04207566507272363,1.2369014032672807,0.12369014032672809,9.772011581675669,-0.11717824332065559
96,10,Random,0.0048680542339443215,0.4909498997995992,-0.020384750993108092,0.1493729945984279,2.0691060449524947,0.20691060449524948,7.642126131868195,-1.6588697806251853,-0.015696383495197162,0.15187424231627306,2.1751323292457356,0.2175132329245736,7.419066001274665,-1.9363014538193308
96,20,Paper (published),0.0048680542339443215,0.4909498997995992,-0.00036575396426613153,0.07302392607817408,1.6980294259659061,0.08490147129829531,17.203606736537406,-1.9000398925945325,-0.0006122832102097748,0.07751021310382819,1.6417975386919301,0.08208987693459648,16.97678712881283,-2.091426108948224
96,20,Paper + swap,0.0048680542339443215,0.4909498997995992,0.0036888230161074695,0.07942582267182646,1.674095155533333,0.08370475777666664,16.75499225856382,-2.269265266413247,0.007601164918396843,0.08173188182141838,1.608426174474975,0.08042130872374875,16.623697993964704,-2.4360517915023006
96,20,Max diversity |rho|,0.0048680542339443215,0.4909498997995992,0.005737451608954827,0.06813605929974775,1.7212045538339555,0.08606022769169776,17.216677319896142,-1.7219242556117431,0.003913902959841003,0.0615072660916842,1.6542451739966206,0.08271225869983105,17.456716745332674,-1.5831113039256244
96,20,Max diversity rho,0.0048680542339443215,0.4909498997995992,-0.045553031456554,0.18476306621771793,4.204375114744813,0.21021875573724072,10.10013294890756,-9.896781713639472,-0.046485714348850474,0.18645395396938885,4.252817630695196,0.2126408815347597,9.88996152686201,-10.38510380926908
96,20,Log-det,0.0048680542339443215,0.4909498997995992,0.010498893844014088,0.07020411019396955,1.8852422117448426,0.09426211058724213,17.3903515321399,-1.5045600705602795,0.012039255782638798,0.06477379010075401,1.746699222759171,0.08733496113795858,17.633559157566328,-1.3752698183380667
96,20,Random,0.0048680542339443215,0.4909498997995992,0.010405276061701428,0.13838769772623208,2.937859259051131,0.14689296295255652,12.618230387178896,-5.981619036090709,0.011777539946957986,0.1459166310699074,3.172524300815989,0.1586262150407995,12.23994000886691,-6.391922892754033
96,50,Paper (published),0.0048680542339443215,0.4909498997995992,0.00436241689013456,0.09685567569198968,3.0093761869088493,0.06018752373817697,28.52226983000822,-21.73607455984578,0.003930138046993173,0.09880834661380844,2.762999157177191,0.055259983143543814,28.246117937948227,-23.00270076835369
96,50,Paper + swap,0.0048680542339443215,0.4909498997995992,0.00045677636176930775,0.0977772622477217,2.928910067962594,0.05857820135925187,28.32681192758487,-21.542262635652737,3.06720715564103e-05,0.09940029584664749,2.6979869539339543,0.053959739078679084,28.116993718832607,-22.643266729639894
96,50,Max diversity |rho|,0.0048680542339443215,0.4909498997995992,0.0031184031733455368,0.08524328302535092,3.017954238502385,0.0603590847700477,31.024629040723738,-15.248348948608669,0.006585134081469637,0.0865785927543607,2.845342521563752,0.05690685043127505,30.832774413658402,-16.209858500702257
96,50,Max diversity rho,0.0048680542339443215,0.4909498997995992,-0.017719989198203306,0.15807097672351592,5.8672682308760775,0.11734536461752157,17.101459007786257,-45.215093000688185,-0.018182376806970445,0.1607144709564414,5.956444657878632,0.11912889315757265,16.89036449368866,-46.88271083680959
96,50,Log-det,0.0048680542339443215,0.4909498997995992,0.0020114364626419123,0.08998563876226408,3.334577176430138,0.06669154352860276,30.636560892209246,-13.700222990301322,0.0023644388234973614,0.09213803521054409,3.291740022822772,0.06583480045645543,30.144818653605864,-14.690762533857443
96,50,Random,0.0048680542339443215,0.4909498997995992,0.01349094713108649,0.15091550935241732,5.352910458640099,0.107058209172802,18.424104967423272,-36.37903262940922,0.013017005756997569,0.15115567574920843,5.37498388287459,0.10749967765749181,18.29517034312922,-37.978049669358796
97,10,Paper (published),0.06552318393229395,0.39846092184368737,-0.004537488818247726,0.055629893052729085,1.3035547337542641,0.1303554733754264,9.59476591286668,-0.22342039108344466,0.009239833812365612,0.044221228490591284,1.2682355476596041,0.12682355476596036,9.654946366735413,-0.18929793653362437
97,10,Paper + swap,0.06552318393229395,0.39846092184368737,-0.0007922525608433584,0.05730155963442408,1.3136613180921077,0.13136613180921075,9.558506166724785,-0.263169781574236,0.010635101203949096,0.0497262408358948,1.253654173063642,0.12536541730636422,9.615787775276328,-0.23564061275454953
97,10,Max diversity |rho|,0.06552318393229395,0.39846092184368737,0.007703692841343944,0.03682244241375769,1.2373760377713987,0.1237376037771399,9.80090914545854,-0.10191867056407804,0.0023598445391172914,0.03444275664894504,1.2445064797349785,0.12445064797349784,9.829180994934154,-0.08543724820480991
97,10,Max diversity rho,0.06552318393229395,0.39846092184368737,-0.10092252900776957,0.2765268500359904,3.7293512246126967,0.3729351224612694,4.668779967065806,-6.3198587870479646,-0.10047276846649333,0.28112536864771215,3.8815833535812923,0.3881583353581292,4.527638157128484,-6.4217409468379305
97,10,Log-det,0.06552318393229395,0.39846092184368737,0.006094578670866911,0.046652909227674094,1.338620597367979,0.13386205973679788,9.654043432887073,-0.17830987330080883,0.0024390680054026874,0.03783077317435071,1.2457160952718387,0.12457160952718382,9.779960409158688,-0.11364508702671694
97,10,Random,0.06552318393229395,0.39846092184368737,0.1785037098828829,0.20897409302864794,3.065378641889546,0.30653786418895457,6.166033807688502,-2.6870755447133785,0.2006228815245041,0.22702859129040867,3.2249251017442333,0.32249251017442343,5.901955133612782,-2.836767471300485
97,20,Paper (published),0.06552318393229395,0.39846092184368737,0.012033590957099228,0.07226223876476792,1.7074527275571594,0.08537263637785797,16.999792782572012,-2.1903520037287567,0.015522739830850925,0.07067425635873219,1.6455885762812794,0.08227942881406394,17.056238003925607,-2.188822011806605
97,20,Paper + swap,0.06552318393229395,0.39846092184368737,0.007951680301711445,0.0755887459096921,1.7819675837797087,0.08909837918898543,16.875374248080405,-2.246600847122998,0.015356361933092396,0.07136494393038326,1.600962901927659,0.08004814509638296,17.041050314657475,-2.1802086538616723
97,20,Max diversity |rho|,0.06552318393229395,0.39846092184368737,0.003418473277447253,0.06567283057137992,1.783953842982445,0.08919769214912225,17.511596355626956,-1.3801665857475471,0.0026777655989047577,0.06096599830487491,1.7121558791617126,0.08560779395808561,17.627252703534975,-1.3684509953092334
97,20,Max diversity rho,0.06552318393229395,0.39846092184368737,-0.04671528358275741,0.23433433782146917,5.109093961846668,0.2554546980923333,7.966747221238198,-14.977637275787014,-0.04739054786930931,0.24221833025125797,5.326668812262534,0.2663334406131267,7.719137463098675,-15.203757351062333
97,20,Log-det,0.06552318393229395,0.39846092184368737,-0.002740987450281861,0.06541858535765263,1.7833111041273744,0.08916555520636872,17.766563868420757,-1.1891311598286352,-0.0015306021070203176,0.0645781989138425,1.7207104602977024,0.08603552301488512,17.855108195850956,-1.149393473717456
97,20,Random,0.06552318393229395,0.39846092184368737,0.056509422627910186,0.15359547243038807,3.2612910167233364,0.16306455083616686,11.205627509477377,-8.292720649650919,0.05573367922089654,0.15862648992104025,3.4033238712687344,0.17016619356343665,10.972236273751506,-8.555601268156027
97,50,Paper (published),0.06552318393229395,0.39846092184368737,0.016808186750361723,0.09532273060541949,3.1017035319652817,0.062034070639305654,28.30267199112334,-19.9953465927568,0.018068345655974767,0.09731072296912122,2.926661663198644,0.05853323326397289,28.037319224254134,-20.96552595168127
97,50,Paper + swap,0.06552318393229395,0.39846092184368737,0.015464928909819766,0.09432818150629445,3.0700968937237563,0.061401937874475114,28.526056322353966,-19.270170241687303,0.016849518529944207,0.0969174055596888,2.8894503937117615,0.05778900787423522,28.12511596280838,-20.425939314557713
97,50,Max diversity |rho|,0.06552318393229395,0.39846092184368737,0.00537569637799342,0.0845535306018322,2.968513322022957,0.05937026644045913,30.83128111817016,-13.791229300045508,0.006515858400400622,0.08591943902490994,3.0422407288664117,0.06084481457732825,30.454445638939376,-14.598543000750686
97,50,Max diversity rho,0.06552318393229395,0.39846092184368737,-0.017227613923582928,0.187688602408059,7.634240718058685,0.15268481436117365,13.360988852160332,-54.43587658061622,-0.01788496252420903,0.19092168062331064,8.093141356110404,0.1618628271222081,13.003812426093242,-56.62387976621414
97,50,Log-det,0.06552318393229395,0.39846092184368737,0.007101695269171421,0.09247842063289737,3.717856653559125,0.0743571330711825,29.89087226087131,-12.071202786994807,0.006315345126986361,0.09337232366177614,3.6596656814954356,0.07319331362990872,29.763771856139613,-12.786471421046977
97,50,Random,0.06552318393229395,0.39846092184368737,0.08454003139753599,0.17760299025989904,8.64860970300122,0.17297219406002437,14.465664649115674,-40.55495598259016,0.08288308799105859,0.17946262362635962,8.639442453916153,0.1727888490783231,14.230431201752749,-42.633362279856684
98,10,Paper (published),0.009380329062484816,0.482749498997996,0.007410997418663535,0.062077304920855794,1.3931405496706888,0.1393140549670689,9.42530804944097,-0.32461343759198896,0.00428679727299365,0.0596556257342551,1.3046503661696174,0.1304650366169617,9.481431919800261,-0.3121108526394478
98,10,Paper + swap,0.009380329062484816,0.482749498997996,-0.0015132069166287115,0.04948046659137339,1.3314355035796763,0.13314355035796763,9.686778127463015,-0.16076551623559684,0.006544549224488529,0.044090419340028435,1.230788401284558,0.12307884012845575,9.697374691492609,-0.16653576627264227
98,10,Max diversity |rho|,0.009380329062484816,0.482749498997996,-0.005759156994189222,0.04701902064619028,1.2846174833459183,0.12846174833459176,9.652267745378932,-0.1880449730075335,0.0006878525451151524,0.03531310308680865,1.2208396074181922,0.1220839607418193,9.801893304693708,-0.10151613748415389
98,10,Max diversity rho,0.009380329062484816,0.482749498997996,-0.09917823773993584,0.27046503138825767,3.176374053223128,0.31763740532231266,4.93197188660158,-6.696870638830645,-0.0997714530623579,0.27862334577766673,3.312151203537022,0.33121512035370215,4.844699419648026,-6.7607207965994105
98,10,Log-det,0.009380329062484816,0.482749498997996,-0.015163774244779151,0.04663112356837721,1.2726490076663906,0.12726490076663904,9.708796539439406,-0.15387644444062146,-0.010663399471547536,0.040195132631060886,1.2464632936352942,0.12464632936352942,9.782323418089112,-0.11233517305609156
98,10,Random,0.009380329062484816,0.482749498997996,0.007436237685123604,0.1613125643041614,2.436065960717094,0.24360659607170945,7.093390737147316,-2.0862988978286365,0.00652206008022822,0.16063317295596616,2.379253256966749,0.23792532569667496,7.078439569278238,-2.182374375643781
98,20,Paper (published),0.009380329062484816,0.482749498997996,-0.0011483074991484499,0.0725662580532857,1.7016556668677136,0.08508278334338565,17.296391442712693,-1.5830937559590785,-0.0037787668482187784,0.07599173684755883,1.6817660780871253,0.08408830390435626,17.11522893968918,-1.7439503480136391
98,20,Paper + swap,0.009380329062484816,0.482749498997996,-0.0011410947061890205,0.07125214597168192,1.8216203767399526,0.09108101883699765,17.14895157169492,-1.7202154804256145,-0.005264331976453917,0.07227741535224329,1.6222547985232276,0.0811127399261614,17.216014851269712,-1.7755362551127045
98,20,Max diversity |rho|,0.009380329062484816,0.482749498997996,-0.0016286058889406917,0.06154514726062655,1.6338168951255714,0.08169084475627858,17.983757710660935,-1.0978532228059383,-0.004342747991560877,0.05867775725190421,1.619918371082308,0.08099591855411545,18.114048736578816,-1.0372753281730027
98,20,Max diversity rho,0.009380329062484816,0.482749498997996,-0.04554207559026322,0.20652912930003184,3.8443373279495607,0.19221686639747806,8.870446894941763,-14.672033195617056,-0.04624304232899337,0.21358799360692243,4.011766168458002,0.2005883084229001,8.577527710872124,-15.351093868720152
98,20,Log-det,0.009380329062484816,0.482749498997996,-0.0021170811760696587,0.0619207824797219,1.656811237470005,0.08284056187350029,17.948133740129,-1.091605917834944,-0.003063806437984499,0.05996525595297821,1.636649270410814,0.08183246352054069,18.157120904725666,-0.9833063195226878
98,20,Random,0.009380329062484816,0.482749498997996,0.009818914641603662,0.16925067715515238,3.6093729398498375,0.18046864699249188,11.090618013885235,-7.695535402669092,0.007115482320459451,0.16897139098322272,3.602303507297805,0.1801151753648903,11.040941853427103,-7.890048268742041
98,50,Paper (published),0.009380329062484816,0.482749498997996,0.008105238962634735,0.08949848446132615,3.0177479406657275,0.06035495881331455,30.266089557730073,-14.463534615738414,0.0068469369569031345,0.09256788589146302,2.83661743800472,0.05673234876009439,29.7146343384921,-15.855379398302768
98,50,Paper + swap,0.009380329062484816,0.482749498997996,0.01019403962306311,0.08948179109461493,3.0869518437930803,0.0617390368758616,30.155006518387935,-14.495455345745317,0.008752957762065548,0.09250855965466391,2.7864913984776765,0.05572982796955353,29.66770481694565,-15.911189745353933
98,50,Max diversity |rho|,0.009380329062484816,0.482749498997996,0.001269412948027608,0.07898510922247436,2.9961205235814545,0.059922410471629065,32.5383144524277,-11.512429350712248,8.965859976706915e-05,0.07998886135143982,2.8387689612331446,0.05677537922466289,32.44525857239717,-12.394148512729455
98,50,Max diversity rho,0.009380329062484816,0.482749498997996,-0.01743542040486669,0.2024413661945461,7.7411792414033815,0.15482358482806763,12.356140926421578,-56.78610576102017,-0.018181926126366564,0.20624841602969057,7.966100762578887,0.15932201525157771,12.04049494784762,-58.81914668774398
98,50,Log-det,0.009380329062484816,0.482749498997996,0.0015101965221520695,0.08294035230434024,3.343882265043268,0.06687764530086539,32.328826506670495,-9.798042175482115,0.0022577771356025395,0.08373071820767368,3.321571510994549,0.06643143021989098,32.280507127665025,-10.471170499458744
98,50,Random,0.009380329062484816,0.482749498997996,0.012735216262611565,0.16312462907968447,6.83796291394598,0.1367592582789197,16.29899237816147,-35.32702493289674,0.010964775706391932,0.16761837596699075,6.921411023657143,0.1384282204731429,15.841945310959048,-37.44593564366073
99,10,Paper (published),0.018761439106885446,0.46480160320641284,-0.010224971384769117,0.053169451143812,1.350829253805638,0.13508292538056374,9.53299309218062,-0.27533818783472624,-0.008897439194654006,0.05181757715798259,1.3151818350576985,0.13151818350576988,9.567422208528795,-0.25506387070187625
99,10,Paper + swap,0.018761439106885446,0.46480160320641284,-0.014632758963464575,0.0563884576170915,1.318775879847788,0.1318775879847788,9.519383472432414,-0.2714928803951564,-0.012356325765347708,0.05019180163164739,1.2495243932428242,0.12495243932428239,9.595249016150369,-0.22902291110260126
99,10,Max diversity |rho|,0.018761439106885446,0.46480160320641284,0.0018570297625388767,0.04056047805177307,1.3320927441744603,0.13320927441744604,9.71125789799258,-0.14782095473538392,-0.00498717707624779,0.034506500132952034,1.2781873585960775,0.1278187358596078,9.80123093705484,-0.10015308618720696
99,10,Max diversity rho,0.018761439106885446,0.46480160320641284,-0.09601738481673967,0.23330472695299767,2.778305274163538,0.27783052741635383,5.898143522366645,-4.571533981990852,-0.09789662659200257,0.2327921974914396,2.7577121431065432,0.2757712143106544,5.906944413949019,-4.74162379906257
99,10,Log-det,0.018761439106885446,0.46480160320641284,0.0008480399120398428,0.037580548763185,1.2466769355221161,0.12466769355221159,9.78661852005314,-0.10985501792958573,-0.010162679374037007,0.035777881061237436,1.214043417284159,0.12140434172841592,9.825249455640977,-0.08905662545366548
99,10,Random,0.018761439106885446,0.46480160320641284,0.03517932344659554,0.17733801872364818,2.38650823174471,0.23865082317447106,7.04006010449621,-1.8699854581867577,0.03708892005909372,0.1697783447781514,2.3680245862428366,0.23680245862428376,7.102898931914135,-1.8742535828833198
99,20,Paper (published),0.018761439106885446,0.46480160320641284,-0.000646797897839667,0.08244955940455978,1.8553181501853862,0.09276590750926929,16.308588465777536,-2.6021306320085733,0.0003680206143883845,0.0807736180462096,1.7278288682345886,0.0863914434117294,16.440350610445478,-2.601609225896163
99,20,Paper + swap,0.018761439106885446,0.46480160320641284,0.0013118802441142057,0.08181901753274261,1.7974333420529511,0.08987166710264752,16.335600611945498,-2.59987373544102,0.00040963435156269733,0.08373903840410223,1.694339041026153,0.08471695205130765,16.35256900136063,-2.70329171265881
99,20,Max diversity |rho|,0.018761439106885446,0.46480160320641284,-0.006349258416353746,0.06410924182088917,1.7777337159737667,0.08888668579868832,17.123943507080096,-1.8590760240584343,-0.0058281505111749485,0.06021583773615439,1.6730632665272895,0.08365316332636451,17.32484641633791,-1.7094894085127619
99,20,Max diversity rho,0.018761439106885446,0.46480160320641284,-0.04655051031695748,0.30105713077736096,6.860102235041618,0.3430051117520808,5.550253274061991,-21.699158312941464,-0.04732166552027009,0.3101657792564361,7.137209018246711,0.35686045091233565,5.320116591533015,-22.79120237489969
99,20,Log-det,0.018761439106885446,0.46480160320641284,0.0025719106644616642,0.06522507797104213,1.798518654960781,0.08992593274803902,17.730330513174636,-1.20863598825057,-0.00014609788693114315,0.06612871452535525,1.7506697197796444,0.08753348598898224,17.748149387426153,-1.2324281645666935
99,20,Random,0.018761439106885446,0.46480160320641284,0.04943423091273563,0.16008336859446426,3.819650207757305,0.19098251038786532,11.038338641697438,-7.8901531179357915,0.05029061120468679,0.1565544295961086,3.6255155312516227,0.18127577656258118,11.173667863900661,-7.8305253904280745
99,50,Paper (published),0.018761439106885446,0.46480160320641284,0.006919423435802552,0.09549212380295158,3.2310510446501257,0.06462102089300252,27.73242078122603,-17.306182367054596,0.00463828904093839,0.09642027688191523,2.995866792339376,0.05991733584678752,27.463922361119543,-18.45899150334321
99,50,Paper + swap,0.018761439106885446,0.46480160320641284,0.006639698183260778,0.09437756045996158,3.237191322477432,0.06474382644954864,28.122612602880547,-16.339604479277934,0.004659514991829786,0.09555783367441133,2.9691913111534034,0.05938382622306806,27.855841738640855,-17.515927766969806
99,50,Max diversity |rho|,0.018761439106885446,0.46480160320641284,0.01038557196393045,0.08500355386783535,3.2150848763284614,0.06430169752656922,29.877261763053166,-13.053979445695743,0.011075424660303475,0.08552160349062052,3.2053290008709934,0.06410658001741987,29.672293244055233,-13.998284755798634
99,50,Max diversity rho,0.018761439106885446,0.46480160320641284,-0.01799463849738007,0.19233926220000944,7.185472285289718,0.14370944570579433,12.857829114039303,-67.61754360325928,-0.018633687329755663,0.19507780603186273,7.150363077871917,0.14300726155743831,12.620845761868788,-70.56779552574444
99,50,Log-det,0.018761439106885446,0.46480160320641284,0.0048245513406410204,0.09332088699611665,3.6683056640468994,0.07336611328093798,29.693789279596817,-11.517853774760374,0.004975172543831534,0.09522126562551093,3.728565729987185,0.0745713145997437,29.40361484369581,-12.291186227815958
99,50,Random,0.018761439106885446,0.46480160320641284,0.025381415584132937,0.16290690652095327,6.679235233886457,0.13358470467772918,15.99205649924288,-39.50989462190708,0.022598765899568492,0.16599478307291096,6.9158135758057195,0.1383162715161144,15.578242144595189,-41.72872010823013
